order_id,product_id,quantity,price,discount,total_price
1,148,2,2047.04,0.1,3684.67
2,277,2,3435.47,0.2,5496.75
2,224,2,1630.29,0.1,2934.52
3,20,3,670.4,0.1,1810.08
3,160,3,961.86,0.1,2597.02
3,291,3,850.79,0,2552.37
3,130,1,3052.06,0.1,2746.85
3,47,3,2238.71,0.1,6044.52
4,105,3,985.57,0.1,2661.04
4,107,3,171.93,0.1,464.21
4,273,3,4036.68,0,12110.04
4,205,1,1317.26,0.2,1053.81
4,146,3,1738.9,0.1,4695.03
5,75,2,3915.6,0.2,6264.96
5,154,1,3505.06,0.1,3154.55
5,89,3,130.17,0.2,312.41
6,158,2,3200.7,0.1,5761.26
7,107,1,171.93,0.2,137.54
7,214,3,956.15,0,2868.45
8,91,3,1308.63,0.2,3140.71
8,3,3,1407.01,0.2,3376.82
9,33,2,1950.06,0,3900.12
9,16,3,3952.33,0.1,10671.29
9,134,2,1581.19,0,3162.38
10,156,2,4614.81,0.2,7383.7
11,89,2,130.17,0.1,234.31
12,263,2,3765.62,0,7531.24
12,169,1,4666.14,0,4666.14
12,298,3,2955.32,0.1,7979.36
12,157,3,1420.43,0,4261.29
13,55,3,4758.22,0,14274.66
13,215,3,3807.34,0,11422.02
13,246,1,358.61,0.2,286.89
13,47,2,2238.71,0,4477.42
14,253,3,655.15,0,1965.45
14,185,2,1406.51,0,2813.02
14,35,3,147.11,0.2,353.06
14,111,2,132.09,0.2,211.34
14,1,3,1571.14,0,4713.42
15,86,2,4925.27,0.1,8865.49
15,173,1,3917.1,0.2,3133.68
15,266,1,1513.44,0.1,1362.1
16,252,2,3127.93,0,6255.86
16,238,1,2511.77,0,2511.77
17,90,1,183.24,0.2,146.59
17,169,1,4666.14,0.1,4199.53
17,160,1,961.86,0.1,865.67
18,223,3,3793.34,0.1,10242.02
18,92,1,1893.48,0,1893.48
18,287,3,4626.22,0.2,11102.93
19,187,3,4233.39,0.1,11430.15
19,147,2,1158.14,0,2316.28
19,239,3,3599.71,0.2,8639.3
19,229,1,1081.83,0.2,865.46
20,260,1,4129.31,0.2,3303.45
20,211,3,2468.4,0,7405.2
20,74,2,3005.42,0,6010.84
20,267,1,4752.35,0,4752.35
21,35,3,147.11,0,441.33
21,213,1,2436.3,0.2,1949.04
21,127,3,4510.8,0,13532.4
21,179,1,3748.16,0.1,3373.34
22,183,3,2480.1,0,7440.3
22,67,1,1384.47,0.1,1246.02
23,259,3,2977.48,0.1,8039.2
23,170,1,2123.49,0,2123.49
23,226,1,2658.25,0,2658.25
24,174,3,4378.44,0.2,10508.26
24,25,3,2807.38,0.2,6737.71
24,110,3,478.85,0.2,1149.24
25,24,2,4661.82,0.2,7458.91
25,219,1,134.79,0.2,107.83
26,98,2,1535.92,0.2,2457.47
26,44,2,3885.07,0,7770.14
26,12,2,1645.78,0.1,2962.4
27,131,3,2349.61,0.2,5639.06
27,288,2,4205.02,0.1,7569.04
27,245,2,4842.81,0.2,7748.5
28,262,1,579.31,0,579.31
29,204,3,2819.85,0.2,6767.64
29,239,3,3599.71,0.1,9719.22
29,20,3,670.4,0.1,1810.08
30,103,3,1726.45,0.1,4661.42
30,299,2,2527.49,0.2,4043.98
30,273,1,4036.68,0,4036.68
30,161,3,2773.7,0,8321.1
31,112,1,2686.4,0.2,2149.12
31,10,2,4384.24,0,8768.48
31,209,1,4282.34,0.1,3854.11
31,148,1,2047.04,0.2,1637.63
32,240,2,1075.21,0.2,1720.34
32,92,2,1893.48,0.2,3029.57
33,181,2,3568.87,0,7137.74
33,217,1,1838.37,0.2,1470.7
34,115,3,2411.4,0,7234.2
34,270,1,3310.85,0.2,2648.68
35,143,1,2349.66,0,2349.66
35,267,2,4752.35,0.1,8554.23
35,154,2,3505.06,0.1,6309.11
35,12,1,1645.78,0,1645.78
36,62,2,2655.9,0,5311.8
36,288,1,4205.02,0.1,3784.52
36,67,3,1384.47,0,4153.41
37,149,3,4047.23,0.2,9713.35
37,233,3,3048.45,0.2,7316.28
37,47,3,2238.71,0,6716.13
37,203,2,4122.66,0,8245.32
37,272,2,1711.82,0.2,2738.91
38,269,3,4355.56,0,13066.68
38,60,2,4674.62,0,9349.24
38,69,3,2395.28,0.1,6467.26
38,200,3,456.13,0,1368.39
39,23,2,4414.98,0,8829.96
39,141,3,1689.08,0.2,4053.79
39,157,1,1420.43,0.1,1278.39
39,230,2,1046.39,0.2,1674.22
40,127,1,4510.8,0.1,4059.72
40,79,2,2449.85,0.1,4409.73
41,297,3,4780.41,0.1,12907.11
41,275,3,1095.75,0,3287.25
41,214,3,956.15,0.2,2294.76
41,262,2,579.31,0,1158.62
42,4,1,4485.44,0.1,4036.9
42,44,2,3885.07,0.2,6216.11
43,13,3,3075.58,0.2,7381.39
43,154,3,3505.06,0,10515.18
44,54,1,954.56,0,954.56
44,199,3,1706.15,0.2,4094.76
45,289,2,1989.64,0.2,3183.42
45,238,3,2511.77,0.2,6028.25
46,101,2,3677.55,0.2,5884.08
46,93,2,4086.52,0,8173.04
47,91,3,1308.63,0.2,3140.71
47,249,3,2443.3,0.1,6596.91
47,84,3,3865.55,0,11596.65
47,197,3,3435.53,0,10306.59
47,34,2,3132.01,0,6264.02
48,274,1,2974.84,0.2,2379.87
49,184,2,3022.86,0.2,4836.58
49,224,2,1630.29,0.2,2608.46
50,68,3,998.72,0,2996.16
50,270,3,3310.85,0.1,8939.3
50,6,2,905.68,0.2,1449.09
50,3,3,1407.01,0.2,3376.82
50,157,1,1420.43,0,1420.43
51,258,2,3042.51,0.1,5476.52
51,144,3,2500.85,0.2,6002.04
52,209,3,4282.34,0.2,10277.62
53,257,3,4439.91,0.1,11987.76
53,200,1,456.13,0.1,410.52
53,253,3,655.15,0,1965.45
53,86,1,4925.27,0,4925.27
53,7,3,2977.47,0,8932.41
54,154,2,3505.06,0.1,6309.11
55,146,1,1738.9,0.1,1565.01
56,31,3,3542.58,0.2,8502.19
56,116,2,4729.75,0.2,7567.6
56,197,1,3435.53,0.2,2748.42
56,206,3,789.54,0.1,2131.76
57,26,3,1802.56,0,5407.68
58,32,3,3229.2,0.2,7750.08
58,108,3,3213.87,0.1,8677.45
59,233,2,3048.45,0.1,5487.21
60,273,3,4036.68,0.2,9688.03
60,201,2,3328.08,0.2,5324.93
61,46,1,3061.47,0.2,2449.18
61,248,1,1314.7,0.1,1183.23
61,135,2,1279.65,0,2559.3
62,268,1,4342.22,0.1,3908
62,82,1,716.07,0.1,644.46
62,174,3,4378.44,0,13135.32
62,114,3,2450.58,0.1,6616.57
62,175,3,797.23,0,2391.69
63,141,1,1689.08,0.1,1520.17
63,2,3,162.86,0.2,390.86
64,76,1,3589.68,0,3589.68
65,12,1,1645.78,0,1645.78
65,261,3,3503.75,0.1,9460.12
65,11,1,4126.24,0,4126.24
65,100,3,4054.92,0.1,10948.28
66,32,1,3229.2,0,3229.2
67,240,1,1075.21,0.1,967.69
68,233,1,3048.45,0.2,2438.76
69,231,3,671.34,0.2,1611.22
69,78,3,3855.59,0.2,9253.42
70,28,1,626.91,0.2,501.53
71,66,2,610.55,0.1,1098.99
72,47,1,2238.71,0.2,1790.97
72,108,3,3213.87,0.1,8677.45
72,121,1,2781.54,0.2,2225.23
73,202,2,1540.48,0.2,2464.77
73,144,2,2500.85,0.2,4001.36
73,272,2,1711.82,0,3423.64
73,271,3,4563.65,0.1,12321.85
74,127,2,4510.8,0.2,7217.28
74,60,1,4674.62,0,4674.62
74,257,3,4439.91,0,13319.73
74,95,3,1944.44,0,5833.32
74,256,3,340.75,0.2,817.8
75,88,1,555.9,0.1,500.31
75,28,1,626.91,0.2,501.53
76,164,2,816.74,0.2,1306.78
76,103,3,1726.45,0,5179.35
77,211,2,2468.4,0.2,3949.44
77,135,2,1279.65,0.1,2303.37
78,145,3,1799.29,0.2,4318.3
79,291,3,850.79,0.2,2041.9
79,89,1,130.17,0.1,117.15
79,270,1,3310.85,0.1,2979.76
79,53,1,4303.7,0.2,3442.96
79,213,2,2436.3,0.2,3898.08
80,89,3,130.17,0.2,312.41
80,259,2,2977.48,0.2,4763.97
80,120,3,2696.47,0,8089.41
80,199,3,1706.15,0,5118.45
81,205,3,1317.26,0.2,3161.42
81,12,1,1645.78,0.1,1481.2
81,153,2,4053.91,0.2,6486.26
81,207,1,4279.16,0,4279.16
82,22,3,3109.21,0,9327.63
82,299,2,2527.49,0,5054.98
82,205,1,1317.26,0.2,1053.81
82,287,2,4626.22,0.1,8327.2
82,136,3,835.08,0.1,2254.72
83,295,3,2343.7,0.2,5624.88
84,216,1,1354.53,0.2,1083.62
84,163,2,3977.99,0,7955.98
84,108,3,3213.87,0.2,7713.29
84,129,1,2531.28,0.1,2278.15
85,272,2,1711.82,0.2,2738.91
85,202,1,1540.48,0.1,1386.43
85,132,1,1515.14,0.1,1363.63
85,38,1,1830.1,0.1,1647.09
85,169,1,4666.14,0.2,3732.91
86,253,2,655.15,0,1310.3
86,296,3,693.33,0.1,1871.99
86,127,1,4510.8,0.2,3608.64
87,169,1,4666.14,0.1,4199.53
88,130,2,3052.06,0.2,4883.3
88,35,2,147.11,0,294.22
88,133,1,4617.75,0.1,4155.98
88,180,1,655.78,0.1,590.2
88,272,3,1711.82,0.1,4621.91
89,83,1,4022.4,0,4022.4
89,4,2,4485.44,0.1,8073.79
90,244,3,3623.71,0,10871.13
90,163,3,3977.99,0.1,10740.57
90,176,2,4859.23,0.2,7774.77
91,214,3,956.15,0.2,2294.76
91,5,1,4696.11,0.1,4226.5
91,248,1,1314.7,0,1314.7
91,107,1,171.93,0,171.93
92,171,3,226.42,0.2,543.41
92,272,1,1711.82,0.2,1369.46
92,3,3,1407.01,0,4221.03
92,211,1,2468.4,0,2468.4
93,123,3,823.42,0.1,2223.23
93,63,1,4344.14,0,4344.14
94,23,3,4414.98,0,13244.94
94,75,3,3915.6,0,11746.8
94,105,1,985.57,0.1,887.01
94,228,1,4818.58,0.1,4336.72
95,32,3,3229.2,0,9687.6
95,67,1,1384.47,0.2,1107.58
95,79,3,2449.85,0.2,5879.64
96,56,1,886.8,0,886.8
96,79,1,2449.85,0,2449.85
96,151,3,4406.48,0.2,10575.55
96,261,3,3503.75,0,10511.25
96,197,2,3435.53,0.2,5496.85
97,300,1,3405.97,0.1,3065.37
97,1,3,1571.14,0.1,4242.08
97,199,2,1706.15,0,3412.3
98,109,3,500.73,0.2,1201.75
99,191,1,2272.49,0.1,2045.24
100,266,2,1513.44,0.1,2724.19
100,144,1,2500.85,0,2500.85
100,293,3,3384.67,0,10154.01
100,12,3,1645.78,0.2,3949.87
101,284,3,1844.85,0,5534.55
101,253,1,655.15,0,655.15
101,90,1,183.24,0,183.24
101,267,2,4752.35,0.1,8554.23
101,231,2,671.34,0.2,1074.14
102,44,3,3885.07,0.2,9324.17
102,116,2,4729.75,0.2,7567.6
102,240,1,1075.21,0.1,967.69
102,136,3,835.08,0,2505.24
103,203,2,4122.66,0.2,6596.26
103,15,1,2876.77,0,2876.77
103,263,1,3765.62,0.2,3012.5
103,298,1,2955.32,0,2955.32
104,32,1,3229.2,0,3229.2
105,31,3,3542.58,0.2,8502.19
105,126,1,1025.69,0.2,820.55
105,147,2,1158.14,0.2,1853.02
105,282,1,3926.46,0.2,3141.17
105,26,1,1802.56,0.2,1442.05
106,245,2,4842.81,0.1,8717.06
106,109,3,500.73,0,1502.19
106,294,1,294.39,0.1,264.95
107,248,1,1314.7,0.1,1183.23
107,72,1,694.52,0,694.52
107,35,1,147.11,0,147.11
107,37,1,3070.15,0,3070.15
108,246,1,358.61,0.1,322.75
108,298,1,2955.32,0.2,2364.26
108,180,2,655.78,0.2,1049.25
108,161,2,2773.7,0.2,4437.92
109,39,1,1788.8,0.2,1431.04
109,190,3,1962.53,0,5887.59
109,170,2,2123.49,0.1,3822.28
109,194,1,2773.23,0.1,2495.91
109,45,3,2210.75,0.1,5969.03
110,128,2,4900.43,0,9800.86
110,36,3,649.16,0,1947.48
110,110,3,478.85,0,1436.55
111,29,1,708.63,0.2,566.9
111,77,1,3082.83,0,3082.83
112,194,1,2773.23,0,2773.23
112,125,1,1471.63,0,1471.63
112,22,2,3109.21,0.1,5596.58
112,107,2,171.93,0.1,309.47
113,241,3,4140.57,0.1,11179.54
114,244,3,3623.71,0,10871.13
114,112,1,2686.4,0.2,2149.12
114,20,1,670.4,0.2,536.32
115,13,1,3075.58,0.2,2460.46
115,131,2,2349.61,0.1,4229.3
115,288,2,4205.02,0.2,6728.03
116,177,2,1279.69,0.2,2047.5
116,207,1,4279.16,0,4279.16
117,8,1,1531.1,0.2,1224.88
117,155,2,2767.71,0.2,4428.34
118,286,3,3079.76,0,9239.28
118,94,3,2572.33,0,7716.99
118,1,3,1571.14,0.1,4242.08
118,9,2,2541.75,0,5083.5
119,165,3,1745.41,0,5236.23
119,251,2,148.83,0.2,238.13
119,273,3,4036.68,0.1,10899.04
120,78,3,3855.59,0.1,10410.09
120,134,2,1581.19,0.2,2529.9
121,273,3,4036.68,0.2,9688.03
121,219,3,134.79,0.1,363.93
121,213,2,2436.3,0.2,3898.08
121,3,3,1407.01,0,4221.03
122,273,2,4036.68,0,8073.36
122,197,2,3435.53,0,6871.06
122,165,1,1745.41,0.2,1396.33
122,26,2,1802.56,0.2,2884.1
123,135,2,1279.65,0,2559.3
123,85,3,4346.15,0.1,11734.6
123,217,1,1838.37,0.1,1654.53
124,217,1,1838.37,0.2,1470.7
124,234,1,1752.01,0.1,1576.81
124,199,2,1706.15,0.1,3071.07
124,123,2,823.42,0,1646.84
124,201,2,3328.08,0.1,5990.54
125,146,3,1738.9,0.2,4173.36
125,197,2,3435.53,0.2,5496.85
126,288,3,4205.02,0.2,10092.05
126,257,3,4439.91,0.1,11987.76
127,28,1,626.91,0.1,564.22
127,14,3,4246.91,0.1,11466.66
127,57,2,924.14,0.1,1663.45
127,252,3,3127.93,0.2,7507.03
128,107,3,171.93,0,515.79
128,172,1,4013.49,0.2,3210.79
128,127,3,4510.8,0,13532.4
129,180,1,655.78,0.2,524.62
129,213,3,2436.3,0.2,5847.12
129,204,2,2819.85,0,5639.7
130,148,3,2047.04,0.1,5527.01
131,136,3,835.08,0.2,2004.19
131,183,3,2480.1,0,7440.3
131,193,1,4029.85,0.1,3626.86
132,247,1,2671.22,0.2,2136.98
132,15,1,2876.77,0.1,2589.09
132,255,3,634.26,0.2,1522.22
132,244,1,3623.71,0.2,2898.97
132,148,1,2047.04,0,2047.04
133,257,3,4439.91,0.2,10655.78
133,77,3,3082.83,0,9248.49
133,83,3,4022.4,0.1,10860.48
133,142,3,2632.44,0.1,7107.59
134,284,2,1844.85,0.2,2951.76
134,117,3,2823.36,0,8470.08
134,173,1,3917.1,0.2,3133.68
135,123,3,823.42,0.2,1976.21
135,259,3,2977.48,0.2,7145.95
135,158,1,3200.7,0.1,2880.63
135,15,2,2876.77,0.1,5178.19
135,140,2,2103.47,0.2,3365.55
136,220,3,2980.59,0.2,7153.42
137,97,3,1334.43,0.1,3602.96
137,245,3,4842.81,0,14528.43
138,133,2,4617.75,0.1,8311.95
139,45,2,2210.75,0,4421.5
139,70,1,2565.16,0.2,2052.13
139,250,2,2498.75,0,4997.5
139,166,3,1655.44,0.2,3973.06
139,135,1,1279.65,0.1,1151.69
140,174,3,4378.44,0,13135.32
140,185,2,1406.51,0,2813.02
140,212,1,3691.31,0.1,3322.18
140,274,3,2974.84,0,8924.52
140,291,3,850.79,0.1,2297.13
141,81,2,709.48,0.2,1135.17
142,153,1,4053.91,0,4053.91
142,55,3,4758.22,0,14274.66
142,74,1,3005.42,0.2,2404.34
142,155,2,2767.71,0,5535.42
142,261,1,3503.75,0.1,3153.38
143,177,3,1279.69,0.2,3071.26
143,110,3,478.85,0.1,1292.9
143,261,3,3503.75,0,10511.25
144,136,3,835.08,0.1,2254.72
144,60,1,4674.62,0,4674.62
144,99,3,648.26,0.1,1750.3
144,27,2,4687.97,0.1,8438.35
144,130,3,3052.06,0.1,8240.56
145,228,1,4818.58,0.2,3854.86
146,58,1,3807.05,0,3807.05
146,24,3,4661.82,0,13985.46
146,278,3,2540.74,0.1,6860
146,89,2,130.17,0.2,208.27
147,14,2,4246.91,0.1,7644.44
147,224,3,1630.29,0,4890.87
147,31,3,3542.58,0.2,8502.19
147,234,3,1752.01,0.2,4204.82
147,36,2,649.16,0.1,1168.49
148,119,3,822.62,0.1,2221.07
148,285,1,2791.44,0.1,2512.3
149,15,1,2876.77,0.2,2301.42
149,268,2,4342.22,0,8684.44
149,213,2,2436.3,0.2,3898.08
149,23,3,4414.98,0,13244.94
150,15,1,2876.77,0,2876.77
150,168,1,1435,0.1,1291.5
151,282,3,3926.46,0,11779.38
151,153,2,4053.91,0.2,6486.26
152,121,1,2781.54,0,2781.54
152,105,3,985.57,0.1,2661.04
152,127,3,4510.8,0.2,10825.92
152,91,1,1308.63,0.2,1046.9
152,18,1,534.95,0.2,427.96
153,240,1,1075.21,0,1075.21
154,149,3,4047.23,0.1,10927.52
154,172,1,4013.49,0,4013.49
155,179,3,3748.16,0.1,10120.03
155,82,2,716.07,0.2,1145.71
156,149,2,4047.23,0.1,7285.01
156,249,2,2443.3,0,4886.6
157,109,2,500.73,0,1001.46
157,118,3,2699.14,0.1,7287.68
158,29,2,708.63,0.2,1133.81
158,105,2,985.57,0,1971.14
158,61,2,3565.73,0.2,5705.17
158,107,1,171.93,0.2,137.54
158,38,3,1830.1,0.1,4941.27
159,174,2,4378.44,0.1,7881.19
159,143,2,2349.66,0,4699.32
159,258,3,3042.51,0.1,8214.78
160,272,2,1711.82,0.1,3081.28
160,229,3,1081.83,0,3245.49
160,2,2,162.86,0.2,260.58
160,134,2,1581.19,0.2,2529.9
160,57,3,924.14,0.2,2217.94
161,136,1,835.08,0.1,751.57
162,99,3,648.26,0.2,1555.82
162,109,3,500.73,0.2,1201.75
163,259,1,2977.48,0,2977.48
164,34,1,3132.01,0,3132.01
164,229,2,1081.83,0.2,1730.93
164,205,3,1317.26,0.2,3161.42
164,281,1,914.17,0.1,822.75
165,44,3,3885.07,0,11655.21
165,166,3,1655.44,0.1,4469.69
165,3,1,1407.01,0.1,1266.31
166,11,3,4126.24,0,12378.72
166,297,2,4780.41,0.1,8604.74
166,210,3,161.58,0.1,436.27
167,2,3,162.86,0.2,390.86
167,14,2,4246.91,0,8493.82
167,37,3,3070.15,0.1,8289.41
167,139,2,3351.42,0.2,5362.27
168,55,2,4758.22,0.2,7613.15
169,149,2,4047.23,0.1,7285.01
170,30,1,4638.28,0.1,4174.45
170,204,2,2819.85,0,5639.7
170,176,2,4859.23,0,9718.46
170,14,3,4246.91,0.2,10192.58
170,40,3,1192.17,0,3576.51
171,187,1,4233.39,0.2,3386.71
172,190,2,1962.53,0,3925.06
172,118,2,2699.14,0,5398.28
172,176,1,4859.23,0.2,3887.38
172,94,2,2572.33,0,5144.66
173,159,2,807.72,0,1615.44
173,238,2,2511.77,0,5023.54
174,99,1,648.26,0.2,518.61
174,129,2,2531.28,0.1,4556.3
174,205,3,1317.26,0,3951.78
174,251,1,148.83,0,148.83
175,219,1,134.79,0.1,121.31
175,35,3,147.11,0,441.33
175,274,1,2974.84,0.1,2677.36
175,144,3,2500.85,0.2,6002.04
175,152,3,888.12,0.2,2131.49
176,279,2,347.7,0.2,556.32
176,27,3,4687.97,0.1,12657.52
176,297,2,4780.41,0.2,7648.66
177,185,2,1406.51,0,2813.02
177,167,2,3968.26,0,7936.52
177,44,1,3885.07,0.2,3108.06
177,39,1,1788.8,0.1,1609.92
177,6,1,905.68,0.1,815.11
178,263,2,3765.62,0,7531.24
178,21,3,2599.67,0,7799.01
179,215,1,3807.34,0.1,3426.61
179,294,3,294.39,0.1,794.85
179,61,2,3565.73,0,7131.46
179,103,1,1726.45,0,1726.45
179,114,3,2450.58,0,7351.74
180,152,1,888.12,0.2,710.5
180,274,1,2974.84,0,2974.84
180,3,3,1407.01,0.2,3376.82
180,160,2,961.86,0.2,1538.98
180,230,2,1046.39,0.2,1674.22
181,117,3,2823.36,0.2,6776.06
181,99,1,648.26,0.2,518.61
181,224,3,1630.29,0,4890.87
181,75,2,3915.6,0,7831.2
181,77,1,3082.83,0.1,2774.55
182,197,3,3435.53,0.1,9275.93
182,218,3,693.44,0.1,1872.29
182,83,2,4022.4,0,8044.8
182,41,2,4424.05,0.2,7078.48
183,83,2,4022.4,0,8044.8
183,263,1,3765.62,0.2,3012.5
183,2,2,162.86,0,325.72
183,138,1,1616.24,0.2,1292.99
184,159,2,807.72,0.1,1453.9
184,198,1,2228.32,0.1,2005.49
184,12,1,1645.78,0.1,1481.2
185,4,2,4485.44,0,8970.88
186,275,2,1095.75,0.2,1753.2
186,69,3,2395.28,0.1,6467.26
186,218,1,693.44,0.2,554.75
187,286,1,3079.76,0.2,2463.81
187,221,2,3628.31,0.1,6530.96
187,194,3,2773.23,0.2,6655.75
188,278,2,2540.74,0,5081.48
188,78,1,3855.59,0,3855.59
188,281,2,914.17,0.2,1462.67
188,156,2,4614.81,0.2,7383.7
189,41,1,4424.05,0.2,3539.24
190,225,2,841.46,0,1682.92
190,6,3,905.68,0,2717.04
190,7,1,2977.47,0,2977.47
190,205,1,1317.26,0.1,1185.53
190,242,2,4351.59,0.1,7832.86
191,218,3,693.44,0.1,1872.29
191,212,2,3691.31,0.1,6644.36
191,243,1,2564.2,0.2,2051.36
191,111,1,132.09,0.1,118.88
192,95,2,1944.44,0.2,3111.1
192,14,3,4246.91,0.1,11466.66
193,105,2,985.57,0.1,1774.03
194,245,3,4842.81,0.2,11622.74
194,133,1,4617.75,0,4617.75
194,57,1,924.14,0.2,739.31
194,131,2,2349.61,0.1,4229.3
195,269,2,4355.56,0.1,7840.01
195,193,1,4029.85,0.2,3223.88
195,141,1,1689.08,0,1689.08
195,242,3,4351.59,0,13054.77
195,142,1,2632.44,0.1,2369.2
196,34,2,3132.01,0,6264.02
196,43,1,241.69,0.1,217.52
196,2,2,162.86,0,325.72
197,39,3,1788.8,0,5366.4
197,128,3,4900.43,0.2,11761.03
198,178,3,113.25,0.2,271.8
198,134,3,1581.19,0,4743.57
198,106,2,1023.38,0.1,1842.08
198,256,2,340.75,0.2,545.2
199,41,2,4424.05,0.2,7078.48
200,16,3,3952.33,0.2,9485.59
200,160,3,961.86,0.2,2308.46
200,258,1,3042.51,0,3042.51
200,182,1,2659.11,0,2659.11
200,40,1,1192.17,0.2,953.74
201,124,3,319.5,0.1,862.65
202,139,2,3351.42,0.2,5362.27
202,152,2,888.12,0.1,1598.62
203,65,3,4314.56,0,12943.68
203,43,3,241.69,0,725.07
203,194,1,2773.23,0.2,2218.58
203,285,2,2791.44,0,5582.88
203,134,1,1581.19,0.2,1264.95
204,140,2,2103.47,0.2,3365.55
204,27,1,4687.97,0,4687.97
204,299,2,2527.49,0.2,4043.98
205,21,3,2599.67,0.1,7019.11
206,247,2,2671.22,0,5342.44
207,75,1,3915.6,0.1,3524.04
208,142,3,2632.44,0.2,6317.86
208,264,3,490.72,0.1,1324.94
208,210,1,161.58,0.2,129.26
208,267,2,4752.35,0.1,8554.23
208,51,2,3723.25,0.1,6701.85
209,227,1,4186.52,0.2,3349.22
209,15,3,2876.77,0.2,6904.25
209,16,3,3952.33,0.1,10671.29
209,95,1,1944.44,0.1,1750
209,92,3,1893.48,0,5680.44
210,229,3,1081.83,0,3245.49
211,81,3,709.48,0.1,1915.6
211,17,3,2227.3,0.2,5345.52
211,51,1,3723.25,0.1,3350.93
211,153,1,4053.91,0.2,3243.13
211,25,2,2807.38,0.2,4491.81
212,276,3,2930.01,0.2,7032.02
212,211,3,2468.4,0.2,5924.16
212,117,2,2823.36,0,5646.72
212,45,3,2210.75,0.1,5969.03
213,169,1,4666.14,0.1,4199.53
213,150,2,1188.32,0,2376.64
213,115,1,2411.4,0.1,2170.26
213,46,1,3061.47,0.2,2449.18
214,245,2,4842.81,0,9685.62
214,29,2,708.63,0,1417.26
214,81,3,709.48,0.2,1702.75
215,34,2,3132.01,0.1,5637.62
216,48,2,1103.95,0.1,1987.11
216,167,1,3968.26,0,3968.26
216,230,2,1046.39,0.2,1674.22
216,115,2,2411.4,0,4822.8
216,8,3,1531.1,0.2,3674.64
217,38,2,1830.1,0.1,3294.18
217,97,2,1334.43,0,2668.86
217,120,2,2696.47,0,5392.94
218,178,1,113.25,0.2,90.6
218,48,2,1103.95,0,2207.9
218,192,3,1974.7,0.1,5331.69
218,7,3,2977.47,0.2,7145.93
219,205,1,1317.26,0.1,1185.53
219,222,2,3519.57,0.2,5631.31
220,17,1,2227.3,0.1,2004.57
221,87,2,2631.45,0,5262.9
221,281,3,914.17,0.1,2468.26
222,176,3,4859.23,0.2,11662.15
222,70,2,2565.16,0.2,4104.26
222,135,2,1279.65,0,2559.3
222,225,3,841.46,0,2524.38
222,277,2,3435.47,0,6870.94
223,24,3,4661.82,0.2,11188.37
223,285,1,2791.44,0.1,2512.3
223,154,2,3505.06,0.2,5608.1
223,103,3,1726.45,0,5179.35
224,36,2,649.16,0.2,1038.66
224,107,1,171.93,0.1,154.74
224,43,3,241.69,0,725.07
224,188,1,270.55,0.1,243.5
225,231,1,671.34,0.1,604.21
225,49,3,1365.91,0,4097.73
225,136,3,835.08,0.2,2004.19
225,45,2,2210.75,0,4421.5
226,248,3,1314.7,0,3944.1
226,66,2,610.55,0.1,1098.99
226,278,2,2540.74,0.1,4573.33
227,210,3,161.58,0.1,436.27
227,137,3,1005.84,0,3017.52
227,120,2,2696.47,0,5392.94
228,295,3,2343.7,0.1,6327.99
228,180,1,655.78,0.2,524.62
229,297,1,4780.41,0.1,4302.37
229,58,3,3807.05,0,11421.15
229,184,3,3022.86,0,9068.58
230,16,2,3952.33,0.2,6323.73
231,122,2,1254.11,0,2508.22
231,85,1,4346.15,0.1,3911.53
231,31,2,3542.58,0.1,6376.64
232,122,3,1254.11,0,3762.33
232,100,3,4054.92,0.2,9731.81
232,160,1,961.86,0.2,769.49
232,227,2,4186.52,0.1,7535.74
232,201,3,3328.08,0.1,8985.82
233,246,1,358.61,0.1,322.75
233,75,3,3915.6,0,11746.8
233,127,1,4510.8,0.1,4059.72
234,21,3,2599.67,0.2,6239.21
234,235,1,1157.47,0.2,925.98
234,248,2,1314.7,0,2629.4
235,33,1,1950.06,0.1,1755.05
235,77,3,3082.83,0.2,7398.79
235,97,2,1334.43,0,2668.86
235,299,3,2527.49,0.2,6065.98
236,101,1,3677.55,0.1,3309.8
237,44,2,3885.07,0.1,6993.13
237,122,1,1254.11,0,1254.11
238,113,3,180.63,0.1,487.7
239,245,3,4842.81,0,14528.43
239,277,1,3435.47,0.1,3091.92
239,161,1,2773.7,0.1,2496.33
239,190,1,1962.53,0,1962.53
239,31,3,3542.58,0.2,8502.19
240,4,2,4485.44,0,8970.88
241,280,2,990.64,0,1981.28
242,223,1,3793.34,0,3793.34
242,168,2,1435,0,2870
242,98,2,1535.92,0.2,2457.47
242,157,1,1420.43,0.2,1136.34
243,296,1,693.33,0,693.33
244,289,1,1989.64,0.2,1591.71
244,59,3,2724.81,0.2,6539.54
245,168,3,1435,0.1,3874.5
245,201,1,3328.08,0.1,2995.27
245,155,1,2767.71,0.1,2490.94
246,130,2,3052.06,0.1,5493.71
246,96,2,4243.67,0.1,7638.61
246,173,2,3917.1,0.2,6267.36
247,22,2,3109.21,0,6218.42
248,87,3,2631.45,0.2,6315.48
248,129,2,2531.28,0,5062.56
248,155,1,2767.71,0.2,2214.17
248,62,1,2655.9,0.1,2390.31
249,292,1,4156.58,0,4156.58
250,166,2,1655.44,0.2,2648.7
250,155,2,2767.71,0,5535.42
250,248,3,1314.7,0,3944.1
250,194,1,2773.23,0.1,2495.91
250,189,2,2918.36,0.2,4669.38
251,97,1,1334.43,0.2,1067.54
251,66,2,610.55,0.2,976.88
252,115,3,2411.4,0.2,5787.36
253,53,1,4303.7,0.2,3442.96
253,260,2,4129.31,0,8258.62
253,102,1,1655.92,0,1655.92
253,73,2,4378.53,0.1,7881.35
254,225,3,841.46,0,2524.38
254,162,1,3712.96,0.2,2970.37
254,121,2,2781.54,0.1,5006.77
255,251,3,148.83,0,446.49
255,137,2,1005.84,0.1,1810.51
255,9,1,2541.75,0.2,2033.4
256,107,3,171.93,0,515.79
256,72,3,694.52,0,2083.56
257,172,1,4013.49,0.2,3210.79
257,62,2,2655.9,0.1,4780.62
258,98,1,1535.92,0,1535.92
258,42,3,1883.45,0.2,4520.28
259,181,3,3568.87,0.2,8565.29
259,144,2,2500.85,0.1,4501.53
259,41,3,4424.05,0,13272.15
260,284,2,1844.85,0.1,3320.73
260,46,2,3061.47,0,6122.94
260,45,1,2210.75,0.1,1989.67
260,224,3,1630.29,0.1,4401.78
260,33,2,1950.06,0.1,3510.11
261,127,1,4510.8,0.2,3608.64
262,206,2,789.54,0.2,1263.26
262,29,2,708.63,0,1417.26
262,210,1,161.58,0.2,129.26
262,82,3,716.07,0,2148.21
262,71,1,3792.47,0,3792.47
263,11,2,4126.24,0.1,7427.23
263,111,2,132.09,0.1,237.76
263,209,2,4282.34,0.2,6851.74
263,232,3,3920.49,0.2,9409.18
264,131,1,2349.61,0.2,1879.69
264,25,3,2807.38,0.2,6737.71
265,214,2,956.15,0,1912.3
265,96,3,4243.67,0.1,11457.91
265,207,1,4279.16,0.1,3851.24
266,298,2,2955.32,0.2,4728.51
267,284,1,1844.85,0.2,1475.88
267,160,2,961.86,0.2,1538.98
267,169,1,4666.14,0.1,4199.53
267,243,2,2564.2,0,5128.4
268,11,2,4126.24,0.1,7427.23
268,293,2,3384.67,0.2,5415.47
269,289,2,1989.64,0.2,3183.42
269,129,2,2531.28,0.1,4556.3
269,287,1,4626.22,0,4626.22
270,216,2,1354.53,0,2709.06
270,147,2,1158.14,0.2,1853.02
270,124,3,319.5,0,958.5
271,99,1,648.26,0.2,518.61
271,43,3,241.69,0.2,580.06
271,155,1,2767.71,0.1,2490.94
272,72,3,694.52,0.2,1666.85
272,93,2,4086.52,0.2,6538.43
272,212,1,3691.31,0,3691.31
272,61,3,3565.73,0.2,8557.75
272,164,1,816.74,0.2,653.39
273,1,1,1571.14,0,1571.14
273,60,1,4674.62,0,4674.62
273,156,2,4614.81,0.2,7383.7
274,183,1,2480.1,0,2480.1
275,113,3,180.63,0,541.89
275,197,3,3435.53,0.2,8245.27
275,277,1,3435.47,0.2,2748.38
275,110,2,478.85,0.2,766.16
276,228,1,4818.58,0,4818.58
277,285,3,2791.44,0.2,6699.46
278,296,2,693.33,0.1,1247.99
278,270,2,3310.85,0,6621.7
278,224,3,1630.29,0.2,3912.7
278,87,1,2631.45,0,2631.45
279,4,1,4485.44,0,4485.44
279,78,1,3855.59,0.2,3084.47
279,97,1,1334.43,0.1,1200.99
279,32,1,3229.2,0.1,2906.28
280,20,3,670.4,0.1,1810.08
280,274,2,2974.84,0.1,5354.71
280,179,3,3748.16,0.2,8995.58
281,104,2,4507.94,0,9015.88
281,283,2,1366.35,0,2732.7
282,272,1,1711.82,0.1,1540.64
282,28,2,626.91,0.2,1003.06
282,236,2,3037.97,0,6075.94
282,147,3,1158.14,0,3474.42
282,202,1,1540.48,0.2,1232.38
283,260,2,4129.31,0.2,6606.9
283,158,3,3200.7,0,9602.1
283,4,3,4485.44,0.1,12110.69
283,201,2,3328.08,0.2,5324.93
284,190,1,1962.53,0.2,1570.02
284,214,2,956.15,0.1,1721.07
284,59,3,2724.81,0.1,7356.99
285,161,2,2773.7,0.1,4992.66
285,98,2,1535.92,0.1,2764.66
286,101,2,3677.55,0.2,5884.08
286,39,2,1788.8,0.2,2862.08
286,177,1,1279.69,0.2,1023.75
287,141,1,1689.08,0,1689.08
287,171,2,226.42,0.1,407.56
287,285,1,2791.44,0.1,2512.3
287,170,2,2123.49,0.2,3397.58
288,153,1,4053.91,0,4053.91
288,229,1,1081.83,0.1,973.65
288,236,1,3037.97,0.2,2430.38
288,60,3,4674.62,0.1,12621.47
288,18,3,534.95,0,1604.85
289,72,1,694.52,0.1,625.07
289,271,2,4563.65,0.1,8214.57
289,124,2,319.5,0.2,511.2
289,67,3,1384.47,0.2,3322.73
290,127,3,4510.8,0.2,10825.92
290,75,2,3915.6,0.2,6264.96
290,246,1,358.61,0,358.61
291,68,3,998.72,0.1,2696.54
292,80,2,2157.78,0.2,3452.45
292,92,2,1893.48,0.1,3408.26
292,148,1,2047.04,0.1,1842.34
292,160,1,961.86,0.1,865.67
292,238,3,2511.77,0.1,6781.78
293,156,2,4614.81,0.1,8306.66
293,176,1,4859.23,0,4859.23
293,202,1,1540.48,0.1,1386.43
293,101,1,3677.55,0,3677.55
293,70,1,2565.16,0.2,2052.13
294,155,2,2767.71,0,5535.42
294,174,2,4378.44,0.1,7881.19
294,132,3,1515.14,0.1,4090.88
295,195,2,1333.33,0.2,2133.33
295,176,1,4859.23,0.1,4373.31
295,85,2,4346.15,0.2,6953.84
295,14,3,4246.91,0.1,11466.66
295,174,3,4378.44,0,13135.32
296,163,3,3977.99,0.1,10740.57
297,134,1,1581.19,0.2,1264.95
297,293,3,3384.67,0.2,8123.21
297,47,2,2238.71,0.2,3581.94
298,57,1,924.14,0.1,831.73
298,52,3,4453.5,0.2,10688.4
298,4,3,4485.44,0.2,10765.06
299,131,1,2349.61,0,2349.61
299,38,1,1830.1,0.1,1647.09
299,49,2,1365.91,0,2731.82
299,116,2,4729.75,0,9459.5
299,283,3,1366.35,0.2,3279.24
300,52,2,4453.5,0,8907
300,133,1,4617.75,0.2,3694.2
301,198,2,2228.32,0,4456.64
301,153,2,4053.91,0.1,7297.04
301,247,2,2671.22,0,5342.44
301,126,3,1025.69,0.1,2769.36
302,164,2,816.74,0.2,1306.78
302,258,2,3042.51,0.2,4868.02
303,292,3,4156.58,0.1,11222.77
303,238,2,2511.77,0,5023.54
303,43,1,241.69,0,241.69
304,236,1,3037.97,0.2,2430.38
304,47,2,2238.71,0,4477.42
305,298,3,2955.32,0.1,7979.36
306,273,3,4036.68,0,12110.04
307,234,3,1752.01,0.2,4204.82
307,104,1,4507.94,0.2,3606.35
307,238,1,2511.77,0.1,2260.59
307,100,1,4054.92,0.1,3649.43
307,278,3,2540.74,0.2,6097.78
308,157,3,1420.43,0,4261.29
308,178,2,113.25,0.1,203.85
308,75,1,3915.6,0,3915.6
308,247,1,2671.22,0.2,2136.98
308,240,3,1075.21,0,3225.63
309,135,2,1279.65,0,2559.3
309,31,3,3542.58,0.1,9564.97
310,146,2,1738.9,0.2,2782.24
311,179,2,3748.16,0.1,6746.69
311,42,1,1883.45,0.2,1506.76
311,15,1,2876.77,0.1,2589.09
312,183,3,2480.1,0,7440.3
313,285,3,2791.44,0.1,7536.89
314,111,2,132.09,0.1,237.76
314,296,2,693.33,0.2,1109.33
315,151,1,4406.48,0.1,3965.83
316,212,1,3691.31,0.2,2953.05
317,274,2,2974.84,0.1,5354.71
317,34,1,3132.01,0.1,2818.81
317,74,3,3005.42,0,9016.26
317,135,2,1279.65,0,2559.3
318,149,3,4047.23,0,12141.69
319,279,2,347.7,0,695.4
319,146,2,1738.9,0.1,3130.02
319,194,1,2773.23,0.1,2495.91
319,24,3,4661.82,0,13985.46
320,300,2,3405.97,0.2,5449.55
320,59,1,2724.81,0,2724.81
320,109,1,500.73,0.2,400.58
320,34,1,3132.01,0,3132.01
321,45,1,2210.75,0,2210.75
322,201,1,3328.08,0.2,2662.46
322,23,3,4414.98,0.2,10595.95
322,14,1,4246.91,0.1,3822.22
322,205,2,1317.26,0.2,2107.62
322,227,1,4186.52,0.1,3767.87
323,56,1,886.8,0.2,709.44
324,181,1,3568.87,0,3568.87
324,117,3,2823.36,0.2,6776.06
324,74,1,3005.42,0.2,2404.34
325,124,2,319.5,0,639
325,68,1,998.72,0,998.72
326,159,1,807.72,0,807.72
326,144,1,2500.85,0.2,2000.68
326,75,2,3915.6,0.1,7048.08
326,26,2,1802.56,0.1,3244.61
326,6,2,905.68,0.2,1449.09
327,173,2,3917.1,0.2,6267.36
327,209,2,4282.34,0.2,6851.74
328,120,1,2696.47,0.2,2157.18
328,185,1,1406.51,0.2,1125.21
329,110,1,478.85,0,478.85
329,35,2,147.11,0.2,235.38
329,57,2,924.14,0,1848.28
330,223,3,3793.34,0,11380.02
330,8,3,1531.1,0.1,4133.97
330,165,3,1745.41,0.1,4712.61
330,52,2,4453.5,0,8907
331,160,3,961.86,0,2885.58
331,108,1,3213.87,0.1,2892.48
331,58,1,3807.05,0,3807.05
332,1,1,1571.14,0.1,1414.03
332,54,2,954.56,0,1909.12
332,272,3,1711.82,0.1,4621.91
332,258,3,3042.51,0,9127.53
332,253,1,655.15,0.2,524.12
333,158,2,3200.7,0,6401.4
333,47,2,2238.71,0,4477.42
333,43,2,241.69,0,483.38
333,286,1,3079.76,0,3079.76
333,28,1,626.91,0,626.91
334,246,2,358.61,0,717.22
334,65,1,4314.56,0,4314.56
334,11,1,4126.24,0.2,3300.99
334,29,3,708.63,0,2125.89
334,300,2,3405.97,0.2,5449.55
335,5,1,4696.11,0.2,3756.89
335,29,1,708.63,0.2,566.9
335,270,1,3310.85,0,3310.85
335,22,1,3109.21,0.1,2798.29
335,219,1,134.79,0.1,121.31
336,69,1,2395.28,0,2395.28
337,234,2,1752.01,0,3504.02
337,254,1,1160.5,0.2,928.4
337,297,1,4780.41,0.1,4302.37
337,144,2,2500.85,0.1,4501.53
338,200,1,456.13,0.2,364.9
338,96,1,4243.67,0.1,3819.3
338,98,1,1535.92,0.2,1228.74
339,190,1,1962.53,0.2,1570.02
340,1,1,1571.14,0.1,1414.03
340,193,1,4029.85,0.2,3223.88
340,211,3,2468.4,0.2,5924.16
340,33,1,1950.06,0.2,1560.05
340,7,3,2977.47,0.1,8039.17
341,66,2,610.55,0,1221.1
341,161,2,2773.7,0.2,4437.92
341,229,1,1081.83,0.2,865.46
342,166,3,1655.44,0.2,3973.06
342,252,3,3127.93,0,9383.79
343,202,1,1540.48,0.1,1386.43
343,269,1,4355.56,0,4355.56
344,267,3,4752.35,0.2,11405.64
344,226,2,2658.25,0.2,4253.2
345,144,1,2500.85,0.2,2000.68
345,125,3,1471.63,0.1,3973.4
346,265,1,3805.03,0.2,3044.02
346,30,2,4638.28,0,9276.56
346,105,1,985.57,0,985.57
346,268,2,4342.22,0.1,7816
346,25,1,2807.38,0.2,2245.9
347,99,2,648.26,0,1296.52
348,49,3,1365.91,0.1,3687.96
348,224,3,1630.29,0.2,3912.7
348,180,2,655.78,0.2,1049.25
348,273,3,4036.68,0.2,9688.03
349,122,2,1254.11,0.2,2006.58
349,107,2,171.93,0.1,309.47
349,13,3,3075.58,0,9226.74
349,70,2,2565.16,0.1,4617.29
349,191,2,2272.49,0.2,3635.98
350,7,1,2977.47,0.2,2381.98
351,86,2,4925.27,0,9850.54
351,210,2,161.58,0,323.16
351,26,2,1802.56,0.1,3244.61
352,136,3,835.08,0.2,2004.19
352,216,1,1354.53,0.2,1083.62
352,275,2,1095.75,0.1,1972.35
353,8,3,1531.1,0,4593.3
353,295,1,2343.7,0,2343.7
353,169,2,4666.14,0,9332.28
354,126,1,1025.69,0,1025.69
354,85,1,4346.15,0,4346.15
354,260,3,4129.31,0.1,11149.14
354,286,2,3079.76,0,6159.52
355,123,1,823.42,0,823.42
355,201,3,3328.08,0.2,7987.39
355,246,2,358.61,0,717.22
355,180,2,655.78,0.1,1180.4
355,205,3,1317.26,0.1,3556.6
356,62,1,2655.9,0.2,2124.72
356,180,1,655.78,0.1,590.2
357,71,3,3792.47,0.2,9101.93
357,184,2,3022.86,0.2,4836.58
357,286,3,3079.76,0.1,8315.35
357,130,3,3052.06,0.2,7324.94
357,237,1,3100.61,0.1,2790.55
358,255,3,634.26,0,1902.78
358,193,1,4029.85,0,4029.85
358,159,1,807.72,0,807.72
359,45,1,2210.75,0.2,1768.6
359,94,2,2572.33,0,5144.66
360,227,3,4186.52,0.2,10047.65
361,90,1,183.24,0.2,146.59
361,49,2,1365.91,0.2,2185.46
361,184,3,3022.86,0.2,7254.86
361,161,2,2773.7,0,5547.4
361,55,2,4758.22,0,9516.44
362,45,2,2210.75,0.1,3979.35
362,264,3,490.72,0,1472.16
362,22,1,3109.21,0,3109.21
362,111,3,132.09,0,396.27
363,20,2,670.4,0.1,1206.72
363,48,2,1103.95,0.2,1766.32
363,44,2,3885.07,0.1,6993.13
363,28,1,626.91,0.2,501.53
363,274,3,2974.84,0.2,7139.62
364,227,1,4186.52,0.2,3349.22
365,55,2,4758.22,0,9516.44
365,15,1,2876.77,0.1,2589.09
365,46,1,3061.47,0,3061.47
366,178,1,113.25,0.2,90.6
367,238,3,2511.77,0,7535.31
367,42,2,1883.45,0,3766.9
367,188,3,270.55,0.1,730.49
368,259,1,2977.48,0.2,2381.98
369,208,2,2962.16,0.2,4739.46
369,122,1,1254.11,0.1,1128.7
370,87,2,2631.45,0.2,4210.32
370,293,3,3384.67,0.1,9138.61
370,107,2,171.93,0.2,275.09
371,190,2,1962.53,0.2,3140.05
371,73,1,4378.53,0,4378.53
371,177,3,1279.69,0.2,3071.26
371,186,2,4809.64,0.2,7695.42
371,61,3,3565.73,0.1,9627.47
372,93,1,4086.52,0.2,3269.22
372,232,2,3920.49,0.2,6272.78
372,156,1,4614.81,0.1,4153.33
373,114,2,2450.58,0.1,4411.04
373,121,2,2781.54,0.1,5006.77
374,83,1,4022.4,0.2,3217.92
374,214,1,956.15,0.2,764.92
374,164,1,816.74,0.2,653.39
374,62,3,2655.9,0,7967.7
375,111,1,132.09,0,132.09
376,82,1,716.07,0.2,572.86
376,108,1,3213.87,0.1,2892.48
377,46,2,3061.47,0,6122.94
377,89,1,130.17,0,130.17
377,169,3,4666.14,0.1,12598.58
377,23,1,4414.98,0,4414.98
378,18,3,534.95,0.1,1444.37
378,28,2,626.91,0.2,1003.06
378,13,1,3075.58,0.2,2460.46
378,115,2,2411.4,0,4822.8
379,89,3,130.17,0,390.51
380,27,3,4687.97,0,14063.91
381,48,3,1103.95,0.1,2980.67
381,292,2,4156.58,0,8313.16
382,184,1,3022.86,0,3022.86
383,288,1,4205.02,0.2,3364.02
383,92,1,1893.48,0.1,1704.13
383,183,3,2480.1,0,7440.3
384,179,3,3748.16,0.1,10120.03
384,157,3,1420.43,0,4261.29
384,220,2,2980.59,0.1,5365.06
384,36,1,649.16,0.1,584.24
384,231,2,671.34,0,1342.68
385,93,2,4086.52,0.1,7355.74
385,127,2,4510.8,0.2,7217.28
386,224,3,1630.29,0.1,4401.78
387,221,3,3628.31,0.2,8707.94
388,198,1,2228.32,0,2228.32
388,274,1,2974.84,0,2974.84
388,16,1,3952.33,0.2,3161.86
388,58,1,3807.05,0.2,3045.64
389,36,1,649.16,0.2,519.33
389,296,3,693.33,0.2,1663.99
390,139,1,3351.42,0.1,3016.28
391,259,2,2977.48,0.1,5359.46
391,209,3,4282.34,0.1,11562.32
391,155,2,2767.71,0.2,4428.34
392,4,3,4485.44,0.1,12110.69
392,23,3,4414.98,0.2,10595.95
392,294,1,294.39,0.2,235.51
392,276,3,2930.01,0,8790.03
392,123,3,823.42,0,2470.26
393,129,1,2531.28,0,2531.28
394,134,3,1581.19,0.1,4269.21
394,273,1,4036.68,0.1,3633.01
394,192,1,1974.7,0.2,1579.76
394,163,1,3977.99,0,3977.99
394,139,2,3351.42,0.1,6032.56
395,71,3,3792.47,0.2,9101.93
395,14,1,4246.91,0.2,3397.53
396,12,3,1645.78,0.1,4443.61
396,165,1,1745.41,0.2,1396.33
397,188,3,270.55,0.1,730.49
397,121,2,2781.54,0,5563.08
398,210,3,161.58,0.2,387.79
398,53,2,4303.7,0,8607.4
398,264,3,490.72,0,1472.16
399,251,2,148.83,0.1,267.89
399,286,3,3079.76,0.2,7391.42
399,299,2,2527.49,0,5054.98
400,30,2,4638.28,0.1,8348.9
401,212,1,3691.31,0,3691.31
401,289,1,1989.64,0,1989.64
401,277,3,3435.47,0,10306.41
401,119,2,822.62,0,1645.24
402,104,3,4507.94,0.1,12171.44
402,175,2,797.23,0.2,1275.57
402,170,3,2123.49,0,6370.47
403,58,1,3807.05,0.1,3426.35
404,43,1,241.69,0.2,193.35
405,151,3,4406.48,0.1,11897.5
406,298,2,2955.32,0.1,5319.58
406,138,2,1616.24,0,3232.48
406,295,2,2343.7,0.1,4218.66
406,110,3,478.85,0.2,1149.24
406,41,1,4424.05,0,4424.05
407,124,2,319.5,0.1,575.1
407,34,1,3132.01,0,3132.01
407,61,1,3565.73,0,3565.73
408,155,2,2767.71,0.1,4981.88
408,32,3,3229.2,0.1,8718.84
408,123,1,823.42,0,823.42
408,12,1,1645.78,0,1645.78
408,111,3,132.09,0,396.27
409,271,1,4563.65,0,4563.65
409,280,1,990.64,0.1,891.58
409,145,2,1799.29,0.1,3238.72
410,211,3,2468.4,0,7405.2
411,149,3,4047.23,0.1,10927.52
411,259,2,2977.48,0.1,5359.46
411,10,2,4384.24,0,8768.48
411,235,2,1157.47,0,2314.94
411,283,2,1366.35,0,2732.7
412,50,3,4334.05,0,13002.15
412,107,1,171.93,0,171.93
413,151,1,4406.48,0.2,3525.18
413,203,3,4122.66,0.2,9894.38
413,222,3,3519.57,0,10558.71
413,128,1,4900.43,0.2,3920.34
414,130,1,3052.06,0,3052.06
414,108,1,3213.87,0.2,2571.1
414,188,3,270.55,0.2,649.32
414,134,1,1581.19,0.1,1423.07
415,117,2,2823.36,0.2,4517.38
415,214,2,956.15,0,1912.3
415,4,1,4485.44,0,4485.44
416,202,1,1540.48,0.1,1386.43
416,73,2,4378.53,0.2,7005.65
416,167,3,3968.26,0,11904.78
417,300,2,3405.97,0,6811.94
417,90,2,183.24,0.2,293.18
417,277,3,3435.47,0.1,9275.77
418,111,3,132.09,0,396.27
418,80,1,2157.78,0.1,1942
418,72,2,694.52,0.2,1111.23
418,49,1,1365.91,0.1,1229.32
418,35,3,147.11,0.2,353.06
419,41,3,4424.05,0.1,11944.94
419,163,3,3977.99,0.1,10740.57
419,173,1,3917.1,0,3917.1
419,268,3,4342.22,0.1,11723.99
419,7,3,2977.47,0,8932.41
420,254,3,1160.5,0.2,2785.2
420,123,1,823.42,0,823.42
420,138,3,1616.24,0.2,3878.98
420,195,2,1333.33,0.2,2133.33
421,51,2,3723.25,0.1,6701.85
421,195,3,1333.33,0.1,3599.99
421,268,2,4342.22,0,8684.44
421,273,2,4036.68,0,8073.36
422,71,1,3792.47,0.1,3413.22
423,153,3,4053.91,0.1,10945.56
423,179,2,3748.16,0,7496.32
424,68,2,998.72,0,1997.44
424,104,3,4507.94,0.2,10819.06
424,245,1,4842.81,0,4842.81
424,174,2,4378.44,0,8756.88
424,37,3,3070.15,0,9210.45
425,236,3,3037.97,0.1,8202.52
425,242,2,4351.59,0.1,7832.86
425,42,3,1883.45,0.1,5085.32
425,215,2,3807.34,0.2,6091.74
426,196,3,415.32,0.1,1121.36
426,91,1,1308.63,0.1,1177.77
427,232,3,3920.49,0,11761.47
427,121,2,2781.54,0.2,4450.46
427,229,3,1081.83,0,3245.49
428,267,3,4752.35,0,14257.05
428,231,3,671.34,0.2,1611.22
428,52,2,4453.5,0.2,7125.6
428,274,2,2974.84,0,5949.68
429,68,3,998.72,0,2996.16
429,97,3,1334.43,0.1,3602.96
429,21,1,2599.67,0.2,2079.74
429,51,2,3723.25,0,7446.5
429,90,3,183.24,0.2,439.78
430,40,2,1192.17,0.2,1907.47
430,223,1,3793.34,0.2,3034.67
430,241,1,4140.57,0.1,3726.51
431,48,1,1103.95,0.1,993.56
431,145,3,1799.29,0.2,4318.3
431,53,3,4303.7,0.2,10328.88
431,106,3,1023.38,0.2,2456.11
432,25,1,2807.38,0,2807.38
432,231,1,671.34,0.1,604.21
432,33,1,1950.06,0.1,1755.05
432,194,3,2773.23,0.1,7487.72
433,126,2,1025.69,0,2051.38
434,14,3,4246.91,0.2,10192.58
434,273,3,4036.68,0.1,10899.04
434,74,2,3005.42,0.1,5409.76
434,46,1,3061.47,0.1,2755.32
435,31,1,3542.58,0.1,3188.32
436,293,3,3384.67,0,10154.01
437,73,3,4378.53,0.1,11822.03
438,266,3,1513.44,0,4540.32
439,277,1,3435.47,0.2,2748.38
440,27,3,4687.97,0.2,11251.13
440,221,2,3628.31,0.1,6530.96
440,196,3,415.32,0.2,996.77
441,46,1,3061.47,0.1,2755.32
442,44,1,3885.07,0.2,3108.06
442,247,2,2671.22,0.1,4808.2
442,249,1,2443.3,0.1,2198.97
442,6,3,905.68,0.2,2173.63
443,222,2,3519.57,0.2,5631.31
443,232,3,3920.49,0.1,10585.32
444,249,2,2443.3,0,4886.6
444,257,1,4439.91,0,4439.91
444,14,1,4246.91,0.1,3822.22
445,300,1,3405.97,0.1,3065.37
446,54,1,954.56,0,954.56
446,124,1,319.5,0,319.5
446,67,2,1384.47,0,2768.94
447,215,3,3807.34,0,11422.02
447,236,1,3037.97,0.1,2734.17
447,145,2,1799.29,0.2,2878.86
447,17,2,2227.3,0.2,3563.68
448,62,1,2655.9,0.1,2390.31
448,25,3,2807.38,0.1,7579.93
448,206,3,789.54,0.2,1894.9
448,216,1,1354.53,0.1,1219.08
448,147,1,1158.14,0,1158.14
449,9,2,2541.75,0.1,4575.15
450,229,2,1081.83,0,2163.66
450,141,1,1689.08,0,1689.08
450,246,1,358.61,0,358.61
450,217,2,1838.37,0,3676.74
451,182,1,2659.11,0.1,2393.2
451,237,2,3100.61,0,6201.22
451,55,3,4758.22,0,14274.66
452,228,1,4818.58,0.1,4336.72
452,90,3,183.24,0.1,494.75
452,47,3,2238.71,0.2,5372.9
452,2,3,162.86,0,488.58
452,179,2,3748.16,0.2,5997.06
453,190,2,1962.53,0,3925.06
453,172,1,4013.49,0.1,3612.14
454,86,1,4925.27,0.1,4432.74
454,193,1,4029.85,0.2,3223.88
454,9,1,2541.75,0.2,2033.4
454,123,2,823.42,0.2,1317.47
454,25,1,2807.38,0,2807.38
455,191,3,2272.49,0,6817.47
455,89,2,130.17,0,260.34
456,41,1,4424.05,0.2,3539.24
456,192,3,1974.7,0.2,4739.28
456,219,2,134.79,0,269.58
456,22,2,3109.21,0.2,4974.74
456,241,1,4140.57,0,4140.57
457,82,3,716.07,0.2,1718.57
458,82,3,716.07,0.2,1718.57
458,130,2,3052.06,0.1,5493.71
459,264,1,490.72,0.2,392.58
459,249,3,2443.3,0.1,6596.91
459,161,2,2773.7,0.1,4992.66
460,200,1,456.13,0.1,410.52
460,93,3,4086.52,0.2,9807.65
461,168,2,1435,0,2870
461,265,2,3805.03,0.1,6849.05
461,278,1,2540.74,0.1,2286.67
461,197,1,3435.53,0,3435.53
462,271,2,4563.65,0.2,7301.84
462,288,1,4205.02,0.1,3784.52
462,21,1,2599.67,0.2,2079.74
462,90,3,183.24,0.2,439.78
463,228,3,4818.58,0.2,11564.59
463,244,3,3623.71,0,10871.13
464,146,3,1738.9,0.1,4695.03
464,155,3,2767.71,0.2,6642.5
464,25,2,2807.38,0,5614.76
464,55,3,4758.22,0.1,12847.19
465,84,2,3865.55,0.2,6184.88
465,53,1,4303.7,0,4303.7
465,232,1,3920.49,0,3920.49
465,199,1,1706.15,0.1,1535.54
465,238,1,2511.77,0,2511.77
466,201,1,3328.08,0.1,2995.27
466,199,1,1706.15,0.1,1535.54
467,92,3,1893.48,0.2,4544.35
467,244,2,3623.71,0.2,5797.94
467,15,2,2876.77,0,5753.54
467,77,1,3082.83,0,3082.83
467,252,2,3127.93,0.2,5004.69
468,248,3,1314.7,0,3944.1
468,210,3,161.58,0.2,387.79
469,147,3,1158.14,0,3474.42
469,189,1,2918.36,0.1,2626.52
469,64,3,2393.81,0.2,5745.14
469,150,2,1188.32,0,2376.64
470,176,2,4859.23,0.2,7774.77
470,54,2,954.56,0.2,1527.3
470,127,3,4510.8,0.2,10825.92
470,170,3,2123.49,0.2,5096.38
471,97,3,1334.43,0,4003.29
471,244,2,3623.71,0,7247.42
471,283,1,1366.35,0.1,1229.71
472,8,1,1531.1,0.2,1224.88
472,114,2,2450.58,0,4901.16
473,233,2,3048.45,0.2,4877.52
473,183,3,2480.1,0.1,6696.27
473,196,1,415.32,0.1,373.79
474,230,2,1046.39,0.2,1674.22
474,19,2,175.58,0,351.16
474,229,2,1081.83,0.2,1730.93
474,107,1,171.93,0.2,137.54
475,283,2,1366.35,0,2732.7
476,73,1,4378.53,0,4378.53
477,70,1,2565.16,0.2,2052.13
477,196,3,415.32,0.1,1121.36
477,100,1,4054.92,0,4054.92
477,240,3,1075.21,0.1,2903.07
477,122,3,1254.11,0.1,3386.1
478,235,2,1157.47,0.1,2083.45
478,112,3,2686.4,0,8059.2
478,124,3,319.5,0.2,766.8
478,234,2,1752.01,0.1,3153.62
479,270,1,3310.85,0.2,2648.68
479,56,1,886.8,0,886.8
480,243,3,2564.2,0.2,6154.08
480,91,1,1308.63,0.1,1177.77
481,267,3,4752.35,0.1,12831.35
482,287,2,4626.22,0,9252.44
482,176,2,4859.23,0,9718.46
483,265,3,3805.03,0.1,10273.58
483,211,3,2468.4,0.1,6664.68
483,5,2,4696.11,0.2,7513.78
483,41,3,4424.05,0.2,10617.72
484,70,2,2565.16,0.2,4104.26
484,94,3,2572.33,0.2,6173.59
485,131,2,2349.61,0.1,4229.3
485,80,1,2157.78,0.2,1726.22
485,174,2,4378.44,0,8756.88
485,39,1,1788.8,0,1788.8
485,222,2,3519.57,0,7039.14
486,93,3,4086.52,0,12259.56
486,216,2,1354.53,0,2709.06
487,203,3,4122.66,0,12367.98
487,25,1,2807.38,0.2,2245.9
487,220,1,2980.59,0.1,2682.53
488,17,2,2227.3,0.1,4009.14
488,113,2,180.63,0.2,289.01
488,82,1,716.07,0,716.07
488,237,1,3100.61,0.1,2790.55
489,98,3,1535.92,0.1,4146.98
489,112,1,2686.4,0.1,2417.76
490,126,2,1025.69,0,2051.38
491,210,3,161.58,0.2,387.79
491,119,2,822.62,0.2,1316.19
492,213,3,2436.3,0,7308.9
492,194,1,2773.23,0.1,2495.91
492,277,2,3435.47,0.2,5496.75
492,85,3,4346.15,0,13038.45
492,283,3,1366.35,0,4099.05
493,246,3,358.61,0,1075.83
493,132,2,1515.14,0.2,2424.22
493,247,1,2671.22,0.2,2136.98
493,196,3,415.32,0.1,1121.36
494,63,2,4344.14,0.1,7819.45
494,141,3,1689.08,0.2,4053.79
494,279,3,347.7,0.2,834.48
495,7,2,2977.47,0.2,4763.95
496,157,2,1420.43,0,2840.86
496,253,3,655.15,0,1965.45
496,214,2,956.15,0.2,1529.84
496,234,3,1752.01,0.1,4730.43
496,12,3,1645.78,0.2,3949.87
497,157,1,1420.43,0.2,1136.34
498,103,3,1726.45,0,5179.35
499,37,1,3070.15,0,3070.15
499,91,1,1308.63,0,1308.63
499,108,2,3213.87,0,6427.74
499,52,1,4453.5,0.2,3562.8
500,297,2,4780.41,0,9560.82
500,151,2,4406.48,0.1,7931.66
501,247,2,2671.22,0.2,4273.95
502,266,2,1513.44,0,3026.88
502,77,3,3082.83,0.1,8323.64
502,127,1,4510.8,0.2,3608.64
502,90,2,183.24,0.1,329.83
502,28,1,626.91,0.2,501.53
503,271,3,4563.65,0.1,12321.85
503,250,3,2498.75,0.1,6746.62
504,258,1,3042.51,0,3042.51
504,129,3,2531.28,0.1,6834.46
504,40,2,1192.17,0,2384.34
504,91,1,1308.63,0.1,1177.77
505,168,1,1435,0.2,1148
505,41,1,4424.05,0,4424.05
505,144,2,2500.85,0,5001.7
505,244,2,3623.71,0.2,5797.94
505,52,1,4453.5,0.1,4008.15
506,154,3,3505.06,0,10515.18
507,86,2,4925.27,0.1,8865.49
507,275,2,1095.75,0.1,1972.35
508,244,1,3623.71,0.1,3261.34
508,24,1,4661.82,0.2,3729.46
508,12,3,1645.78,0,4937.34
508,110,3,478.85,0,1436.55
509,80,3,2157.78,0.1,5826.01
509,76,3,3589.68,0.2,8615.23
510,82,2,716.07,0,1432.14
510,8,2,1531.1,0.1,2755.98
511,18,2,534.95,0.2,855.92
511,125,3,1471.63,0,4414.89
512,161,3,2773.7,0,8321.1
512,66,3,610.55,0,1831.65
512,245,3,4842.81,0.1,13075.59
512,136,2,835.08,0.2,1336.13
512,222,3,3519.57,0.1,9502.84
513,34,3,3132.01,0,9396.03
513,259,3,2977.48,0.1,8039.2
513,90,3,183.24,0.2,439.78
513,99,1,648.26,0,648.26
514,230,1,1046.39,0.1,941.75
514,279,2,347.7,0.2,556.32
515,165,1,1745.41,0.1,1570.87
515,218,3,693.44,0.2,1664.26
515,286,3,3079.76,0.1,8315.35
516,111,2,132.09,0,264.18
517,298,1,2955.32,0.2,2364.26
517,169,3,4666.14,0.2,11198.74
517,150,3,1188.32,0.2,2851.97
517,135,2,1279.65,0,2559.3
517,9,2,2541.75,0.2,4066.8
518,55,1,4758.22,0.1,4282.4
518,204,1,2819.85,0,2819.85
518,257,2,4439.91,0,8879.82
518,10,3,4384.24,0,13152.72
518,92,3,1893.48,0,5680.44
519,179,1,3748.16,0.1,3373.34
520,151,1,4406.48,0.1,3965.83
520,78,3,3855.59,0.2,9253.42
520,80,1,2157.78,0.1,1942
521,165,2,1745.41,0.2,2792.66
522,258,3,3042.51,0.2,7302.02
522,108,1,3213.87,0,3213.87
522,43,3,241.69,0.2,580.06
522,90,1,183.24,0.2,146.59
523,294,3,294.39,0.1,794.85
524,127,3,4510.8,0.1,12179.16
524,143,2,2349.66,0.2,3759.46
524,233,1,3048.45,0.2,2438.76
524,139,1,3351.42,0.2,2681.14
524,24,1,4661.82,0.2,3729.46
525,32,2,3229.2,0.1,5812.56
525,91,2,1308.63,0,2617.26
525,181,1,3568.87,0.1,3211.98
526,286,2,3079.76,0.1,5543.57
526,282,2,3926.46,0,7852.92
527,295,1,2343.7,0.1,2109.33
528,192,3,1974.7,0.1,5331.69
529,116,1,4729.75,0.2,3783.8
530,187,3,4233.39,0.2,10160.14
530,71,3,3792.47,0.2,9101.93
530,63,2,4344.14,0.2,6950.62
530,17,1,2227.3,0,2227.3
531,10,1,4384.24,0,4384.24
531,176,2,4859.23,0.2,7774.77
531,223,3,3793.34,0,11380.02
531,252,1,3127.93,0.2,2502.34
532,187,3,4233.39,0.1,11430.15
532,5,3,4696.11,0.1,12679.5
532,243,2,2564.2,0,5128.4
532,272,3,1711.82,0,5135.46
532,108,1,3213.87,0.2,2571.1
533,237,1,3100.61,0.1,2790.55
533,177,3,1279.69,0,3839.07
533,46,2,3061.47,0.1,5510.65
533,50,1,4334.05,0.1,3900.65
534,247,1,2671.22,0,2671.22
534,92,1,1893.48,0,1893.48
534,97,3,1334.43,0,4003.29
534,132,3,1515.14,0.1,4090.88
535,200,2,456.13,0,912.26
535,128,3,4900.43,0.2,11761.03
535,19,3,175.58,0,526.74
536,269,1,4355.56,0.2,3484.45
536,167,2,3968.26,0,7936.52
537,78,3,3855.59,0.2,9253.42
537,146,3,1738.9,0,5216.7
538,89,2,130.17,0.2,208.27
538,32,3,3229.2,0.1,8718.84
538,58,3,3807.05,0.1,10279.04
538,287,2,4626.22,0,9252.44
538,23,3,4414.98,0.2,10595.95
539,216,3,1354.53,0,4063.59
540,65,2,4314.56,0,8629.12
540,92,3,1893.48,0.2,4544.35
540,147,3,1158.14,0,3474.42
541,13,1,3075.58,0,3075.58
541,90,2,183.24,0.2,293.18
541,260,1,4129.31,0,4129.31
541,149,3,4047.23,0,12141.69
542,43,1,241.69,0.2,193.35
542,240,2,1075.21,0,2150.42
542,3,3,1407.01,0.1,3798.93
542,255,3,634.26,0.2,1522.22
543,132,2,1515.14,0,3030.28
543,76,1,3589.68,0.1,3230.71
544,169,2,4666.14,0,9332.28
544,164,3,816.74,0.1,2205.2
544,53,1,4303.7,0.1,3873.33
544,3,2,1407.01,0.1,2532.62
545,232,1,3920.49,0.1,3528.44
545,13,3,3075.58,0.1,8304.07
546,160,3,961.86,0.1,2597.02
546,287,2,4626.22,0.1,8327.2
546,67,2,1384.47,0.1,2492.05
546,164,3,816.74,0.1,2205.2
547,263,3,3765.62,0.2,9037.49
547,113,3,180.63,0.1,487.7
547,2,1,162.86,0.2,130.29
547,26,2,1802.56,0,3605.12
547,118,2,2699.14,0.2,4318.62
548,4,1,4485.44,0.2,3588.35
548,56,2,886.8,0.2,1418.88
548,137,3,1005.84,0,3017.52
548,17,1,2227.3,0.2,1781.84
548,195,3,1333.33,0.1,3599.99
549,77,2,3082.83,0.1,5549.09
549,109,2,500.73,0.2,801.17
549,98,2,1535.92,0,3071.84
550,47,2,2238.71,0.2,3581.94
551,159,2,807.72,0,1615.44
552,41,3,4424.05,0,13272.15
553,182,3,2659.11,0.1,7179.6
553,45,1,2210.75,0,2210.75
553,6,2,905.68,0.1,1630.22
554,15,3,2876.77,0.1,7767.28
554,272,1,1711.82,0.2,1369.46
554,87,2,2631.45,0.2,4210.32
555,205,1,1317.26,0.2,1053.81
556,149,1,4047.23,0.2,3237.78
557,40,3,1192.17,0.1,3218.86
558,48,2,1103.95,0,2207.9
558,275,3,1095.75,0.1,2958.53
559,265,2,3805.03,0.1,6849.05
559,45,3,2210.75,0,6632.25
559,270,3,3310.85,0.1,8939.3
560,142,2,2632.44,0.1,4738.39
560,104,1,4507.94,0,4507.94
560,27,2,4687.97,0.2,7500.75
561,30,1,4638.28,0.2,3710.62
561,191,1,2272.49,0,2272.49
561,250,3,2498.75,0,7496.25
561,278,1,2540.74,0.1,2286.67
562,57,3,924.14,0.1,2495.18
563,279,3,347.7,0.2,834.48
564,1,2,1571.14,0.1,2828.05
564,125,2,1471.63,0.2,2354.61
564,225,3,841.46,0,2524.38
564,41,1,4424.05,0,4424.05
564,299,1,2527.49,0.2,2021.99
565,285,1,2791.44,0,2791.44
565,195,3,1333.33,0.2,3199.99
565,34,2,3132.01,0,6264.02
565,79,2,2449.85,0.1,4409.73
566,215,3,3807.34,0,11422.02
566,42,2,1883.45,0,3766.9
566,167,1,3968.26,0,3968.26
567,225,3,841.46,0.2,2019.5
568,81,2,709.48,0.2,1135.17
568,1,1,1571.14,0.2,1256.91
568,103,1,1726.45,0.1,1553.81
568,159,1,807.72,0.1,726.95
568,225,3,841.46,0,2524.38
569,213,1,2436.3,0,2436.3
570,275,1,1095.75,0.2,876.6
571,136,3,835.08,0,2505.24
571,31,2,3542.58,0,7085.16
571,153,2,4053.91,0.2,6486.26
571,139,2,3351.42,0.1,6032.56
572,138,1,1616.24,0,1616.24
572,255,2,634.26,0.2,1014.82
573,190,2,1962.53,0.2,3140.05
574,270,1,3310.85,0,3310.85
574,97,2,1334.43,0.1,2401.97
574,249,3,2443.3,0.2,5863.92
574,153,2,4053.91,0,8107.82
575,201,1,3328.08,0.2,2662.46
575,91,3,1308.63,0,3925.89
576,69,2,2395.28,0.2,3832.45
576,89,3,130.17,0.2,312.41
576,220,3,2980.59,0,8941.77
576,164,1,816.74,0,816.74
577,1,2,1571.14,0.1,2828.05
577,270,2,3310.85,0,6621.7
578,114,2,2450.58,0.1,4411.04
578,127,2,4510.8,0.1,8119.44
579,27,3,4687.97,0.1,12657.52
579,150,1,1188.32,0.2,950.66
579,91,2,1308.63,0.2,2093.81
580,230,3,1046.39,0,3139.17
580,71,1,3792.47,0.2,3033.98
580,176,1,4859.23,0.1,4373.31
580,29,1,708.63,0.2,566.9
581,119,3,822.62,0.2,1974.29
581,178,3,113.25,0,339.75
582,136,2,835.08,0.2,1336.13
582,276,2,2930.01,0.2,4688.02
582,291,3,850.79,0.1,2297.13
582,3,1,1407.01,0,1407.01
583,282,2,3926.46,0.2,6282.34
583,27,3,4687.97,0.1,12657.52
583,70,3,2565.16,0.2,6156.38
583,161,3,2773.7,0,8321.1
583,232,1,3920.49,0.2,3136.39
584,117,1,2823.36,0,2823.36
584,143,3,2349.66,0,7048.98
584,220,2,2980.59,0,5961.18
584,298,3,2955.32,0,8865.96
585,53,2,4303.7,0.2,6885.92
585,174,1,4378.44,0,4378.44
585,46,2,3061.47,0,6122.94
585,50,3,4334.05,0.2,10401.72
586,234,1,1752.01,0.2,1401.61
586,136,1,835.08,0.1,751.57
586,11,2,4126.24,0.2,6601.98
586,259,3,2977.48,0.1,8039.2
586,167,2,3968.26,0,7936.52
587,204,3,2819.85,0,8459.55
587,167,2,3968.26,0.2,6349.22
588,283,1,1366.35,0.2,1093.08
589,230,1,1046.39,0.1,941.75
590,104,3,4507.94,0,13523.82
590,262,2,579.31,0,1158.62
590,242,3,4351.59,0.1,11749.29
591,258,1,3042.51,0,3042.51
591,192,2,1974.7,0.2,3159.52
591,252,3,3127.93,0.2,7507.03
591,9,1,2541.75,0.1,2287.58
591,6,3,905.68,0,2717.04
592,175,1,797.23,0.2,637.78
592,73,3,4378.53,0.2,10508.47
592,58,3,3807.05,0.1,10279.04
593,8,1,1531.1,0,1531.1
593,112,1,2686.4,0,2686.4
593,24,1,4661.82,0,4661.82
593,106,1,1023.38,0,1023.38
594,179,1,3748.16,0.2,2998.53
595,64,3,2393.81,0.2,5745.14
595,90,2,183.24,0.1,329.83
595,297,2,4780.41,0.2,7648.66
595,232,1,3920.49,0,3920.49
596,237,2,3100.61,0,6201.22
596,178,1,113.25,0.2,90.6
596,254,2,1160.5,0.2,1856.8
596,256,2,340.75,0.1,613.35
597,32,1,3229.2,0.1,2906.28
597,196,1,415.32,0,415.32
597,126,2,1025.69,0,2051.38
597,17,1,2227.3,0.2,1781.84
597,129,2,2531.28,0.1,4556.3
598,222,2,3519.57,0.1,6335.23
598,173,3,3917.1,0,11751.3
598,249,2,2443.3,0.2,3909.28
598,107,2,171.93,0,343.86
599,124,2,319.5,0.2,511.2
599,249,1,2443.3,0.1,2198.97
600,91,1,1308.63,0.2,1046.9
600,270,2,3310.85,0,6621.7
600,96,1,4243.67,0.2,3394.94
601,20,2,670.4,0.1,1206.72
601,166,2,1655.44,0,3310.88
601,234,3,1752.01,0,5256.03
602,81,3,709.48,0.2,1702.75
602,153,3,4053.91,0,12161.73
602,84,2,3865.55,0.1,6957.99
602,90,2,183.24,0.2,293.18
602,37,2,3070.15,0.1,5526.27
603,36,1,649.16,0,649.16
603,173,3,3917.1,0.2,9401.04
603,294,3,294.39,0,883.17
604,153,1,4053.91,0.1,3648.52
605,122,3,1254.11,0.2,3009.86
605,192,1,1974.7,0.1,1777.23
606,76,2,3589.68,0.1,6461.42
606,45,3,2210.75,0.1,5969.03
606,59,1,2724.81,0,2724.81
606,177,3,1279.69,0.2,3071.26
606,231,2,671.34,0.1,1208.41
607,178,1,113.25,0,113.25
607,112,2,2686.4,0.2,4298.24
607,110,3,478.85,0.2,1149.24
607,98,2,1535.92,0.1,2764.66
607,213,1,2436.3,0.2,1949.04
608,152,1,888.12,0.2,710.5
608,299,1,2527.49,0,2527.49
608,54,2,954.56,0,1909.12
608,108,3,3213.87,0,9641.61
608,244,3,3623.71,0,10871.13
609,219,2,134.79,0.1,242.62
609,16,2,3952.33,0.1,7114.19
609,115,3,2411.4,0,7234.2
609,213,1,2436.3,0.1,2192.67
610,270,3,3310.85,0.2,7946.04
610,226,2,2658.25,0,5316.5
611,184,2,3022.86,0.2,4836.58
611,150,2,1188.32,0.2,1901.31
611,207,1,4279.16,0.1,3851.24
611,144,1,2500.85,0.2,2000.68
612,139,2,3351.42,0,6702.84
612,86,1,4925.27,0.1,4432.74
612,119,1,822.62,0.2,658.1
612,166,2,1655.44,0.1,2979.79
613,38,3,1830.1,0.2,4392.24
613,222,2,3519.57,0.1,6335.23
613,123,3,823.42,0.2,1976.21
613,72,1,694.52,0.2,555.62
614,67,1,1384.47,0.1,1246.02
614,84,1,3865.55,0,3865.55
614,162,2,3712.96,0.2,5940.74
614,118,1,2699.14,0.1,2429.23
614,170,2,2123.49,0,4246.98
615,213,1,2436.3,0,2436.3
615,260,2,4129.31,0.2,6606.9
616,221,1,3628.31,0.1,3265.48
616,72,3,694.52,0.2,1666.85
616,256,1,340.75,0.2,272.6
616,160,1,961.86,0,961.86
616,262,2,579.31,0.2,926.9
617,95,2,1944.44,0.2,3111.1
617,266,3,1513.44,0,4540.32
617,9,2,2541.75,0,5083.5
617,127,2,4510.8,0.2,7217.28
618,80,2,2157.78,0.2,3452.45
618,71,3,3792.47,0.2,9101.93
618,66,2,610.55,0,1221.1
619,40,2,1192.17,0.2,1907.47
620,155,2,2767.71,0.1,4981.88
620,151,1,4406.48,0.1,3965.83
620,134,3,1581.19,0.2,3794.86
621,133,1,4617.75,0,4617.75
621,91,3,1308.63,0.2,3140.71
621,58,2,3807.05,0.1,6852.69
621,77,1,3082.83,0.1,2774.55
621,264,2,490.72,0.2,785.15
622,189,2,2918.36,0.2,4669.38
622,6,3,905.68,0.2,2173.63
622,255,3,634.26,0,1902.78
622,61,2,3565.73,0.2,5705.17
623,281,1,914.17,0,914.17
623,20,3,670.4,0.2,1608.96
623,196,1,415.32,0,415.32
623,39,1,1788.8,0,1788.8
623,266,1,1513.44,0.2,1210.75
624,163,3,3977.99,0.2,9547.18
625,174,3,4378.44,0,13135.32
625,85,1,4346.15,0,4346.15
625,126,2,1025.69,0.2,1641.1
625,18,2,534.95,0,1069.9
626,85,2,4346.15,0.2,6953.84
627,264,1,490.72,0.1,441.65
627,255,2,634.26,0,1268.52
627,33,1,1950.06,0.1,1755.05
627,77,1,3082.83,0.1,2774.55
628,205,1,1317.26,0.1,1185.53
629,4,3,4485.44,0.1,12110.69
629,208,3,2962.16,0.2,7109.18
629,138,3,1616.24,0.2,3878.98
629,73,1,4378.53,0.2,3502.82
629,283,1,1366.35,0,1366.35
630,33,3,1950.06,0.1,5265.16
630,142,1,2632.44,0,2632.44
630,235,2,1157.47,0,2314.94
631,105,1,985.57,0,985.57
631,57,2,924.14,0.2,1478.62
631,138,1,1616.24,0.1,1454.62
631,147,2,1158.14,0,2316.28
631,121,2,2781.54,0,5563.08
632,264,1,490.72,0.2,392.58
633,161,1,2773.7,0.1,2496.33
633,7,2,2977.47,0,5954.94
633,102,3,1655.92,0,4967.76
634,294,3,294.39,0,883.17
634,63,2,4344.14,0,8688.28
634,178,1,113.25,0,113.25
634,275,1,1095.75,0,1095.75
635,12,1,1645.78,0.1,1481.2
635,232,3,3920.49,0.1,10585.32
635,223,1,3793.34,0,3793.34
635,41,3,4424.05,0.1,11944.94
635,60,2,4674.62,0,9349.24
636,292,3,4156.58,0,12469.74
636,43,3,241.69,0,725.07
636,179,3,3748.16,0.1,10120.03
636,144,3,2500.85,0,7502.55
637,65,2,4314.56,0.2,6903.3
638,299,2,2527.49,0.1,4549.48
638,154,3,3505.06,0,10515.18
639,77,1,3082.83,0.1,2774.55
640,258,2,3042.51,0.1,5476.52
640,286,3,3079.76,0,9239.28
640,31,2,3542.58,0.2,5668.13
640,272,1,1711.82,0,1711.82
641,249,3,2443.3,0.1,6596.91
641,242,3,4351.59,0.1,11749.29
641,49,2,1365.91,0.1,2458.64
641,215,1,3807.34,0.2,3045.87
642,192,3,1974.7,0.1,5331.69
642,121,1,2781.54,0.2,2225.23
642,134,2,1581.19,0.1,2846.14
642,291,2,850.79,0.2,1361.26
642,178,2,113.25,0.1,203.85
643,229,1,1081.83,0.1,973.65
643,277,1,3435.47,0.2,2748.38
643,45,3,2210.75,0,6632.25
643,100,2,4054.92,0.1,7298.86
643,252,3,3127.93,0.2,7507.03
644,268,2,4342.22,0.2,6947.55
644,145,3,1799.29,0.1,4858.08
644,280,1,990.64,0,990.64
644,173,1,3917.1,0.1,3525.39
645,187,1,4233.39,0.2,3386.71
645,146,2,1738.9,0,3477.8
645,137,1,1005.84,0.2,804.67
645,51,2,3723.25,0.2,5957.2
645,46,2,3061.47,0.1,5510.65
646,223,1,3793.34,0.1,3414.01
646,15,1,2876.77,0.1,2589.09
646,207,3,4279.16,0,12837.48
646,213,2,2436.3,0,4872.6
646,201,2,3328.08,0.1,5990.54
647,70,1,2565.16,0.1,2308.64
647,213,2,2436.3,0.2,3898.08
648,266,1,1513.44,0.1,1362.1
648,272,1,1711.82,0.1,1540.64
648,251,3,148.83,0.1,401.84
649,77,1,3082.83,0.2,2466.26
650,122,3,1254.11,0.2,3009.86
650,159,3,807.72,0.1,2180.84
650,208,3,2962.16,0,8886.48
651,115,1,2411.4,0,2411.4
652,20,1,670.4,0,670.4
652,89,2,130.17,0.2,208.27
653,205,2,1317.26,0.1,2371.07
653,59,3,2724.81,0,8174.43
653,136,3,835.08,0.2,2004.19
653,64,3,2393.81,0.1,6463.29
654,280,3,990.64,0,2971.92
654,214,2,956.15,0.1,1721.07
655,81,1,709.48,0.2,567.58
655,191,2,2272.49,0,4544.98
655,25,1,2807.38,0.2,2245.9
655,179,3,3748.16,0.1,10120.03
655,146,2,1738.9,0.1,3130.02
656,158,1,3200.7,0.1,2880.63
656,39,2,1788.8,0,3577.6
657,32,2,3229.2,0,6458.4
657,100,3,4054.92,0.2,9731.81
657,274,3,2974.84,0.2,7139.62
657,4,3,4485.44,0.1,12110.69
658,7,2,2977.47,0.2,4763.95
658,259,2,2977.48,0.2,4763.97
658,111,3,132.09,0.1,356.64
658,279,2,347.7,0.2,556.32
658,233,3,3048.45,0.2,7316.28
659,96,3,4243.67,0,12731.01
659,58,3,3807.05,0,11421.15
660,84,3,3865.55,0.2,9277.32
661,52,1,4453.5,0.1,4008.15
661,297,3,4780.41,0.1,12907.11
661,269,1,4355.56,0.2,3484.45
661,66,3,610.55,0.2,1465.32
661,285,3,2791.44,0.2,6699.46
662,224,3,1630.29,0.1,4401.78
662,31,1,3542.58,0,3542.58
662,213,2,2436.3,0.1,4385.34
663,179,1,3748.16,0.2,2998.53
663,219,3,134.79,0.2,323.5
663,137,2,1005.84,0,2011.68
663,18,2,534.95,0.1,962.91
663,147,3,1158.14,0,3474.42
664,15,3,2876.77,0.1,7767.28
664,62,2,2655.9,0,5311.8
664,89,1,130.17,0.1,117.15
664,166,1,1655.44,0.2,1324.35
664,164,1,816.74,0,816.74
665,208,1,2962.16,0,2962.16
665,223,2,3793.34,0.1,6828.01
666,95,2,1944.44,0.2,3111.1
666,23,2,4414.98,0.1,7946.96
666,145,1,1799.29,0,1799.29
666,203,1,4122.66,0.1,3710.39
667,230,1,1046.39,0.2,837.11
667,256,2,340.75,0.2,545.2
667,203,2,4122.66,0.2,6596.26
667,193,2,4029.85,0.1,7253.73
668,295,2,2343.7,0.1,4218.66
668,157,1,1420.43,0.2,1136.34
668,253,1,655.15,0.2,524.12
668,227,3,4186.52,0,12559.56
668,277,3,3435.47,0.1,9275.77
669,44,2,3885.07,0.2,6216.11
669,17,2,2227.3,0,4454.6
670,3,1,1407.01,0.2,1125.61
670,268,3,4342.22,0,13026.66
670,120,2,2696.47,0.2,4314.35
670,191,3,2272.49,0.2,5453.98
671,66,2,610.55,0.1,1098.99
671,197,2,3435.53,0.1,6183.95
671,3,2,1407.01,0,2814.02
671,134,2,1581.19,0.2,2529.9
671,161,2,2773.7,0.2,4437.92
672,241,1,4140.57,0,4140.57
672,228,1,4818.58,0,4818.58
672,18,3,534.95,0,1604.85
673,285,2,2791.44,0.1,5024.59
673,242,1,4351.59,0,4351.59
673,264,2,490.72,0,981.44
673,255,2,634.26,0.1,1141.67
674,283,2,1366.35,0.1,2459.43
674,192,3,1974.7,0.2,4739.28
674,131,2,2349.61,0,4699.22
675,124,3,319.5,0,958.5
675,291,2,850.79,0.1,1531.42
675,209,2,4282.34,0,8564.68
675,84,3,3865.55,0.1,10436.99
675,251,1,148.83,0.2,119.06
676,45,1,2210.75,0.2,1768.6
677,183,1,2480.1,0.1,2232.09
677,176,2,4859.23,0.1,8746.61
677,106,3,1023.38,0,3070.14
677,259,1,2977.48,0.2,2381.98
677,122,2,1254.11,0.1,2257.4
678,126,2,1025.69,0.1,1846.24
678,108,3,3213.87,0,9641.61
679,113,2,180.63,0,361.26
679,159,3,807.72,0,2423.16
679,279,1,347.7,0,347.7
680,123,2,823.42,0.1,1482.16
680,114,3,2450.58,0.2,5881.39
680,209,3,4282.34,0.2,10277.62
680,217,2,1838.37,0,3676.74
681,135,3,1279.65,0.1,3455.06
681,85,1,4346.15,0,4346.15
681,286,2,3079.76,0.2,4927.62
681,245,1,4842.81,0.2,3874.25
682,189,1,2918.36,0.2,2334.69
682,233,3,3048.45,0,9145.35
682,293,2,3384.67,0.2,5415.47
683,43,2,241.69,0.2,386.7
683,267,1,4752.35,0.1,4277.12
683,2,3,162.86,0.2,390.86
684,232,1,3920.49,0.2,3136.39
685,21,2,2599.67,0.2,4159.47
685,238,2,2511.77,0.1,4521.19
685,69,3,2395.28,0.1,6467.26
686,202,1,1540.48,0,1540.48
686,139,1,3351.42,0.2,2681.14
686,88,1,555.9,0,555.9
686,101,1,3677.55,0,3677.55
687,154,1,3505.06,0,3505.06
687,70,2,2565.16,0,5130.32
687,286,2,3079.76,0,6159.52
687,3,3,1407.01,0.2,3376.82
687,53,3,4303.7,0.2,10328.88
688,172,1,4013.49,0.2,3210.79
688,62,1,2655.9,0.2,2124.72
688,50,1,4334.05,0.1,3900.65
688,166,3,1655.44,0.1,4469.69
689,184,2,3022.86,0,6045.72
690,58,1,3807.05,0.2,3045.64
690,123,3,823.42,0,2470.26
691,277,1,3435.47,0.1,3091.92
691,154,3,3505.06,0.2,8412.14
691,169,2,4666.14,0.1,8399.05
691,151,1,4406.48,0,4406.48
692,211,2,2468.4,0.1,4443.12
693,251,1,148.83,0.1,133.95
693,222,2,3519.57,0.2,5631.31
693,296,2,693.33,0.2,1109.33
693,181,3,3568.87,0,10706.61
694,284,1,1844.85,0,1844.85
694,185,3,1406.51,0.1,3797.58
694,191,2,2272.49,0.1,4090.48
694,92,3,1893.48,0.2,4544.35
695,37,3,3070.15,0,9210.45
695,30,1,4638.28,0,4638.28
695,261,1,3503.75,0,3503.75
696,1,3,1571.14,0.1,4242.08
697,85,1,4346.15,0.2,3476.92
698,59,1,2724.81,0.2,2179.85
698,291,1,850.79,0.1,765.71
698,153,1,4053.91,0.1,3648.52
698,102,2,1655.92,0,3311.84
698,234,3,1752.01,0.2,4204.82
699,110,3,478.85,0.1,1292.9
699,294,1,294.39,0.1,264.95
699,253,1,655.15,0,655.15
699,68,1,998.72,0.1,898.85
700,299,1,2527.49,0.2,2021.99
701,262,1,579.31,0.1,521.38
701,261,2,3503.75,0,7007.5
701,70,1,2565.16,0.2,2052.13
701,58,1,3807.05,0.2,3045.64
701,182,3,2659.11,0.2,6381.86
702,225,3,841.46,0,2524.38
702,177,3,1279.69,0.2,3071.26
703,67,2,1384.47,0.1,2492.05
703,158,1,3200.7,0.2,2560.56
703,298,1,2955.32,0,2955.32
703,289,2,1989.64,0,3979.28
703,81,2,709.48,0,1418.96
704,115,1,2411.4,0,2411.4
704,298,1,2955.32,0.2,2364.26
704,79,3,2449.85,0.1,6614.59
704,260,2,4129.31,0,8258.62
705,215,1,3807.34,0.1,3426.61
705,23,3,4414.98,0.1,11920.45
706,295,3,2343.7,0,7031.1
706,165,2,1745.41,0.2,2792.66
707,199,1,1706.15,0,1706.15
708,291,2,850.79,0.1,1531.42
708,125,2,1471.63,0,2943.26
708,46,3,3061.47,0.1,8265.97
709,169,2,4666.14,0.2,7465.82
709,213,2,2436.3,0,4872.6
709,127,3,4510.8,0.2,10825.92
709,16,1,3952.33,0,3952.33
709,218,3,693.44,0.2,1664.26
710,38,1,1830.1,0,1830.1
711,119,2,822.62,0.2,1316.19
711,282,2,3926.46,0,7852.92
711,94,1,2572.33,0.2,2057.86
711,11,2,4126.24,0.1,7427.23
712,254,3,1160.5,0.2,2785.2
712,252,2,3127.93,0,6255.86
712,186,1,4809.64,0.2,3847.71
712,203,3,4122.66,0,12367.98
713,66,2,610.55,0.2,976.88
713,198,3,2228.32,0.2,5347.97
713,104,2,4507.94,0,9015.88
713,201,2,3328.08,0.1,5990.54
713,273,2,4036.68,0.1,7266.02
714,70,2,2565.16,0.1,4617.29
714,128,3,4900.43,0.2,11761.03
714,145,3,1799.29,0,5397.87
714,160,3,961.86,0.2,2308.46
714,151,1,4406.48,0.2,3525.18
715,290,1,1966.47,0.1,1769.82
715,298,3,2955.32,0.1,7979.36
715,153,1,4053.91,0.1,3648.52
716,61,3,3565.73,0.2,8557.75
716,137,3,1005.84,0,3017.52
716,87,1,2631.45,0.1,2368.3
716,68,1,998.72,0.2,798.98
717,145,3,1799.29,0.2,4318.3
718,98,2,1535.92,0.2,2457.47
718,60,2,4674.62,0,9349.24
718,222,3,3519.57,0.2,8446.97
718,112,3,2686.4,0.2,6447.36
718,240,3,1075.21,0.1,2903.07
719,246,1,358.61,0,358.61
719,113,3,180.63,0.2,433.51
719,63,1,4344.14,0.2,3475.31
719,20,2,670.4,0.1,1206.72
719,149,3,4047.23,0.1,10927.52
720,110,2,478.85,0.2,766.16
720,237,1,3100.61,0.1,2790.55
720,51,3,3723.25,0.1,10052.77
720,300,2,3405.97,0.1,6130.75
720,157,2,1420.43,0.1,2556.77
721,288,3,4205.02,0.1,11353.55
721,122,3,1254.11,0.1,3386.1
722,17,1,2227.3,0,2227.3
722,226,2,2658.25,0.1,4784.85
722,251,1,148.83,0.2,119.06
722,14,3,4246.91,0,12740.73
723,63,3,4344.14,0.1,11729.18
723,109,1,500.73,0.1,450.66
723,179,3,3748.16,0.1,10120.03
723,97,3,1334.43,0.1,3602.96
724,236,3,3037.97,0.1,8202.52
724,184,1,3022.86,0.2,2418.29
724,168,2,1435,0,2870
724,141,3,1689.08,0,5067.24
724,45,3,2210.75,0.1,5969.03
725,173,1,3917.1,0,3917.1
725,32,1,3229.2,0.1,2906.28
725,271,3,4563.65,0.2,10952.76
726,250,1,2498.75,0,2498.75
727,153,2,4053.91,0,8107.82
727,198,3,2228.32,0,6684.96
727,177,1,1279.69,0.2,1023.75
727,183,1,2480.1,0.1,2232.09
728,285,3,2791.44,0,8374.32
728,138,2,1616.24,0.1,2909.23
729,260,3,4129.31,0.2,9910.34
729,297,2,4780.41,0.2,7648.66
730,191,1,2272.49,0.1,2045.24
731,298,2,2955.32,0,5910.64
731,276,3,2930.01,0.1,7911.03
732,12,3,1645.78,0.1,4443.61
732,269,3,4355.56,0,13066.68
732,132,1,1515.14,0.2,1212.11
732,241,3,4140.57,0,12421.71
732,164,1,816.74,0.2,653.39
733,294,3,294.39,0.2,706.54
734,247,1,2671.22,0.2,2136.98
734,241,1,4140.57,0.2,3312.46
734,123,2,823.42,0.1,1482.16
734,102,3,1655.92,0,4967.76
734,156,1,4614.81,0.1,4153.33
735,75,3,3915.6,0.2,9397.44
735,276,2,2930.01,0,5860.02
735,33,2,1950.06,0.1,3510.11
736,122,1,1254.11,0,1254.11
737,248,3,1314.7,0,3944.1
737,78,3,3855.59,0.2,9253.42
737,49,2,1365.91,0.2,2185.46
737,16,3,3952.33,0.1,10671.29
738,176,1,4859.23,0.2,3887.38
738,119,2,822.62,0,1645.24
738,126,2,1025.69,0.1,1846.24
738,85,1,4346.15,0.2,3476.92
739,32,3,3229.2,0,9687.6
739,74,2,3005.42,0.1,5409.76
740,10,1,4384.24,0.1,3945.82
740,279,3,347.7,0.2,834.48
740,201,1,3328.08,0.1,2995.27
740,160,3,961.86,0.2,2308.46
741,71,1,3792.47,0,3792.47
741,254,1,1160.5,0,1160.5
741,238,1,2511.77,0.2,2009.42
742,76,2,3589.68,0.1,6461.42
743,141,1,1689.08,0.2,1351.26
743,86,3,4925.27,0.1,13298.23
744,216,3,1354.53,0.2,3250.87
744,199,3,1706.15,0,5118.45
745,110,1,478.85,0,478.85
745,122,3,1254.11,0,3762.33
745,67,3,1384.47,0.2,3322.73
745,265,1,3805.03,0.2,3044.02
745,261,1,3503.75,0,3503.75
746,164,2,816.74,0,1633.48
746,216,1,1354.53,0.2,1083.62
747,103,3,1726.45,0,5179.35
747,295,3,2343.7,0,7031.1
747,57,2,924.14,0,1848.28
748,242,3,4351.59,0.1,11749.29
748,267,1,4752.35,0.2,3801.88
749,106,2,1023.38,0.2,1637.41
749,149,2,4047.23,0.1,7285.01
749,72,1,694.52,0,694.52
749,74,2,3005.42,0.1,5409.76
749,20,3,670.4,0.2,1608.96
750,196,2,415.32,0.2,664.51
750,12,2,1645.78,0,3291.56
750,181,1,3568.87,0,3568.87
750,33,1,1950.06,0,1950.06
751,199,3,1706.15,0.2,4094.76
751,218,2,693.44,0.2,1109.5
751,288,1,4205.02,0,4205.02
752,95,3,1944.44,0.1,5249.99
752,102,1,1655.92,0,1655.92
752,101,2,3677.55,0,7355.1
752,264,3,490.72,0.2,1177.73
752,146,1,1738.9,0.2,1391.12
753,163,2,3977.99,0,7955.98
753,201,1,3328.08,0,3328.08
754,97,1,1334.43,0,1334.43
754,219,3,134.79,0,404.37
755,104,1,4507.94,0.1,4057.15
755,131,3,2349.61,0,7048.83
755,62,1,2655.9,0.2,2124.72
756,273,1,4036.68,0.1,3633.01
756,16,1,3952.33,0.1,3557.1
756,259,3,2977.48,0.1,8039.2
757,47,2,2238.71,0,4477.42
758,175,1,797.23,0.2,637.78
759,50,1,4334.05,0.1,3900.65
760,77,3,3082.83,0,9248.49
761,175,3,797.23,0.2,1913.35
761,67,2,1384.47,0,2768.94
761,52,3,4453.5,0,13360.5
761,87,1,2631.45,0.2,2105.16
762,191,1,2272.49,0.1,2045.24
762,244,3,3623.71,0.1,9784.02
763,115,1,2411.4,0.1,2170.26
763,57,3,924.14,0,2772.42
763,204,1,2819.85,0.1,2537.86
763,93,3,4086.52,0,12259.56
764,181,3,3568.87,0.1,9635.95
764,126,1,1025.69,0.2,820.55
765,289,2,1989.64,0.1,3581.35
765,140,2,2103.47,0.1,3786.25
765,8,1,1531.1,0,1531.1
765,124,2,319.5,0.1,575.1
765,212,1,3691.31,0.1,3322.18
766,242,2,4351.59,0,8703.18
766,200,2,456.13,0.1,821.03
766,173,2,3917.1,0,7834.2
767,284,1,1844.85,0,1844.85
767,249,1,2443.3,0.1,2198.97
767,64,3,2393.81,0.2,5745.14
768,10,1,4384.24,0.2,3507.39
768,78,2,3855.59,0.2,6168.94
768,246,2,358.61,0,717.22
768,19,3,175.58,0,526.74
769,167,1,3968.26,0.1,3571.43
769,214,1,956.15,0.2,764.92
769,283,3,1366.35,0,4099.05
769,151,3,4406.48,0.1,11897.5
770,120,1,2696.47,0,2696.47
770,62,3,2655.9,0,7967.7
770,264,3,490.72,0.1,1324.94
770,235,2,1157.47,0.2,1851.95
770,228,2,4818.58,0.2,7709.73
771,294,1,294.39,0.2,235.51
772,134,3,1581.19,0.1,4269.21
772,55,3,4758.22,0.2,11419.73
772,137,3,1005.84,0.2,2414.02
772,295,3,2343.7,0.1,6327.99
772,33,2,1950.06,0.1,3510.11
773,62,3,2655.9,0.2,6374.16
774,131,1,2349.61,0.1,2114.65
774,252,3,3127.93,0,9383.79
774,136,3,835.08,0,2505.24
774,162,3,3712.96,0.1,10024.99
775,129,2,2531.28,0.2,4050.05
775,190,1,1962.53,0.2,1570.02
775,14,2,4246.91,0,8493.82
775,48,2,1103.95,0.2,1766.32
775,134,3,1581.19,0.1,4269.21
776,111,1,132.09,0.2,105.67
777,26,2,1802.56,0.2,2884.1
777,153,3,4053.91,0.2,9729.38
777,88,3,555.9,0.2,1334.16
777,40,3,1192.17,0.2,2861.21
777,210,1,161.58,0.2,129.26
778,201,3,3328.08,0,9984.24
778,194,2,2773.23,0.2,4437.17
778,37,3,3070.15,0.1,8289.41
778,8,1,1531.1,0.1,1377.99
778,282,2,3926.46,0.1,7067.63
779,176,3,4859.23,0.1,13119.92
779,134,2,1581.19,0.1,2846.14
780,245,1,4842.81,0.2,3874.25
780,27,3,4687.97,0.2,11251.13
781,56,1,886.8,0.2,709.44
781,230,1,1046.39,0.2,837.11
781,63,2,4344.14,0.2,6950.62
781,78,1,3855.59,0.1,3470.03
781,48,3,1103.95,0,3311.85
782,160,3,961.86,0.2,2308.46
782,298,2,2955.32,0.1,5319.58
782,213,2,2436.3,0.1,4385.34
782,130,2,3052.06,0.2,4883.3
783,27,3,4687.97,0.1,12657.52
783,53,3,4303.7,0.1,11619.99
783,21,2,2599.67,0.1,4679.41
783,59,1,2724.81,0.2,2179.85
784,131,2,2349.61,0.1,4229.3
784,260,3,4129.31,0.1,11149.14
784,199,3,1706.15,0.1,4606.61
784,194,1,2773.23,0.1,2495.91
784,192,2,1974.7,0.2,3159.52
785,44,1,3885.07,0.2,3108.06
785,186,1,4809.64,0.1,4328.68
785,77,2,3082.83,0,6165.66
785,152,3,888.12,0,2664.36
786,103,2,1726.45,0.2,2762.32
786,57,3,924.14,0.2,2217.94
786,283,3,1366.35,0.1,3689.14
786,183,3,2480.1,0.1,6696.27
786,278,3,2540.74,0.2,6097.78
787,88,1,555.9,0.1,500.31
787,27,3,4687.97,0,14063.91
788,141,3,1689.08,0,5067.24
788,247,3,2671.22,0.2,6410.93
788,215,3,3807.34,0.1,10279.82
788,220,1,2980.59,0.1,2682.53
789,250,2,2498.75,0,4997.5
789,263,3,3765.62,0.1,10167.17
789,105,1,985.57,0.1,887.01
789,115,2,2411.4,0.2,3858.24
789,70,1,2565.16,0.2,2052.13
790,50,1,4334.05,0.1,3900.65
790,100,3,4054.92,0.1,10948.28
790,23,3,4414.98,0.2,10595.95
791,281,2,914.17,0.1,1645.51
791,62,3,2655.9,0,7967.7
791,98,3,1535.92,0,4607.76
792,236,1,3037.97,0.2,2430.38
792,87,3,2631.45,0.2,6315.48
792,158,3,3200.7,0.2,7681.68
793,189,1,2918.36,0.1,2626.52
793,242,1,4351.59,0.1,3916.43
793,194,3,2773.23,0,8319.69
794,192,3,1974.7,0,5924.1
794,22,1,3109.21,0.1,2798.29
795,171,3,226.42,0.1,611.33
795,257,1,4439.91,0.1,3995.92
796,53,3,4303.7,0.1,11619.99
797,263,1,3765.62,0,3765.62
797,245,3,4842.81,0.2,11622.74
797,190,1,1962.53,0.1,1766.28
797,204,2,2819.85,0.2,4511.76
798,137,1,1005.84,0.2,804.67
798,80,3,2157.78,0,6473.34
799,35,3,147.11,0,441.33
799,21,3,2599.67,0.2,6239.21
799,32,3,3229.2,0.2,7750.08
799,105,1,985.57,0.2,788.46
800,47,2,2238.71,0.2,3581.94
800,72,2,694.52,0,1389.04
801,91,3,1308.63,0.2,3140.71
801,184,3,3022.86,0,9068.58
801,170,1,2123.49,0.1,1911.14
801,64,2,2393.81,0.1,4308.86
802,291,1,850.79,0.1,765.71
802,14,3,4246.91,0.2,10192.58
803,249,2,2443.3,0,4886.6
803,135,1,1279.65,0.1,1151.69
804,82,3,716.07,0,2148.21
804,294,1,294.39,0,294.39
804,138,3,1616.24,0,4848.72
805,190,2,1962.53,0,3925.06
805,88,1,555.9,0.2,444.72
805,57,1,924.14,0.2,739.31
806,176,3,4859.23,0,14577.69
806,58,1,3807.05,0.1,3426.35
807,107,1,171.93,0,171.93
807,260,2,4129.31,0.1,7432.76
807,247,3,2671.22,0.2,6410.93
807,267,3,4752.35,0,14257.05
807,4,1,4485.44,0.2,3588.35
808,169,2,4666.14,0.1,8399.05
808,70,2,2565.16,0.1,4617.29
808,194,2,2773.23,0.2,4437.17
808,263,3,3765.62,0.2,9037.49
808,109,2,500.73,0,1001.46
809,102,1,1655.92,0.2,1324.74
809,213,3,2436.3,0.2,5847.12
809,161,3,2773.7,0,8321.1
809,205,2,1317.26,0.2,2107.62
809,291,2,850.79,0.2,1361.26
810,111,3,132.09,0.2,317.02
810,120,3,2696.47,0.1,7280.47
810,57,2,924.14,0.1,1663.45
810,249,2,2443.3,0.1,4397.94
811,128,1,4900.43,0,4900.43
811,157,1,1420.43,0.1,1278.39
811,103,3,1726.45,0.2,4143.48
811,29,1,708.63,0,708.63
812,179,1,3748.16,0,3748.16
812,60,2,4674.62,0,9349.24
812,234,2,1752.01,0.2,2803.22
812,70,2,2565.16,0,5130.32
812,274,3,2974.84,0.1,8032.07
813,99,1,648.26,0,648.26
813,145,1,1799.29,0.1,1619.36
813,17,3,2227.3,0,6681.9
814,228,3,4818.58,0.2,11564.59
814,172,2,4013.49,0.1,7224.28
814,34,1,3132.01,0.2,2505.61
814,4,1,4485.44,0.1,4036.9
814,204,2,2819.85,0,5639.7
815,81,3,709.48,0.1,1915.6
815,216,2,1354.53,0,2709.06
815,126,2,1025.69,0,2051.38
815,195,2,1333.33,0,2666.66
815,155,1,2767.71,0,2767.71
816,279,3,347.7,0.2,834.48
816,134,1,1581.19,0.1,1423.07
816,257,1,4439.91,0,4439.91
816,122,1,1254.11,0.1,1128.7
816,8,2,1531.1,0.1,2755.98
817,129,2,2531.28,0.2,4050.05
817,197,3,3435.53,0.2,8245.27
817,102,3,1655.92,0.1,4470.98
817,285,1,2791.44,0,2791.44
818,164,2,816.74,0,1633.48
819,67,1,1384.47,0,1384.47
819,43,1,241.69,0,241.69
819,267,2,4752.35,0.2,7603.76
819,33,2,1950.06,0.2,3120.1
820,116,2,4729.75,0.1,8513.55
820,178,2,113.25,0.1,203.85
820,91,1,1308.63,0,1308.63
820,242,1,4351.59,0.2,3481.27
820,201,2,3328.08,0.2,5324.93
821,13,2,3075.58,0.1,5536.04
821,12,3,1645.78,0.1,4443.61
821,138,1,1616.24,0,1616.24
821,197,3,3435.53,0,10306.59
821,16,3,3952.33,0.2,9485.59
822,25,2,2807.38,0.2,4491.81
822,119,2,822.62,0.1,1480.72
823,274,2,2974.84,0,5949.68
823,227,1,4186.52,0.2,3349.22
823,28,2,626.91,0,1253.82
823,128,3,4900.43,0.1,13231.16
824,196,1,415.32,0,415.32
824,292,3,4156.58,0,12469.74
824,255,2,634.26,0.2,1014.82
824,150,3,1188.32,0.1,3208.46
824,142,3,2632.44,0.2,6317.86
825,14,1,4246.91,0.1,3822.22
825,167,1,3968.26,0,3968.26
825,156,1,4614.81,0,4614.81
825,195,3,1333.33,0,3999.99
826,236,3,3037.97,0.2,7291.13
826,117,2,2823.36,0.1,5082.05
826,68,1,998.72,0,998.72
827,151,3,4406.48,0,13219.44
828,203,3,4122.66,0.2,9894.38
828,45,1,2210.75,0,2210.75
828,177,1,1279.69,0.2,1023.75
828,180,1,655.78,0.1,590.2
829,277,2,3435.47,0,6870.94
830,132,3,1515.14,0.1,4090.88
831,31,2,3542.58,0.1,6376.64
831,83,1,4022.4,0.1,3620.16
831,205,1,1317.26,0.2,1053.81
831,121,2,2781.54,0.1,5006.77
832,109,1,500.73,0,500.73
833,17,3,2227.3,0.1,6013.71
833,292,2,4156.58,0.1,7481.84
833,102,2,1655.92,0,3311.84
834,193,2,4029.85,0.2,6447.76
835,21,3,2599.67,0.2,6239.21
835,155,1,2767.71,0.2,2214.17
835,232,1,3920.49,0.1,3528.44
835,69,2,2395.28,0.1,4311.5
836,39,2,1788.8,0.1,3219.84
836,143,2,2349.66,0.1,4229.39
836,219,1,134.79,0.2,107.83
836,276,2,2930.01,0.2,4688.02
836,71,1,3792.47,0,3792.47
837,196,1,415.32,0,415.32
837,132,3,1515.14,0,4545.42
837,170,3,2123.49,0,6370.47
837,291,3,850.79,0.1,2297.13
837,181,2,3568.87,0,7137.74
838,190,1,1962.53,0,1962.53
839,61,3,3565.73,0.2,8557.75
839,165,3,1745.41,0.1,4712.61
839,108,3,3213.87,0.1,8677.45
839,205,2,1317.26,0.1,2371.07
839,53,3,4303.7,0.2,10328.88
840,33,2,1950.06,0.1,3510.11
841,31,1,3542.58,0,3542.58
842,290,2,1966.47,0.1,3539.65
843,293,1,3384.67,0,3384.67
844,275,3,1095.75,0,3287.25
844,106,3,1023.38,0,3070.14
844,274,3,2974.84,0,8924.52
844,267,2,4752.35,0.1,8554.23
844,254,2,1160.5,0,2321
845,250,1,2498.75,0.1,2248.88
846,65,2,4314.56,0.2,6903.3
847,32,1,3229.2,0.2,2583.36
847,186,3,4809.64,0.2,11543.14
847,195,2,1333.33,0.2,2133.33
847,295,2,2343.7,0.2,3749.92
847,73,1,4378.53,0.1,3940.68
848,2,2,162.86,0.1,293.15
849,163,2,3977.99,0,7955.98
849,158,3,3200.7,0.2,7681.68
849,159,3,807.72,0.1,2180.84
849,212,3,3691.31,0.1,9966.54
849,115,3,2411.4,0.1,6510.78
850,100,3,4054.92,0.2,9731.81
850,89,2,130.17,0.1,234.31
850,21,2,2599.67,0.2,4159.47
851,148,3,2047.04,0,6141.12
851,234,3,1752.01,0,5256.03
851,71,1,3792.47,0,3792.47
852,94,1,2572.33,0,2572.33
852,26,3,1802.56,0.2,4326.14
852,97,2,1334.43,0,2668.86
852,100,2,4054.92,0.1,7298.86
852,19,3,175.58,0,526.74
853,68,1,998.72,0,998.72
853,248,3,1314.7,0.1,3549.69
854,177,3,1279.69,0.1,3455.16
854,90,1,183.24,0.1,164.92
854,294,1,294.39,0,294.39
855,86,2,4925.27,0.2,7880.43
855,30,3,4638.28,0,13914.84
855,186,2,4809.64,0.1,8657.35
855,100,3,4054.92,0.2,9731.81
856,11,2,4126.24,0.2,6601.98
857,133,1,4617.75,0.1,4155.98
857,294,3,294.39,0.1,794.85
857,210,3,161.58,0.2,387.79
857,259,2,2977.48,0.1,5359.46
857,211,1,2468.4,0,2468.4
858,256,1,340.75,0.2,272.6
858,241,3,4140.57,0.1,11179.54
858,176,2,4859.23,0.1,8746.61
858,106,3,1023.38,0.1,2763.13
858,143,2,2349.66,0.2,3759.46
859,208,2,2962.16,0,5924.32
859,285,3,2791.44,0,8374.32
860,276,2,2930.01,0,5860.02
861,254,3,1160.5,0.1,3133.35
862,27,3,4687.97,0.2,11251.13
862,225,2,841.46,0,1682.92
863,212,1,3691.31,0.1,3322.18
864,239,3,3599.71,0,10799.13
864,295,1,2343.7,0,2343.7
864,294,1,294.39,0.1,264.95
864,80,3,2157.78,0.2,5178.67
865,4,3,4485.44,0,13456.32
865,214,3,956.15,0.2,2294.76
865,33,2,1950.06,0.1,3510.11
865,193,2,4029.85,0.1,7253.73
865,206,3,789.54,0,2368.62
866,180,2,655.78,0.2,1049.25
866,135,3,1279.65,0,3838.95
867,84,2,3865.55,0.1,6957.99
867,292,1,4156.58,0.1,3740.92
868,87,3,2631.45,0,7894.35
868,93,1,4086.52,0.2,3269.22
868,228,3,4818.58,0.1,13010.17
868,121,3,2781.54,0,8344.62
868,191,3,2272.49,0.1,6135.72
869,220,2,2980.59,0.2,4768.94
869,252,1,3127.93,0,3127.93
869,18,3,534.95,0.2,1283.88
869,237,3,3100.61,0.2,7441.46
869,168,3,1435,0.1,3874.5
870,45,3,2210.75,0,6632.25
870,135,1,1279.65,0,1279.65
871,284,1,1844.85,0.1,1660.37
871,197,3,3435.53,0.2,8245.27
872,238,3,2511.77,0,7535.31
872,186,2,4809.64,0,9619.28
872,277,2,3435.47,0.2,5496.75
872,97,1,1334.43,0,1334.43
873,85,2,4346.15,0,8692.3
873,297,2,4780.41,0.1,8604.74
874,80,3,2157.78,0,6473.34
875,275,3,1095.75,0.1,2958.53
876,17,1,2227.3,0.1,2004.57
876,122,3,1254.11,0.2,3009.86
876,16,1,3952.33,0.1,3557.1
876,210,2,161.58,0,323.16
876,138,2,1616.24,0,3232.48
877,144,1,2500.85,0.1,2250.76
878,253,2,655.15,0.1,1179.27
879,22,1,3109.21,0.2,2487.37
879,105,1,985.57,0.2,788.46
879,94,2,2572.33,0.2,4115.73
879,30,1,4638.28,0,4638.28
880,282,1,3926.46,0.1,3533.81
880,186,1,4809.64,0,4809.64
880,12,1,1645.78,0,1645.78
881,86,2,4925.27,0.2,7880.43
881,206,3,789.54,0.1,2131.76
881,52,1,4453.5,0.1,4008.15
881,8,3,1531.1,0.1,4133.97
882,239,1,3599.71,0.1,3239.74
882,9,1,2541.75,0,2541.75
882,158,3,3200.7,0.2,7681.68
883,162,3,3712.96,0.1,10024.99
883,128,1,4900.43,0.1,4410.39
883,119,2,822.62,0.2,1316.19
883,48,3,1103.95,0.2,2649.48
883,161,2,2773.7,0.2,4437.92
884,221,2,3628.31,0.2,5805.3
884,226,2,2658.25,0,5316.5
884,117,1,2823.36,0.1,2541.02
884,222,1,3519.57,0.1,3167.61
885,195,3,1333.33,0.2,3199.99
885,283,2,1366.35,0,2732.7
885,39,1,1788.8,0,1788.8
886,220,2,2980.59,0.2,4768.94
886,14,2,4246.91,0,8493.82
886,21,1,2599.67,0,2599.67
886,26,1,1802.56,0.1,1622.3
886,27,2,4687.97,0.1,8438.35
887,22,3,3109.21,0.1,8394.87
887,2,1,162.86,0.1,146.57
888,199,3,1706.15,0,5118.45
888,257,1,4439.91,0.2,3551.93
888,90,3,183.24,0.1,494.75
888,129,1,2531.28,0.1,2278.15
888,175,1,797.23,0.2,637.78
889,182,1,2659.11,0.2,2127.29
889,37,2,3070.15,0.2,4912.24
889,261,1,3503.75,0.1,3153.38
889,13,3,3075.58,0.1,8304.07
889,150,3,1188.32,0.2,2851.97
890,72,2,694.52,0,1389.04
890,173,1,3917.1,0.1,3525.39
890,280,1,990.64,0.1,891.58
890,200,3,456.13,0.2,1094.71
890,110,2,478.85,0,957.7
891,149,3,4047.23,0.2,9713.35
891,140,2,2103.47,0.2,3365.55
891,15,1,2876.77,0,2876.77
891,213,2,2436.3,0.2,3898.08
891,87,2,2631.45,0,5262.9
892,96,1,4243.67,0.2,3394.94
893,154,1,3505.06,0.2,2804.05
893,287,2,4626.22,0,9252.44
894,151,2,4406.48,0,8812.96
894,53,1,4303.7,0.2,3442.96
895,188,2,270.55,0.1,486.99
895,285,2,2791.44,0.2,4466.3
896,135,2,1279.65,0.2,2047.44
896,17,3,2227.3,0.2,5345.52
896,190,2,1962.53,0,3925.06
896,18,2,534.95,0.2,855.92
896,34,2,3132.01,0.2,5011.22
897,93,1,4086.52,0.1,3677.87
897,83,1,4022.4,0.1,3620.16
898,1,1,1571.14,0,1571.14
899,162,2,3712.96,0.2,5940.74
899,136,3,835.08,0.1,2254.72
899,15,1,2876.77,0,2876.77
899,129,1,2531.28,0,2531.28
900,150,2,1188.32,0.1,2138.98
900,116,2,4729.75,0.1,8513.55
900,112,1,2686.4,0,2686.4
900,107,2,171.93,0,343.86
900,278,2,2540.74,0.1,4573.33
901,22,3,3109.21,0.1,8394.87
901,245,3,4842.81,0,14528.43
901,105,1,985.57,0.1,887.01
901,167,2,3968.26,0.1,7142.87
902,115,2,2411.4,0,4822.8
903,209,1,4282.34,0.1,3854.11
903,94,1,2572.33,0,2572.33
903,134,2,1581.19,0,3162.38
904,228,3,4818.58,0.1,13010.17
904,85,1,4346.15,0,4346.15
904,134,1,1581.19,0.1,1423.07
905,250,2,2498.75,0.2,3998
905,283,1,1366.35,0,1366.35
905,282,1,3926.46,0.1,3533.81
906,275,3,1095.75,0,3287.25
906,177,3,1279.69,0.2,3071.26
906,185,2,1406.51,0.2,2250.42
907,25,1,2807.38,0.2,2245.9
907,77,3,3082.83,0.2,7398.79
907,121,2,2781.54,0,5563.08
907,103,3,1726.45,0.1,4661.42
908,75,2,3915.6,0.2,6264.96
909,298,2,2955.32,0,5910.64
909,56,3,886.8,0.1,2394.36
909,135,3,1279.65,0.1,3455.06
909,63,3,4344.14,0.2,10425.94
909,97,1,1334.43,0.1,1200.99
910,201,3,3328.08,0.2,7987.39
910,8,1,1531.1,0.1,1377.99
911,90,1,183.24,0.2,146.59
912,6,2,905.68,0.1,1630.22
912,258,3,3042.51,0,9127.53
912,29,3,708.63,0.1,1913.3
912,110,3,478.85,0.2,1149.24
912,206,2,789.54,0.1,1421.17
913,116,3,4729.75,0.2,11351.4
913,48,1,1103.95,0.1,993.56
913,253,3,655.15,0,1965.45
913,177,1,1279.69,0.1,1151.72
913,228,2,4818.58,0.2,7709.73
914,123,1,823.42,0.1,741.08
915,142,1,2632.44,0.1,2369.2
915,110,2,478.85,0.1,861.93
915,115,2,2411.4,0.1,4340.52
915,296,1,693.33,0,693.33
916,192,1,1974.7,0,1974.7
916,160,1,961.86,0.1,865.67
917,194,2,2773.23,0,5546.46
917,103,1,1726.45,0.2,1381.16
917,179,3,3748.16,0,11244.48
918,124,3,319.5,0.1,862.65
918,21,1,2599.67,0.1,2339.7
918,35,1,147.11,0,147.11
918,47,2,2238.71,0.1,4029.68
918,176,1,4859.23,0.1,4373.31
919,162,1,3712.96,0,3712.96
920,2,2,162.86,0.2,260.58
920,26,3,1802.56,0.2,4326.14
921,258,1,3042.51,0,3042.51
922,76,1,3589.68,0.1,3230.71
922,106,2,1023.38,0.1,1842.08
922,50,3,4334.05,0,13002.15
922,99,1,648.26,0.2,518.61
922,213,2,2436.3,0.1,4385.34
923,282,1,3926.46,0.1,3533.81
923,228,1,4818.58,0.2,3854.86
923,141,3,1689.08,0.2,4053.79
924,140,3,2103.47,0.2,5048.33
924,199,3,1706.15,0,5118.45
925,281,3,914.17,0,2742.51
925,98,2,1535.92,0.2,2457.47
925,31,3,3542.58,0.2,8502.19
925,58,2,3807.05,0.2,6091.28
925,1,1,1571.14,0.1,1414.03
926,83,2,4022.4,0,8044.8
926,131,3,2349.61,0,7048.83
926,66,1,610.55,0,610.55
926,297,1,4780.41,0.1,4302.37
926,253,2,655.15,0.2,1048.24
927,288,1,4205.02,0.2,3364.02
927,292,2,4156.58,0.2,6650.53
927,48,1,1103.95,0.2,883.16
927,124,1,319.5,0.1,287.55
927,13,2,3075.58,0,6151.16
928,282,1,3926.46,0.2,3141.17
928,178,1,113.25,0.1,101.92
928,127,3,4510.8,0.1,12179.16
929,41,2,4424.05,0,8848.1
929,216,1,1354.53,0.2,1083.62
929,221,1,3628.31,0,3628.31
929,190,2,1962.53,0.2,3140.05
930,173,1,3917.1,0,3917.1
931,105,1,985.57,0.1,887.01
931,204,3,2819.85,0,8459.55
931,187,3,4233.39,0.2,10160.14
931,88,1,555.9,0.1,500.31
932,50,3,4334.05,0,13002.15
932,77,3,3082.83,0,9248.49
933,105,2,985.57,0,1971.14
934,249,3,2443.3,0.2,5863.92
934,23,3,4414.98,0.2,10595.95
934,155,1,2767.71,0,2767.71
934,47,1,2238.71,0.2,1790.97
935,258,3,3042.51,0,9127.53
935,195,1,1333.33,0.2,1066.66
935,185,2,1406.51,0.2,2250.42
936,49,2,1365.91,0,2731.82
937,231,3,671.34,0.1,1812.62
938,8,1,1531.1,0,1531.1
938,174,1,4378.44,0.1,3940.6
938,280,1,990.64,0.2,792.51
938,106,2,1023.38,0.2,1637.41
938,1,3,1571.14,0.2,3770.74
939,129,2,2531.28,0,5062.56
939,240,1,1075.21,0.1,967.69
939,28,1,626.91,0,626.91
939,245,2,4842.81,0.1,8717.06
940,267,1,4752.35,0.2,3801.88
941,75,2,3915.6,0.2,6264.96
941,233,3,3048.45,0,9145.35
941,172,1,4013.49,0,4013.49
942,136,3,835.08,0.2,2004.19
942,130,1,3052.06,0.2,2441.65
943,248,1,1314.7,0.2,1051.76
943,234,3,1752.01,0.2,4204.82
943,177,1,1279.69,0.1,1151.72
943,156,2,4614.81,0.1,8306.66
943,241,1,4140.57,0.1,3726.51
944,199,1,1706.15,0.2,1364.92
945,5,2,4696.11,0,9392.22
945,76,1,3589.68,0.2,2871.74
945,240,2,1075.21,0.1,1935.38
946,6,3,905.68,0.2,2173.63
946,244,2,3623.71,0.2,5797.94
947,183,2,2480.1,0.2,3968.16
948,82,1,716.07,0.2,572.86
948,159,2,807.72,0.1,1453.9
949,198,2,2228.32,0,4456.64
949,24,2,4661.82,0.2,7458.91
949,267,3,4752.35,0.1,12831.35
950,150,3,1188.32,0.1,3208.46
950,179,3,3748.16,0,11244.48
950,239,1,3599.71,0.1,3239.74
951,21,1,2599.67,0.1,2339.7
951,36,2,649.16,0.1,1168.49
951,269,2,4355.56,0.2,6968.9
952,216,3,1354.53,0.1,3657.23
953,59,2,2724.81,0,5449.62
953,166,2,1655.44,0,3310.88
953,122,3,1254.11,0.1,3386.1
953,293,3,3384.67,0,10154.01
953,22,3,3109.21,0.1,8394.87
954,9,2,2541.75,0,5083.5
954,196,3,415.32,0.1,1121.36
954,128,2,4900.43,0,9800.86
954,153,2,4053.91,0.1,7297.04
955,88,3,555.9,0.1,1500.93
955,83,2,4022.4,0.2,6435.84
955,101,1,3677.55,0,3677.55
956,131,2,2349.61,0.2,3759.38
956,180,2,655.78,0.2,1049.25
957,8,2,1531.1,0.2,2449.76
957,83,1,4022.4,0,4022.4
957,239,3,3599.71,0,10799.13
957,85,2,4346.15,0.2,6953.84
957,57,1,924.14,0,924.14
958,209,1,4282.34,0.2,3425.87
958,97,1,1334.43,0.2,1067.54
958,192,1,1974.7,0.2,1579.76
959,277,2,3435.47,0,6870.94
959,161,3,2773.7,0,8321.1
959,213,2,2436.3,0.1,4385.34
960,249,2,2443.3,0,4886.6
960,156,2,4614.81,0.2,7383.7
960,164,3,816.74,0.2,1960.18
960,218,1,693.44,0.1,624.1
960,27,2,4687.97,0.1,8438.35
961,136,3,835.08,0,2505.24
961,129,2,2531.28,0.2,4050.05
961,47,2,2238.71,0,4477.42
961,83,1,4022.4,0,4022.4
962,267,1,4752.35,0,4752.35
962,94,3,2572.33,0.2,6173.59
962,154,2,3505.06,0,7010.12
962,158,2,3200.7,0,6401.4
963,259,1,2977.48,0.2,2381.98
964,285,3,2791.44,0,8374.32
964,218,2,693.44,0.2,1109.5
964,105,3,985.57,0,2956.71
964,179,2,3748.16,0.1,6746.69
964,267,1,4752.35,0.2,3801.88
965,278,2,2540.74,0.2,4065.18
965,232,2,3920.49,0.1,7056.88
965,38,2,1830.1,0.2,2928.16
965,16,1,3952.33,0,3952.33
965,212,1,3691.31,0.1,3322.18
966,57,3,924.14,0.1,2495.18
966,61,3,3565.73,0.1,9627.47
966,114,1,2450.58,0,2450.58
966,43,2,241.69,0.1,435.04
966,179,3,3748.16,0,11244.48
967,295,3,2343.7,0.2,5624.88
967,195,1,1333.33,0,1333.33
967,173,2,3917.1,0,7834.2
968,56,1,886.8,0,886.8
968,7,1,2977.47,0,2977.47
968,173,3,3917.1,0.1,10576.17
968,284,3,1844.85,0.1,4981.09
968,297,3,4780.41,0,14341.23
969,116,1,4729.75,0.1,4256.78
970,53,3,4303.7,0.1,11619.99
971,121,1,2781.54,0.1,2503.39
971,176,2,4859.23,0.2,7774.77
971,136,2,835.08,0.2,1336.13
971,89,1,130.17,0.2,104.14
972,154,2,3505.06,0.1,6309.11
972,96,3,4243.67,0.2,10184.81
972,134,2,1581.19,0.2,2529.9
973,281,3,914.17,0.2,2194.01
973,136,3,835.08,0,2505.24
974,24,3,4661.82,0,13985.46
974,79,2,2449.85,0.2,3919.76
974,68,2,998.72,0.2,1597.95
974,187,2,4233.39,0.2,6773.42
975,97,3,1334.43,0.2,3202.63
976,153,3,4053.91,0.2,9729.38
976,110,3,478.85,0.2,1149.24
977,58,1,3807.05,0.2,3045.64
977,56,3,886.8,0,2660.4
977,180,2,655.78,0,1311.56
978,81,1,709.48,0.1,638.53
978,89,3,130.17,0,390.51
979,227,3,4186.52,0,12559.56
979,25,3,2807.38,0.1,7579.93
979,265,1,3805.03,0,3805.03
979,191,1,2272.49,0,2272.49
980,254,3,1160.5,0.1,3133.35
980,73,2,4378.53,0.1,7881.35
980,54,2,954.56,0,1909.12
980,226,3,2658.25,0,7974.75
981,52,1,4453.5,0.2,3562.8
981,98,2,1535.92,0.1,2764.66
981,177,3,1279.69,0.1,3455.16
982,255,3,634.26,0.2,1522.22
983,110,2,478.85,0.2,766.16
983,20,2,670.4,0.1,1206.72
984,174,1,4378.44,0.2,3502.75
984,244,3,3623.71,0,10871.13
984,233,2,3048.45,0,6096.9
984,176,2,4859.23,0.2,7774.77
984,76,3,3589.68,0,10769.04
985,72,3,694.52,0.2,1666.85
985,265,2,3805.03,0,7610.06
986,112,2,2686.4,0,5372.8
986,165,2,1745.41,0.1,3141.74
986,106,2,1023.38,0.2,1637.41
986,207,2,4279.16,0.2,6846.66
986,36,2,649.16,0,1298.32
987,116,3,4729.75,0.2,11351.4
987,169,1,4666.14,0.2,3732.91
987,228,1,4818.58,0.2,3854.86
987,202,1,1540.48,0,1540.48
988,39,1,1788.8,0,1788.8
988,37,1,3070.15,0.1,2763.14
989,27,1,4687.97,0.1,4219.17
989,130,1,3052.06,0.1,2746.85
989,54,2,954.56,0.2,1527.3
990,95,1,1944.44,0.2,1555.55
990,78,1,3855.59,0.2,3084.47
991,260,1,4129.31,0.2,3303.45
992,235,1,1157.47,0.1,1041.72
992,23,3,4414.98,0.1,11920.45
992,35,2,147.11,0,294.22
992,111,1,132.09,0.1,118.88
992,237,1,3100.61,0.2,2480.49
993,34,1,3132.01,0.1,2818.81
993,257,1,4439.91,0.1,3995.92
993,219,3,134.79,0,404.37
993,277,2,3435.47,0,6870.94
993,121,2,2781.54,0,5563.08
994,1,1,1571.14,0,1571.14
995,253,3,655.15,0.1,1768.9
995,228,3,4818.58,0,14455.74
995,6,3,905.68,0.1,2445.34
995,194,2,2773.23,0.1,4991.81
995,2,2,162.86,0.2,260.58
996,249,3,2443.3,0,7329.9
996,107,2,171.93,0.1,309.47
996,226,3,2658.25,0.2,6379.8
996,247,1,2671.22,0,2671.22
996,161,1,2773.7,0.1,2496.33
997,118,3,2699.14,0.2,6477.94
997,210,2,161.58,0.2,258.53
998,212,1,3691.31,0.2,2953.05
998,111,2,132.09,0,264.18
998,277,3,3435.47,0,10306.41
998,271,2,4563.65,0,9127.3
998,210,3,161.58,0.1,436.27
999,271,3,4563.65,0.2,10952.76
999,130,3,3052.06,0,9156.18
999,245,2,4842.81,0.1,8717.06
1000,187,3,4233.39,0.2,10160.14
1000,209,1,4282.34,0,4282.34
1000,252,3,3127.93,0.2,7507.03
1001,268,3,4342.22,0,13026.66
1001,166,1,1655.44,0.2,1324.35
1002,256,1,340.75,0.1,306.68
1002,119,1,822.62,0.1,740.36
1003,127,1,4510.8,0,4510.8
1003,84,1,3865.55,0.1,3479
1003,8,2,1531.1,0.2,2449.76
1003,195,2,1333.33,0.1,2399.99
1003,112,2,2686.4,0.2,4298.24
1004,281,2,914.17,0.2,1462.67
1004,28,1,626.91,0.1,564.22
1004,164,1,816.74,0.1,735.07
1005,35,3,147.11,0,441.33
1006,12,2,1645.78,0.2,2633.25
1006,153,2,4053.91,0.1,7297.04
1006,108,3,3213.87,0.1,8677.45
1007,90,3,183.24,0,549.72
1007,15,2,2876.77,0.2,4602.83
1007,298,3,2955.32,0,8865.96
1008,112,1,2686.4,0.1,2417.76
1008,59,1,2724.81,0.1,2452.33
1008,198,2,2228.32,0.1,4010.98
1009,179,2,3748.16,0,7496.32
1009,125,1,1471.63,0,1471.63
1009,94,2,2572.33,0.2,4115.73
1009,32,2,3229.2,0.1,5812.56
1010,203,3,4122.66,0,12367.98
1011,159,2,807.72,0.1,1453.9
1011,100,1,4054.92,0.2,3243.94
1012,299,1,2527.49,0.1,2274.74
1012,11,3,4126.24,0.2,9902.98
1012,34,3,3132.01,0.1,8456.43
1013,98,1,1535.92,0.2,1228.74
1013,131,1,2349.61,0.1,2114.65
1014,286,3,3079.76,0.1,8315.35
1014,254,1,1160.5,0.1,1044.45
1014,61,2,3565.73,0.2,5705.17
1015,161,1,2773.7,0.2,2218.96
1015,228,3,4818.58,0.1,13010.17
1015,276,1,2930.01,0,2930.01
1015,290,2,1966.47,0.1,3539.65
1016,12,3,1645.78,0.2,3949.87
1016,129,1,2531.28,0.1,2278.15
1016,166,2,1655.44,0,3310.88
1017,7,1,2977.47,0,2977.47
1017,77,2,3082.83,0.2,4932.53
1017,165,2,1745.41,0.1,3141.74
1017,209,1,4282.34,0.2,3425.87
1018,226,1,2658.25,0.2,2126.6
1018,129,2,2531.28,0.2,4050.05
1018,196,3,415.32,0.1,1121.36
1018,127,2,4510.8,0.2,7217.28
1018,112,2,2686.4,0.2,4298.24
1019,113,3,180.63,0,541.89
1019,114,3,2450.58,0.1,6616.57
1019,11,1,4126.24,0.1,3713.62
1020,259,3,2977.48,0.2,7145.95
1020,102,1,1655.92,0.2,1324.74
1020,137,2,1005.84,0,2011.68
1021,266,1,1513.44,0,1513.44
1021,178,1,113.25,0,113.25
1022,257,2,4439.91,0.1,7991.84
1023,248,2,1314.7,0,2629.4
1023,228,2,4818.58,0.1,8673.44
1023,261,2,3503.75,0,7007.5
1024,40,3,1192.17,0,3576.51
1024,207,1,4279.16,0,4279.16
1024,263,2,3765.62,0,7531.24
1025,259,1,2977.48,0.2,2381.98
1025,228,1,4818.58,0.2,3854.86
1025,197,3,3435.53,0.2,8245.27
1025,33,2,1950.06,0.1,3510.11
1025,187,1,4233.39,0.1,3810.05
1026,281,2,914.17,0,1828.34
1026,59,3,2724.81,0.2,6539.54
1026,246,3,358.61,0,1075.83
1026,97,2,1334.43,0.2,2135.09
1026,53,3,4303.7,0,12911.1
1027,64,3,2393.81,0.1,6463.29
1027,61,1,3565.73,0.2,2852.58
1027,83,3,4022.4,0.1,10860.48
1027,10,2,4384.24,0,8768.48
1027,30,2,4638.28,0,9276.56
1028,18,1,534.95,0,534.95
1028,263,3,3765.62,0.2,9037.49
1029,189,1,2918.36,0,2918.36
1029,54,3,954.56,0.2,2290.94
1029,178,3,113.25,0.1,305.78
1029,55,2,4758.22,0.2,7613.15
1029,19,1,175.58,0.1,158.02
1030,70,1,2565.16,0,2565.16
1031,76,1,3589.68,0.1,3230.71
1031,182,3,2659.11,0.1,7179.6
1032,51,3,3723.25,0.1,10052.77
1032,28,3,626.91,0.2,1504.58
1032,80,3,2157.78,0.2,5178.67
1033,138,2,1616.24,0.2,2585.98
1034,290,1,1966.47,0.2,1573.18
1034,124,1,319.5,0.1,287.55
1034,83,3,4022.4,0.1,10860.48
1034,183,1,2480.1,0.1,2232.09
1034,202,1,1540.48,0.1,1386.43
1035,233,1,3048.45,0.2,2438.76
1035,23,1,4414.98,0.1,3973.48
1035,212,3,3691.31,0.1,9966.54
1035,258,1,3042.51,0,3042.51
1035,13,2,3075.58,0,6151.16
1036,67,2,1384.47,0,2768.94
1036,83,1,4022.4,0.1,3620.16
1036,1,3,1571.14,0.1,4242.08
1036,168,1,1435,0.2,1148
1036,9,3,2541.75,0,7625.25
1037,148,3,2047.04,0.2,4912.9
1037,221,1,3628.31,0.1,3265.48
1037,71,1,3792.47,0.2,3033.98
1037,296,3,693.33,0,2079.99
1038,51,2,3723.25,0.1,6701.85
1039,205,2,1317.26,0.2,2107.62
1039,276,2,2930.01,0.1,5274.02
1039,226,3,2658.25,0.1,7177.28
1040,73,2,4378.53,0,8757.06
1041,208,1,2962.16,0.1,2665.94
1041,104,1,4507.94,0,4507.94
1041,190,3,1962.53,0.2,4710.07
1042,263,3,3765.62,0,11296.86
1043,30,2,4638.28,0.2,7421.25
1043,67,3,1384.47,0.1,3738.07
1043,133,2,4617.75,0,9235.5
1044,107,3,171.93,0.1,464.21
1044,221,2,3628.31,0.1,6530.96
1044,129,3,2531.28,0.2,6075.07
1044,30,2,4638.28,0.2,7421.25
1045,116,3,4729.75,0.2,11351.4
1045,104,3,4507.94,0,13523.82
1045,223,2,3793.34,0,7586.68
1045,171,1,226.42,0,226.42
1046,1,3,1571.14,0.2,3770.74
1046,102,1,1655.92,0,1655.92
1046,185,2,1406.51,0,2813.02
1047,199,3,1706.15,0.1,4606.61
1047,66,2,610.55,0,1221.1
1047,234,3,1752.01,0,5256.03
1048,153,2,4053.91,0,8107.82
1048,289,1,1989.64,0.2,1591.71
1048,13,1,3075.58,0.2,2460.46
1048,230,2,1046.39,0.2,1674.22
1048,122,1,1254.11,0,1254.11
1049,34,3,3132.01,0,9396.03
1049,252,2,3127.93,0.1,5630.27
1050,146,2,1738.9,0,3477.8
1051,72,2,694.52,0,1389.04
1051,185,3,1406.51,0.1,3797.58
1051,212,2,3691.31,0.1,6644.36
1051,65,1,4314.56,0,4314.56
1052,158,3,3200.7,0.1,8641.89
1052,198,3,2228.32,0,6684.96
1053,14,2,4246.91,0.1,7644.44
1053,199,2,1706.15,0.2,2729.84
1054,241,2,4140.57,0.2,6624.91
1054,298,1,2955.32,0.1,2659.79
1055,41,3,4424.05,0.1,11944.94
1056,39,2,1788.8,0.2,2862.08
1056,105,2,985.57,0.2,1576.91
1056,173,2,3917.1,0.2,6267.36
1057,85,3,4346.15,0,13038.45
1057,273,3,4036.68,0,12110.04
1057,245,1,4842.81,0.2,3874.25
1057,27,1,4687.97,0.2,3750.38
1058,266,1,1513.44,0.2,1210.75
1058,69,2,2395.28,0,4790.56
1059,159,1,807.72,0,807.72
1059,277,1,3435.47,0.1,3091.92
1059,243,3,2564.2,0,7692.6
1060,158,3,3200.7,0.1,8641.89
1061,234,2,1752.01,0.1,3153.62
1061,270,2,3310.85,0.2,5297.36
1061,261,2,3503.75,0.1,6306.75
1062,220,3,2980.59,0.2,7153.42
1062,44,3,3885.07,0.1,10489.69
1063,164,2,816.74,0,1633.48
1063,65,3,4314.56,0.2,10354.94
1064,264,3,490.72,0,1472.16
1064,8,2,1531.1,0.2,2449.76
1064,49,1,1365.91,0,1365.91
1064,275,3,1095.75,0.2,2629.8
1065,198,1,2228.32,0,2228.32
1066,106,2,1023.38,0.2,1637.41
1066,79,3,2449.85,0.1,6614.59
1066,142,3,2632.44,0,7897.32
1066,145,3,1799.29,0,5397.87
1067,108,1,3213.87,0.2,2571.1
1067,74,2,3005.42,0,6010.84
1067,127,1,4510.8,0.2,3608.64
1067,189,3,2918.36,0.2,7004.06
1068,210,2,161.58,0.2,258.53
1068,71,2,3792.47,0.1,6826.45
1068,43,3,241.69,0.1,652.56
1068,228,1,4818.58,0.2,3854.86
1069,160,1,961.86,0,961.86
1070,6,3,905.68,0,2717.04
1070,252,1,3127.93,0.2,2502.34
1070,191,1,2272.49,0.2,1817.99
1070,148,1,2047.04,0.1,1842.34
1070,262,3,579.31,0.2,1390.34
1071,236,1,3037.97,0.2,2430.38
1071,205,2,1317.26,0.2,2107.62
1071,104,1,4507.94,0.1,4057.15
1071,69,1,2395.28,0,2395.28
1071,4,2,4485.44,0.2,7176.7
1072,251,3,148.83,0.1,401.84
1072,300,1,3405.97,0,3405.97
1072,44,1,3885.07,0.1,3496.56
1072,252,2,3127.93,0.1,5630.27
1073,140,2,2103.47,0.2,3365.55
1073,136,3,835.08,0.2,2004.19
1073,1,1,1571.14,0.2,1256.91
1073,186,1,4809.64,0.1,4328.68
1074,247,2,2671.22,0.2,4273.95
1074,270,2,3310.85,0,6621.7
1074,157,3,1420.43,0,4261.29
1074,30,3,4638.28,0.2,11131.87
1075,253,1,655.15,0.1,589.63
1075,228,3,4818.58,0,14455.74
1075,275,3,1095.75,0,3287.25
1075,209,3,4282.34,0,12847.02
1076,220,1,2980.59,0,2980.59
1076,150,2,1188.32,0.2,1901.31
1076,20,3,670.4,0,2011.2
1077,230,1,1046.39,0.1,941.75
1077,169,1,4666.14,0.1,4199.53
1078,91,3,1308.63,0.2,3140.71
1078,201,2,3328.08,0.2,5324.93
1078,176,1,4859.23,0,4859.23
1078,31,2,3542.58,0.1,6376.64
1079,55,3,4758.22,0.1,12847.19
1079,173,1,3917.1,0.2,3133.68
1080,102,1,1655.92,0,1655.92
1080,256,1,340.75,0.2,272.6
1081,188,1,270.55,0.1,243.5
1081,14,2,4246.91,0.2,6795.06
1081,161,1,2773.7,0.1,2496.33
1081,159,2,807.72,0.2,1292.35
1082,276,1,2930.01,0.1,2637.01
1083,191,3,2272.49,0.1,6135.72
1083,144,3,2500.85,0.2,6002.04
1084,293,2,3384.67,0.2,5415.47
1084,289,3,1989.64,0.1,5372.03
1084,15,2,2876.77,0.1,5178.19
1085,16,1,3952.33,0.2,3161.86
1086,3,3,1407.01,0.1,3798.93
1087,119,3,822.62,0.2,1974.29
1088,234,2,1752.01,0.1,3153.62
1088,66,2,610.55,0.2,976.88
1088,24,2,4661.82,0,9323.64
1088,269,1,4355.56,0.2,3484.45
1088,209,3,4282.34,0.2,10277.62
1089,194,3,2773.23,0.2,6655.75
1089,144,1,2500.85,0.1,2250.76
1089,172,2,4013.49,0.2,6421.58
1089,166,1,1655.44,0.2,1324.35
1089,280,1,990.64,0.2,792.51
1090,116,2,4729.75,0.2,7567.6
1090,221,2,3628.31,0.2,5805.3
1090,138,3,1616.24,0.2,3878.98
1091,255,3,634.26,0,1902.78
1092,139,3,3351.42,0.1,9048.83
1092,196,1,415.32,0,415.32
1093,242,1,4351.59,0.2,3481.27
1093,211,3,2468.4,0,7405.2
1093,32,2,3229.2,0,6458.4
1093,13,3,3075.58,0.1,8304.07
1093,157,2,1420.43,0.2,2272.69
1094,172,3,4013.49,0.1,10836.42
1094,231,1,671.34,0.1,604.21
1094,160,2,961.86,0.1,1731.35
1095,6,1,905.68,0.2,724.54
1096,6,2,905.68,0.1,1630.22
1096,204,2,2819.85,0.2,4511.76
1097,131,2,2349.61,0.1,4229.3
1097,23,3,4414.98,0.1,11920.45
1097,208,1,2962.16,0,2962.16
1097,18,3,534.95,0.2,1283.88
1097,222,2,3519.57,0,7039.14
1098,230,3,1046.39,0,3139.17
1099,113,2,180.63,0.1,325.13
1099,203,2,4122.66,0.2,6596.26
1099,127,1,4510.8,0,4510.8
1100,259,1,2977.48,0,2977.48
1101,271,1,4563.65,0.2,3650.92
1102,35,3,147.11,0.2,353.06
1102,97,2,1334.43,0.1,2401.97
1102,67,3,1384.47,0.2,3322.73
1102,88,1,555.9,0.1,500.31
1102,69,1,2395.28,0.2,1916.22
1103,124,3,319.5,0.1,862.65
1103,82,3,716.07,0.2,1718.57
1103,270,3,3310.85,0.1,8939.3
1104,152,2,888.12,0.1,1598.62
1104,156,2,4614.81,0.2,7383.7
1104,263,2,3765.62,0.2,6024.99
1105,284,1,1844.85,0,1844.85
1105,237,3,3100.61,0,9301.83
1105,282,1,3926.46,0.1,3533.81
1105,127,3,4510.8,0,13532.4
1105,300,1,3405.97,0.1,3065.37
1106,182,2,2659.11,0,5318.22
1106,267,3,4752.35,0.1,12831.35
1107,99,3,648.26,0,1944.78
1107,244,3,3623.71,0,10871.13
1107,157,3,1420.43,0,4261.29
1107,108,2,3213.87,0,6427.74
1107,285,2,2791.44,0.2,4466.3
1108,141,1,1689.08,0.2,1351.26
1108,24,3,4661.82,0.1,12586.91
1108,291,3,850.79,0,2552.37
1108,16,2,3952.33,0.2,6323.73
1108,191,1,2272.49,0.1,2045.24
1109,163,3,3977.99,0,11933.97
1109,196,2,415.32,0.1,747.58
1110,143,1,2349.66,0.2,1879.73
1110,9,3,2541.75,0.2,6100.2
1110,39,3,1788.8,0.2,4293.12
1110,50,3,4334.05,0.2,10401.72
1110,20,1,670.4,0.2,536.32
1111,100,2,4054.92,0,8109.84
1112,269,2,4355.56,0,8711.12
1112,38,1,1830.1,0,1830.1
1112,203,2,4122.66,0.1,7420.79
1112,73,1,4378.53,0.2,3502.82
1112,47,3,2238.71,0.1,6044.52
1113,115,2,2411.4,0.1,4340.52
1114,53,2,4303.7,0.2,6885.92
1114,9,3,2541.75,0,7625.25
1115,40,3,1192.17,0,3576.51
1116,124,3,319.5,0,958.5
1116,242,2,4351.59,0.2,6962.54
1116,77,1,3082.83,0,3082.83
1116,106,3,1023.38,0,3070.14
1117,12,1,1645.78,0,1645.78
1117,173,2,3917.1,0.1,7050.78
1117,259,3,2977.48,0.1,8039.2
1117,45,1,2210.75,0.2,1768.6
1118,145,3,1799.29,0.2,4318.3
1118,7,2,2977.47,0,5954.94
1118,243,1,2564.2,0.2,2051.36
1119,3,3,1407.01,0,4221.03
1119,37,1,3070.15,0,3070.15
1120,255,2,634.26,0,1268.52
1121,214,2,956.15,0.1,1721.07
1121,68,1,998.72,0.1,898.85
1121,251,2,148.83,0.1,267.89
1121,258,2,3042.51,0.2,4868.02
1122,58,1,3807.05,0,3807.05
1122,39,3,1788.8,0.2,4293.12
1123,240,1,1075.21,0,1075.21
1123,47,2,2238.71,0.1,4029.68
1123,8,2,1531.1,0,3062.2
1123,284,1,1844.85,0,1844.85
1123,257,2,4439.91,0,8879.82
1124,212,2,3691.31,0.2,5906.1
1124,194,1,2773.23,0.2,2218.58
1124,53,1,4303.7,0.1,3873.33
1124,60,1,4674.62,0.2,3739.7
1124,185,2,1406.51,0.2,2250.42
1125,156,3,4614.81,0.2,11075.54
1126,25,1,2807.38,0.1,2526.64
1126,5,3,4696.11,0.2,11270.66
1126,147,1,1158.14,0,1158.14
1127,283,3,1366.35,0,4099.05
1128,160,2,961.86,0.2,1538.98
1128,180,2,655.78,0,1311.56
1129,267,1,4752.35,0.1,4277.12
1130,255,1,634.26,0.1,570.83
1130,60,3,4674.62,0.1,12621.47
1130,229,1,1081.83,0.2,865.46
1130,162,3,3712.96,0,11138.88
1131,56,1,886.8,0.2,709.44
1131,136,1,835.08,0.1,751.57
1132,118,2,2699.14,0,5398.28
1132,180,1,655.78,0.1,590.2
1132,246,2,358.61,0,717.22
1132,298,2,2955.32,0,5910.64
1132,261,2,3503.75,0.1,6306.75
1133,195,3,1333.33,0,3999.99
1133,37,1,3070.15,0.1,2763.14
1134,153,3,4053.91,0.1,10945.56
1134,170,3,2123.49,0.1,5733.42
1134,263,2,3765.62,0.2,6024.99
1134,18,3,534.95,0.2,1283.88
1135,257,2,4439.91,0.2,7103.86
1136,130,2,3052.06,0.2,4883.3
1136,252,2,3127.93,0.1,5630.27
1136,234,2,1752.01,0,3504.02
1136,146,2,1738.9,0,3477.8
1137,233,2,3048.45,0.2,4877.52
1137,204,3,2819.85,0,8459.55
1138,35,2,147.11,0.1,264.8
1138,286,2,3079.76,0.1,5543.57
1138,248,2,1314.7,0,2629.4
1139,259,3,2977.48,0,8932.44
1140,214,3,956.15,0,2868.45
1140,158,1,3200.7,0,3200.7
1140,140,3,2103.47,0.1,5679.37
1141,151,2,4406.48,0,8812.96
1141,255,2,634.26,0.2,1014.82
1142,103,1,1726.45,0.1,1553.81
1142,30,3,4638.28,0.2,11131.87
1142,41,3,4424.05,0.2,10617.72
1142,174,3,4378.44,0.2,10508.26
1143,2,1,162.86,0.1,146.57
1143,297,3,4780.41,0.2,11472.98
1144,263,1,3765.62,0.1,3389.06
1144,234,1,1752.01,0.1,1576.81
1144,223,1,3793.34,0.2,3034.67
1144,222,2,3519.57,0.1,6335.23
1145,280,3,990.64,0,2971.92
1145,17,3,2227.3,0,6681.9
1145,264,3,490.72,0.1,1324.94
1145,192,1,1974.7,0,1974.7
1146,259,1,2977.48,0,2977.48
1146,182,3,2659.11,0,7977.33
1146,11,1,4126.24,0.2,3300.99
1147,69,3,2395.28,0.2,5748.67
1147,146,1,1738.9,0.1,1565.01
1147,24,2,4661.82,0,9323.64
1147,250,3,2498.75,0,7496.25
1147,113,2,180.63,0.1,325.13
1148,217,3,1838.37,0,5515.11
1149,198,2,2228.32,0.2,3565.31
1149,192,2,1974.7,0,3949.4
1149,145,3,1799.29,0,5397.87
1150,18,1,534.95,0.1,481.46
1150,212,1,3691.31,0.1,3322.18
1150,159,3,807.72,0.2,1938.53
1151,189,3,2918.36,0.1,7879.57
1151,208,1,2962.16,0.1,2665.94
1151,43,2,241.69,0,483.38
1152,165,2,1745.41,0.2,2792.66
1152,39,1,1788.8,0,1788.8
1152,148,2,2047.04,0,4094.08
1153,196,1,415.32,0,415.32
1153,146,3,1738.9,0.1,4695.03
1153,251,1,148.83,0.2,119.06
1153,99,3,648.26,0.1,1750.3
1154,60,2,4674.62,0.1,8414.32
1154,69,1,2395.28,0,2395.28
1154,257,3,4439.91,0.1,11987.76
1155,149,1,4047.23,0.1,3642.51
1156,121,1,2781.54,0.1,2503.39
1156,92,1,1893.48,0,1893.48
1157,66,1,610.55,0.2,488.44
1157,48,2,1103.95,0,2207.9
1157,207,2,4279.16,0,8558.32
1157,148,1,2047.04,0.1,1842.34
1157,259,2,2977.48,0.1,5359.46
1158,35,2,147.11,0.1,264.8
1159,12,2,1645.78,0.2,2633.25
1159,285,1,2791.44,0.2,2233.15
1159,205,1,1317.26,0.2,1053.81
1159,235,1,1157.47,0,1157.47
1159,122,1,1254.11,0,1254.11
1160,19,2,175.58,0.2,280.93
1160,215,1,3807.34,0,3807.34
1160,268,1,4342.22,0.2,3473.78
1160,77,3,3082.83,0.2,7398.79
1161,40,1,1192.17,0.1,1072.95
1161,216,1,1354.53,0.2,1083.62
1161,253,1,655.15,0.2,524.12
1161,225,3,841.46,0.2,2019.5
1161,299,1,2527.49,0.2,2021.99
1162,296,1,693.33,0.1,624
1162,7,3,2977.47,0.1,8039.17
1162,22,1,3109.21,0,3109.21
1162,188,2,270.55,0.2,432.88
1162,206,2,789.54,0,1579.08
1163,1,1,1571.14,0.2,1256.91
1164,283,2,1366.35,0.2,2186.16
1164,41,1,4424.05,0.1,3981.65
1164,152,3,888.12,0,2664.36
1164,231,2,671.34,0.1,1208.41
1164,50,3,4334.05,0.1,11701.94
1165,153,2,4053.91,0,8107.82
1165,119,3,822.62,0,2467.86
1165,17,3,2227.3,0.2,5345.52
1165,238,2,2511.77,0.2,4018.83
1166,6,2,905.68,0,1811.36
1166,96,2,4243.67,0.2,6789.87
1167,252,2,3127.93,0.2,5004.69
1167,274,2,2974.84,0,5949.68
1168,88,3,555.9,0,1667.7
1168,191,2,2272.49,0.2,3635.98
1168,232,1,3920.49,0.1,3528.44
1169,278,1,2540.74,0.2,2032.59
1170,204,3,2819.85,0.1,7613.59
1170,293,2,3384.67,0,6769.34
1170,69,3,2395.28,0.2,5748.67
1170,229,2,1081.83,0,2163.66
1170,53,1,4303.7,0.2,3442.96
1171,252,1,3127.93,0.2,2502.34
1171,78,3,3855.59,0.1,10410.09
1171,207,3,4279.16,0.1,11553.73
1172,276,2,2930.01,0.1,5274.02
1173,61,2,3565.73,0.1,6418.31
1173,227,2,4186.52,0,8373.04
1173,7,3,2977.47,0.2,7145.93
1173,108,1,3213.87,0,3213.87
1174,98,3,1535.92,0.1,4146.98
1174,149,2,4047.23,0.1,7285.01
1174,159,3,807.72,0,2423.16
1174,219,1,134.79,0,134.79
1175,111,2,132.09,0.1,237.76
1175,147,3,1158.14,0.2,2779.54
1176,248,2,1314.7,0.2,2103.52
1177,14,2,4246.91,0,8493.82
1177,27,2,4687.97,0,9375.94
1177,298,1,2955.32,0,2955.32
1177,223,3,3793.34,0.2,9104.02
1177,9,3,2541.75,0.2,6100.2
1178,132,1,1515.14,0,1515.14
1178,111,3,132.09,0,396.27
1178,15,2,2876.77,0.1,5178.19
1179,118,2,2699.14,0,5398.28
1179,187,1,4233.39,0.2,3386.71
1179,79,1,2449.85,0,2449.85
1180,100,1,4054.92,0.2,3243.94
1180,16,2,3952.33,0,7904.66
1180,110,2,478.85,0.1,861.93
1181,1,2,1571.14,0.1,2828.05
1181,287,3,4626.22,0.2,11102.93
1181,111,1,132.09,0.1,118.88
1181,241,1,4140.57,0,4140.57
1181,190,3,1962.53,0,5887.59
1182,124,1,319.5,0,319.5
1182,155,3,2767.71,0,8303.13
1182,138,1,1616.24,0.1,1454.62
1183,16,2,3952.33,0.1,7114.19
1183,88,3,555.9,0,1667.7
1183,85,2,4346.15,0.2,6953.84
1184,242,1,4351.59,0,4351.59
1184,142,2,2632.44,0.1,4738.39
1184,164,1,816.74,0.2,653.39
1185,246,3,358.61,0,1075.83
1185,217,3,1838.37,0,5515.11
1186,63,2,4344.14,0,8688.28
1186,267,2,4752.35,0.1,8554.23
1186,144,2,2500.85,0,5001.7
1187,245,1,4842.81,0.1,4358.53
1187,200,3,456.13,0.2,1094.71
1187,30,1,4638.28,0.1,4174.45
1187,299,1,2527.49,0.1,2274.74
1188,186,3,4809.64,0.1,12986.03
1188,109,1,500.73,0,500.73
1188,227,3,4186.52,0.2,10047.65
1188,257,2,4439.91,0.1,7991.84
1189,175,2,797.23,0,1594.46
1190,132,2,1515.14,0.2,2424.22
1191,228,3,4818.58,0,14455.74
1191,204,3,2819.85,0.1,7613.59
1191,229,3,1081.83,0,3245.49
1191,154,2,3505.06,0,7010.12
1192,99,1,648.26,0,648.26
1192,297,1,4780.41,0.2,3824.33
1192,112,3,2686.4,0.1,7253.28
1193,23,3,4414.98,0.1,11920.45
1193,108,3,3213.87,0.2,7713.29
1194,198,2,2228.32,0.1,4010.98
1194,55,2,4758.22,0,9516.44
1195,263,1,3765.62,0.2,3012.5
1195,25,3,2807.38,0,8422.14
1195,273,2,4036.68,0,8073.36
1195,167,2,3968.26,0,7936.52
1196,104,3,4507.94,0,13523.82
1196,261,2,3503.75,0.2,5606
1196,220,3,2980.59,0.2,7153.42
1196,87,3,2631.45,0.1,7104.91
1197,131,2,2349.61,0.2,3759.38
1198,111,1,132.09,0.2,105.67
1198,22,1,3109.21,0.2,2487.37
1198,277,3,3435.47,0,10306.41
1198,137,3,1005.84,0.1,2715.77
1198,140,2,2103.47,0,4206.94
1199,136,3,835.08,0.1,2254.72
1200,3,3,1407.01,0,4221.03
1200,24,2,4661.82,0,9323.64
1200,62,2,2655.9,0.1,4780.62
1200,189,2,2918.36,0,5836.72
1201,70,3,2565.16,0.1,6925.93
1201,155,3,2767.71,0.1,7472.82
1201,213,1,2436.3,0.1,2192.67
1201,174,2,4378.44,0,8756.88
1202,134,3,1581.19,0,4743.57
1202,5,1,4696.11,0.2,3756.89
1202,249,3,2443.3,0.1,6596.91
1203,51,3,3723.25,0.1,10052.77
1203,128,3,4900.43,0.2,11761.03
1203,224,1,1630.29,0.1,1467.26
1204,237,1,3100.61,0,3100.61
1204,244,3,3623.71,0,10871.13
1204,289,2,1989.64,0.2,3183.42
1204,216,1,1354.53,0.1,1219.08
1205,163,1,3977.99,0.1,3580.19
1206,289,3,1989.64,0.1,5372.03
1206,230,1,1046.39,0.1,941.75
1206,33,2,1950.06,0.1,3510.11
1206,164,1,816.74,0.1,735.07
1207,118,3,2699.14,0,8097.42
1207,97,2,1334.43,0.1,2401.97
1208,56,2,886.8,0.2,1418.88
1208,61,2,3565.73,0.1,6418.31
1208,96,1,4243.67,0.2,3394.94
1208,179,3,3748.16,0.1,10120.03
1208,174,1,4378.44,0.1,3940.6
1209,199,1,1706.15,0.2,1364.92
1209,109,3,500.73,0,1502.19
1209,136,3,835.08,0,2505.24
1209,176,1,4859.23,0.1,4373.31
1209,70,3,2565.16,0,7695.48
1210,61,3,3565.73,0.1,9627.47
1210,200,3,456.13,0.2,1094.71
1210,63,3,4344.14,0.1,11729.18
1211,114,3,2450.58,0.1,6616.57
1211,249,2,2443.3,0.1,4397.94
1212,247,1,2671.22,0.2,2136.98
1212,257,3,4439.91,0.2,10655.78
1213,183,2,2480.1,0.1,4464.18
1213,26,1,1802.56,0.2,1442.05
1214,45,3,2210.75,0.1,5969.03
1214,276,2,2930.01,0.1,5274.02
1215,166,2,1655.44,0.2,2648.7
1215,222,1,3519.57,0.1,3167.61
1215,2,1,162.86,0,162.86
1215,76,2,3589.68,0.2,5743.49
1215,274,2,2974.84,0.2,4759.74
1216,80,3,2157.78,0.1,5826.01
1216,19,1,175.58,0.2,140.46
1217,1,2,1571.14,0.1,2828.05
1217,235,1,1157.47,0.2,925.98
1217,189,1,2918.36,0.2,2334.69
1218,148,3,2047.04,0.1,5527.01
1218,267,3,4752.35,0,14257.05
1218,152,3,888.12,0.2,2131.49
1218,248,2,1314.7,0,2629.4
1219,291,3,850.79,0.1,2297.13
1220,163,3,3977.99,0.2,9547.18
1220,154,3,3505.06,0.1,9463.66
1220,101,2,3677.55,0.1,6619.59
1221,31,1,3542.58,0.2,2834.06
1222,274,3,2974.84,0.2,7139.62
1222,265,3,3805.03,0.2,9132.07
1222,201,1,3328.08,0,3328.08
1222,143,3,2349.66,0,7048.98
1223,226,1,2658.25,0,2658.25
1224,237,1,3100.61,0,3100.61
1224,123,3,823.42,0,2470.26
1224,14,2,4246.91,0.1,7644.44
1224,165,3,1745.41,0.2,4188.98
1225,156,1,4614.81,0,4614.81
1226,135,3,1279.65,0,3838.95
1227,232,1,3920.49,0,3920.49
1227,184,2,3022.86,0,6045.72
1228,176,2,4859.23,0,9718.46
1229,3,3,1407.01,0.2,3376.82
1229,16,3,3952.33,0.1,10671.29
1230,134,1,1581.19,0.2,1264.95
1230,50,3,4334.05,0,13002.15
1230,192,2,1974.7,0.1,3554.46
1231,10,3,4384.24,0.1,11837.45
1231,231,1,671.34,0.2,537.07
1232,106,3,1023.38,0,3070.14
1232,108,1,3213.87,0,3213.87
1232,62,2,2655.9,0.1,4780.62
1232,61,1,3565.73,0.1,3209.16
1233,103,3,1726.45,0,5179.35
1233,140,2,2103.47,0.1,3786.25
1234,120,3,2696.47,0,8089.41
1234,262,3,579.31,0.2,1390.34
1234,162,3,3712.96,0,11138.88
1234,150,2,1188.32,0,2376.64
1234,287,1,4626.22,0.1,4163.6
1235,133,1,4617.75,0,4617.75
1235,172,3,4013.49,0.2,9632.38
1235,154,3,3505.06,0.1,9463.66
1236,190,3,1962.53,0.1,5298.83
1236,1,2,1571.14,0.1,2828.05
1236,219,3,134.79,0.1,363.93
1236,223,3,3793.34,0,11380.02
1237,144,1,2500.85,0.1,2250.76
1238,105,2,985.57,0.1,1774.03
1238,65,2,4314.56,0,8629.12
1239,60,2,4674.62,0.2,7479.39
1239,295,1,2343.7,0,2343.7
1240,140,1,2103.47,0.1,1893.12
1240,63,1,4344.14,0,4344.14
1241,193,1,4029.85,0,4029.85
1241,76,1,3589.68,0.1,3230.71
1241,70,3,2565.16,0.1,6925.93
1241,49,3,1365.91,0.1,3687.96
1242,28,1,626.91,0.1,564.22
1242,67,2,1384.47,0.2,2215.15
1242,77,3,3082.83,0.2,7398.79
1242,174,3,4378.44,0.1,11821.79
1242,239,1,3599.71,0.1,3239.74
1243,107,1,171.93,0,171.93
1243,79,1,2449.85,0.2,1959.88
1243,105,2,985.57,0,1971.14
1243,203,2,4122.66,0,8245.32
1244,19,2,175.58,0.2,280.93
1244,129,2,2531.28,0,5062.56
1244,250,1,2498.75,0,2498.75
1244,76,1,3589.68,0,3589.68
1245,241,3,4140.57,0.1,11179.54
1245,65,2,4314.56,0.2,6903.3
1245,188,1,270.55,0.2,216.44
1246,132,3,1515.14,0.1,4090.88
1246,60,2,4674.62,0.2,7479.39
1246,265,2,3805.03,0.2,6088.05
1246,247,1,2671.22,0.1,2404.1
1246,131,2,2349.61,0.1,4229.3
1247,105,1,985.57,0.1,887.01
1247,33,3,1950.06,0,5850.18
1247,77,3,3082.83,0.2,7398.79
1247,127,3,4510.8,0.2,10825.92
1247,12,2,1645.78,0,3291.56
1248,30,1,4638.28,0.1,4174.45
1248,49,1,1365.91,0.1,1229.32
1248,283,3,1366.35,0,4099.05
1248,149,2,4047.23,0,8094.46
1249,43,2,241.69,0.1,435.04
1249,30,3,4638.28,0,13914.84
1249,44,3,3885.07,0.1,10489.69
1249,112,3,2686.4,0.2,6447.36
1249,183,3,2480.1,0.1,6696.27
1250,192,2,1974.7,0.1,3554.46
1250,25,3,2807.38,0,8422.14
1250,208,1,2962.16,0.1,2665.94
1251,233,3,3048.45,0,9145.35
1251,144,2,2500.85,0.2,4001.36
1252,221,3,3628.31,0.1,9796.44
1252,138,2,1616.24,0.2,2585.98
1253,88,1,555.9,0.2,444.72
1253,204,2,2819.85,0.1,5075.73
1253,66,3,610.55,0,1831.65
1253,249,1,2443.3,0.1,2198.97
1253,162,2,3712.96,0.2,5940.74
1254,129,1,2531.28,0.1,2278.15
1254,51,3,3723.25,0,11169.75
1254,119,1,822.62,0.1,740.36
1254,11,2,4126.24,0.2,6601.98
1254,142,2,2632.44,0,5264.88
1255,189,2,2918.36,0,5836.72
1255,292,1,4156.58,0.1,3740.92
1255,9,3,2541.75,0.2,6100.2
1256,39,3,1788.8,0.2,4293.12
1256,242,2,4351.59,0.2,6962.54
1256,124,1,319.5,0.1,287.55
1257,81,2,709.48,0,1418.96
1257,67,2,1384.47,0.1,2492.05
1258,183,3,2480.1,0.2,5952.24
1258,190,2,1962.53,0.1,3532.55
1258,65,3,4314.56,0.1,11649.31
1259,89,1,130.17,0.2,104.14
1259,143,2,2349.66,0,4699.32
1259,282,1,3926.46,0.2,3141.17
1259,103,3,1726.45,0.1,4661.42
1260,160,3,961.86,0.2,2308.46
1260,41,3,4424.05,0,13272.15
1260,109,3,500.73,0.2,1201.75
1260,46,3,3061.47,0,9184.41
1260,274,3,2974.84,0.1,8032.07
1261,290,3,1966.47,0.1,5309.47
1261,30,1,4638.28,0,4638.28
1262,112,1,2686.4,0,2686.4
1262,50,2,4334.05,0,8668.1
1262,11,3,4126.24,0.1,11140.85
1262,69,1,2395.28,0,2395.28
1263,65,3,4314.56,0,12943.68
1264,236,2,3037.97,0,6075.94
1264,4,3,4485.44,0.2,10765.06
1264,135,1,1279.65,0.2,1023.72
1264,264,1,490.72,0.2,392.58
1265,217,1,1838.37,0.2,1470.7
1265,132,3,1515.14,0,4545.42
1265,199,1,1706.15,0.1,1535.54
1266,161,1,2773.7,0.1,2496.33
1266,136,1,835.08,0.2,668.06
1267,170,2,2123.49,0.1,3822.28
1267,40,2,1192.17,0,2384.34
1267,290,1,1966.47,0,1966.47
1268,179,2,3748.16,0.1,6746.69
1268,83,2,4022.4,0.2,6435.84
1268,106,3,1023.38,0,3070.14
1268,102,1,1655.92,0.2,1324.74
1269,243,3,2564.2,0.2,6154.08
1270,106,2,1023.38,0.1,1842.08
1270,229,1,1081.83,0,1081.83
1270,265,3,3805.03,0.1,10273.58
1270,32,3,3229.2,0,9687.6
1270,263,1,3765.62,0.2,3012.5
1271,55,2,4758.22,0.1,8564.8
1271,250,2,2498.75,0,4997.5
1272,208,2,2962.16,0.1,5331.89
1272,290,2,1966.47,0.1,3539.65
1272,297,1,4780.41,0.2,3824.33
1272,90,1,183.24,0.1,164.92
1273,213,1,2436.3,0.1,2192.67
1273,263,3,3765.62,0,11296.86
1273,6,3,905.68,0.1,2445.34
1273,198,3,2228.32,0,6684.96
1273,151,1,4406.48,0.2,3525.18
1274,216,1,1354.53,0.2,1083.62
1275,165,3,1745.41,0.2,4188.98
1276,117,1,2823.36,0.1,2541.02
1276,247,3,2671.22,0.2,6410.93
1276,55,3,4758.22,0.1,12847.19
1276,190,2,1962.53,0.2,3140.05
1276,21,3,2599.67,0.2,6239.21
1277,45,1,2210.75,0,2210.75
1277,144,1,2500.85,0.1,2250.76
1277,83,2,4022.4,0.1,7240.32
1277,292,3,4156.58,0,12469.74
1277,173,3,3917.1,0.1,10576.17
1278,7,2,2977.47,0.2,4763.95
1278,224,2,1630.29,0.2,2608.46
1278,33,1,1950.06,0.2,1560.05
1279,226,2,2658.25,0.1,4784.85
1279,10,2,4384.24,0,8768.48
1279,106,2,1023.38,0,2046.76
1280,121,2,2781.54,0.2,4450.46
1280,73,3,4378.53,0,13135.59
1280,208,1,2962.16,0.2,2369.73
1281,260,2,4129.31,0.2,6606.9
1281,144,3,2500.85,0.1,6752.29
1281,87,1,2631.45,0.1,2368.3
1281,131,2,2349.61,0.1,4229.3
1281,114,1,2450.58,0,2450.58
1282,221,3,3628.31,0.1,9796.44
1283,110,1,478.85,0.1,430.97
1283,171,1,226.42,0.1,203.78
1283,205,3,1317.26,0.1,3556.6
1284,89,1,130.17,0,130.17
1284,180,3,655.78,0,1967.34
1284,238,2,2511.77,0,5023.54
1284,4,2,4485.44,0.1,8073.79
1284,17,1,2227.3,0,2227.3
1285,91,3,1308.63,0.2,3140.71
1286,282,2,3926.46,0.2,6282.34
1287,50,2,4334.05,0.2,6934.48
1287,25,1,2807.38,0.2,2245.9
1288,168,2,1435,0.2,2296
1288,130,1,3052.06,0.2,2441.65
1288,150,3,1188.32,0,3564.96
1289,223,1,3793.34,0.1,3414.01
1289,137,2,1005.84,0.2,1609.34
1290,168,1,1435,0,1435
1290,67,2,1384.47,0.2,2215.15
1290,294,1,294.39,0.2,235.51
1290,125,1,1471.63,0,1471.63
1290,173,1,3917.1,0.1,3525.39
1291,106,3,1023.38,0,3070.14
1291,295,3,2343.7,0.1,6327.99
1291,288,1,4205.02,0.2,3364.02
1291,238,2,2511.77,0,5023.54
1292,253,1,655.15,0.2,524.12
1293,23,3,4414.98,0.1,11920.45
1293,239,2,3599.71,0.2,5759.54
1293,14,2,4246.91,0,8493.82
1294,81,1,709.48,0.2,567.58
1295,116,1,4729.75,0,4729.75
1295,140,1,2103.47,0.1,1893.12
1295,228,2,4818.58,0.2,7709.73
1295,169,3,4666.14,0.1,12598.58
1295,226,2,2658.25,0.2,4253.2
1296,151,1,4406.48,0.2,3525.18
1296,294,2,294.39,0.2,471.02
1296,123,1,823.42,0,823.42
1297,180,3,655.78,0.1,1770.61
1297,71,2,3792.47,0.1,6826.45
1297,145,2,1799.29,0,3598.58
1297,88,3,555.9,0.2,1334.16
1297,31,3,3542.58,0.1,9564.97
1298,128,1,4900.43,0.1,4410.39
1298,161,1,2773.7,0,2773.7
1298,137,1,1005.84,0.2,804.67
1299,167,1,3968.26,0.2,3174.61
1299,15,1,2876.77,0,2876.77
1299,171,3,226.42,0.2,543.41
1300,86,1,4925.27,0,4925.27
1300,90,1,183.24,0.1,164.92
1300,207,3,4279.16,0.2,10269.98
1300,226,2,2658.25,0,5316.5
1300,243,1,2564.2,0.1,2307.78
1301,24,1,4661.82,0.2,3729.46
1301,221,1,3628.31,0.2,2902.65
1302,69,3,2395.28,0,7185.84
1302,114,3,2450.58,0.2,5881.39
1302,250,2,2498.75,0.1,4497.75
1302,5,2,4696.11,0.2,7513.78
1303,266,2,1513.44,0,3026.88
1303,259,2,2977.48,0,5954.96
1303,293,2,3384.67,0.1,6092.41
1303,130,1,3052.06,0,3052.06
1303,109,3,500.73,0.1,1351.97
1304,41,2,4424.05,0.2,7078.48
1304,279,2,347.7,0.2,556.32
1305,291,3,850.79,0.2,2041.9
1306,180,1,655.78,0,655.78
1306,95,1,1944.44,0.1,1750
1307,81,1,709.48,0,709.48
1307,241,3,4140.57,0.1,11179.54
1307,77,1,3082.83,0.1,2774.55
1308,89,3,130.17,0,390.51
1308,156,2,4614.81,0,9229.62
1308,300,2,3405.97,0,6811.94
1308,43,3,241.69,0.1,652.56
1309,63,2,4344.14,0,8688.28
1309,270,2,3310.85,0.1,5959.53
1309,133,1,4617.75,0.2,3694.2
1309,43,1,241.69,0,241.69
1310,51,3,3723.25,0.1,10052.77
1310,27,1,4687.97,0,4687.97
1310,235,3,1157.47,0,3472.41
1310,15,3,2876.77,0.1,7767.28
1311,32,2,3229.2,0.2,5166.72
1312,75,1,3915.6,0.2,3132.48
1313,203,2,4122.66,0.2,6596.26
1314,176,1,4859.23,0,4859.23
1315,287,3,4626.22,0.2,11102.93
1315,163,2,3977.99,0,7955.98
1315,111,1,132.09,0,132.09
1316,235,2,1157.47,0,2314.94
1316,108,2,3213.87,0.1,5784.97
1316,4,3,4485.44,0.1,12110.69
1316,13,3,3075.58,0,9226.74
1317,146,1,1738.9,0.1,1565.01
1317,145,2,1799.29,0,3598.58
1318,165,2,1745.41,0.2,2792.66
1319,129,3,2531.28,0.2,6075.07
1319,86,2,4925.27,0.1,8865.49
1320,234,1,1752.01,0,1752.01
1321,117,3,2823.36,0,8470.08
1321,153,3,4053.91,0.1,10945.56
1321,277,3,3435.47,0.1,9275.77
1321,143,2,2349.66,0.1,4229.39
1322,155,2,2767.71,0.2,4428.34
1322,146,2,1738.9,0.2,2782.24
1322,213,3,2436.3,0.2,5847.12
1322,293,3,3384.67,0.1,9138.61
1322,143,2,2349.66,0.2,3759.46
1323,218,3,693.44,0,2080.32
1323,58,1,3807.05,0.1,3426.35
1323,126,2,1025.69,0.2,1641.1
1324,146,3,1738.9,0,5216.7
1324,224,2,1630.29,0.1,2934.52
1324,132,3,1515.14,0.2,3636.34
1324,233,2,3048.45,0,6096.9
1325,208,2,2962.16,0.1,5331.89
1325,14,2,4246.91,0.1,7644.44
1326,10,3,4384.24,0.1,11837.45
1326,155,3,2767.71,0.2,6642.5
1326,190,3,1962.53,0.1,5298.83
1326,217,3,1838.37,0.2,4412.09
1326,276,1,2930.01,0.2,2344.01
1327,5,2,4696.11,0.1,8453
1327,271,3,4563.65,0.1,12321.85
1327,213,3,2436.3,0.1,6578.01
1327,164,1,816.74,0.1,735.07
1327,239,1,3599.71,0.1,3239.74
1328,1,1,1571.14,0,1571.14
1329,181,1,3568.87,0.2,2855.1
1330,182,2,2659.11,0.1,4786.4
1330,139,2,3351.42,0,6702.84
1330,136,2,835.08,0.2,1336.13
1330,66,2,610.55,0.1,1098.99
1330,246,3,358.61,0,1075.83
1331,96,2,4243.67,0,8487.34
1331,293,2,3384.67,0.2,5415.47
1331,73,3,4378.53,0,13135.59
1332,35,1,147.11,0.2,117.69
1332,4,2,4485.44,0.1,8073.79
1332,98,1,1535.92,0.2,1228.74
1333,8,2,1531.1,0.2,2449.76
1333,95,3,1944.44,0.2,4666.66
1333,250,3,2498.75,0.1,6746.62
1334,131,3,2349.61,0.2,5639.06
1334,253,1,655.15,0.2,524.12
1335,292,1,4156.58,0.1,3740.92
1335,168,3,1435,0,4305
1335,260,2,4129.31,0,8258.62
1335,88,1,555.9,0.2,444.72
1335,300,1,3405.97,0.1,3065.37
1336,177,3,1279.69,0,3839.07
1336,293,1,3384.67,0.2,2707.74
1336,89,2,130.17,0,260.34
1336,152,2,888.12,0,1776.24
1336,57,3,924.14,0,2772.42
1337,288,1,4205.02,0.1,3784.52
1337,27,1,4687.97,0,4687.97
1337,109,2,500.73,0.2,801.17
1337,105,3,985.57,0,2956.71
1338,81,2,709.48,0,1418.96
1338,112,3,2686.4,0.1,7253.28
1338,103,2,1726.45,0.2,2762.32
1338,123,1,823.42,0,823.42
1339,156,1,4614.81,0.2,3691.85
1339,213,1,2436.3,0.2,1949.04
1339,94,3,2572.33,0,7716.99
1340,20,3,670.4,0,2011.2
1340,129,2,2531.28,0.2,4050.05
1340,252,3,3127.93,0.1,8445.41
1340,219,3,134.79,0.2,323.5
1340,77,3,3082.83,0,9248.49
1341,147,2,1158.14,0.2,1853.02
1342,177,3,1279.69,0,3839.07
1343,106,1,1023.38,0,1023.38
1343,235,3,1157.47,0.1,3125.17
1344,112,2,2686.4,0,5372.8
1344,296,3,693.33,0.2,1663.99
1344,113,2,180.63,0.1,325.13
1344,111,3,132.09,0.2,317.02
1344,169,1,4666.14,0.1,4199.53
1345,277,3,3435.47,0,10306.41
1345,263,3,3765.62,0.2,9037.49
1346,108,3,3213.87,0,9641.61
1346,251,3,148.83,0,446.49
1346,28,3,626.91,0.1,1692.66
1347,193,3,4029.85,0.1,10880.59
1347,66,1,610.55,0.1,549.5
1348,128,2,4900.43,0.1,8820.77
1348,134,2,1581.19,0.1,2846.14
1348,246,2,358.61,0.1,645.5
1348,39,3,1788.8,0.2,4293.12
1348,227,2,4186.52,0.1,7535.74
1349,106,2,1023.38,0.1,1842.08
1349,299,2,2527.49,0.2,4043.98
1349,185,1,1406.51,0,1406.51
1350,262,1,579.31,0.1,521.38
1350,206,2,789.54,0.2,1263.26
1350,196,2,415.32,0.2,664.51
1350,253,3,655.15,0.2,1572.36
1350,121,1,2781.54,0.2,2225.23
1351,114,3,2450.58,0,7351.74
1351,205,2,1317.26,0.1,2371.07
1351,164,3,816.74,0.2,1960.18
1352,48,3,1103.95,0.2,2649.48
1352,181,2,3568.87,0.2,5710.19
1353,186,2,4809.64,0,9619.28
1353,103,1,1726.45,0.1,1553.81
1353,104,2,4507.94,0.2,7212.7
1353,68,3,998.72,0.2,2396.93
1353,244,1,3623.71,0,3623.71
1354,178,2,113.25,0.1,203.85
1354,244,3,3623.71,0.1,9784.02
1354,153,2,4053.91,0,8107.82
1354,197,3,3435.53,0.1,9275.93
1355,122,3,1254.11,0.2,3009.86
1355,110,1,478.85,0.1,430.97
1355,250,2,2498.75,0.1,4497.75
1355,244,3,3623.71,0,10871.13
1355,291,2,850.79,0.1,1531.42
1356,13,2,3075.58,0.2,4920.93
1356,123,1,823.42,0.2,658.74
1356,12,2,1645.78,0,3291.56
1356,57,2,924.14,0,1848.28
1357,296,2,693.33,0.2,1109.33
1357,14,2,4246.91,0,8493.82
1357,276,1,2930.01,0,2930.01
1357,114,1,2450.58,0.1,2205.52
1357,267,1,4752.35,0,4752.35
1358,289,1,1989.64,0,1989.64
1358,136,3,835.08,0,2505.24
1358,217,2,1838.37,0.2,2941.39
1358,295,3,2343.7,0.1,6327.99
1359,162,3,3712.96,0.2,8911.1
1359,1,2,1571.14,0,3142.28
1360,194,2,2773.23,0.1,4991.81
1360,285,2,2791.44,0.2,4466.3
1360,299,3,2527.49,0,7582.47
1361,130,3,3052.06,0,9156.18
1361,55,3,4758.22,0,14274.66
1361,287,3,4626.22,0.2,11102.93
1361,31,3,3542.58,0,10627.74
1362,227,3,4186.52,0.1,11303.6
1362,32,2,3229.2,0,6458.4
1362,27,1,4687.97,0.1,4219.17
1363,241,1,4140.57,0.2,3312.46
1363,145,3,1799.29,0.1,4858.08
1363,85,2,4346.15,0.1,7823.07
1363,68,3,998.72,0.2,2396.93
1364,253,1,655.15,0,655.15
1364,58,2,3807.05,0.2,6091.28
1365,171,1,226.42,0.2,181.14
1366,37,3,3070.15,0,9210.45
1367,278,2,2540.74,0.1,4573.33
1368,227,1,4186.52,0,4186.52
1368,291,1,850.79,0,850.79
1368,264,2,490.72,0.1,883.3
1369,206,3,789.54,0.1,2131.76
1370,17,2,2227.3,0.1,4009.14
1370,28,1,626.91,0.1,564.22
1371,214,3,956.15,0,2868.45
1371,98,2,1535.92,0,3071.84
1371,217,3,1838.37,0,5515.11
1371,191,1,2272.49,0,2272.49
1371,172,1,4013.49,0.1,3612.14
1372,120,2,2696.47,0.2,4314.35
1372,19,3,175.58,0.1,474.07
1373,55,1,4758.22,0,4758.22
1373,58,1,3807.05,0.2,3045.64
1373,66,3,610.55,0.1,1648.48
1373,221,2,3628.31,0.2,5805.3
1373,273,1,4036.68,0,4036.68
1374,101,1,3677.55,0.1,3309.8
1374,174,2,4378.44,0.1,7881.19
1374,229,1,1081.83,0.2,865.46
1375,5,3,4696.11,0.1,12679.5
1375,277,1,3435.47,0.2,2748.38
1375,17,1,2227.3,0,2227.3
1375,250,1,2498.75,0.1,2248.88
1376,48,1,1103.95,0,1103.95
1376,278,3,2540.74,0,7622.22
1376,288,3,4205.02,0.1,11353.55
1376,7,3,2977.47,0.2,7145.93
1376,80,2,2157.78,0,4315.56
1377,89,3,130.17,0.2,312.41
1377,275,1,1095.75,0.2,876.6
1377,228,1,4818.58,0,4818.58
1377,296,1,693.33,0,693.33
1378,59,2,2724.81,0.2,4359.7
1379,75,1,3915.6,0,3915.6
1380,118,1,2699.14,0.1,2429.23
1380,96,2,4243.67,0,8487.34
1380,286,1,3079.76,0.2,2463.81
1381,223,1,3793.34,0.1,3414.01
1381,57,2,924.14,0,1848.28
1381,248,3,1314.7,0.1,3549.69
1381,188,2,270.55,0.1,486.99
1382,92,2,1893.48,0.1,3408.26
1382,61,2,3565.73,0,7131.46
1383,22,2,3109.21,0.2,4974.74
1384,275,2,1095.75,0.2,1753.2
1385,126,1,1025.69,0.2,820.55
1385,168,3,1435,0.1,3874.5
1385,78,1,3855.59,0.2,3084.47
1385,194,2,2773.23,0.2,4437.17
1385,295,1,2343.7,0.1,2109.33
1386,215,3,3807.34,0,11422.02
1386,11,1,4126.24,0,4126.24
1386,231,2,671.34,0.2,1074.14
1387,266,3,1513.44,0.2,3632.26
1387,194,2,2773.23,0.2,4437.17
1388,57,3,924.14,0.2,2217.94
1388,204,2,2819.85,0.1,5075.73
1388,188,3,270.55,0,811.65
1388,174,3,4378.44,0.1,11821.79
1388,214,2,956.15,0.2,1529.84
1389,180,2,655.78,0.2,1049.25
1389,244,1,3623.71,0.2,2898.97
1389,266,1,1513.44,0,1513.44
1389,48,2,1103.95,0,2207.9
1390,84,1,3865.55,0.2,3092.44
1390,2,2,162.86,0.1,293.15
1391,52,2,4453.5,0.2,7125.6
1391,83,3,4022.4,0,12067.2
1391,124,3,319.5,0.1,862.65
1391,269,3,4355.56,0.2,10453.34
1392,135,2,1279.65,0.1,2303.37
1392,75,3,3915.6,0.1,10572.12
1393,245,3,4842.81,0.1,13075.59
1393,197,3,3435.53,0.1,9275.93
1394,217,1,1838.37,0.2,1470.7
1394,163,1,3977.99,0.2,3182.39
1395,171,2,226.42,0,452.84
1396,73,2,4378.53,0.2,7005.65
1397,86,3,4925.27,0,14775.81
1397,54,1,954.56,0,954.56
1397,242,3,4351.59,0.2,10443.82
1398,79,3,2449.85,0,7349.55
1398,104,1,4507.94,0,4507.94
1398,267,2,4752.35,0.1,8554.23
1398,71,1,3792.47,0.2,3033.98
1398,21,2,2599.67,0,5199.34
1399,154,2,3505.06,0.1,6309.11
1399,84,1,3865.55,0.2,3092.44
1399,209,3,4282.34,0.2,10277.62
1399,54,1,954.56,0,954.56
1399,31,2,3542.58,0.2,5668.13
1400,39,2,1788.8,0.2,2862.08
1400,7,2,2977.47,0.1,5359.45
1400,61,3,3565.73,0,10697.19
1401,217,3,1838.37,0.1,4963.6
1401,1,3,1571.14,0.2,3770.74
1402,208,2,2962.16,0.1,5331.89
1402,214,3,956.15,0.2,2294.76
1402,293,1,3384.67,0,3384.67
1402,106,3,1023.38,0,3070.14
1402,153,2,4053.91,0.1,7297.04
1403,205,1,1317.26,0.1,1185.53
1403,8,2,1531.1,0.1,2755.98
1403,10,3,4384.24,0.2,10522.18
1404,170,2,2123.49,0,4246.98
1404,138,2,1616.24,0,3232.48
1404,140,1,2103.47,0.1,1893.12
1404,249,3,2443.3,0.1,6596.91
1404,136,2,835.08,0.1,1503.14
1405,281,1,914.17,0,914.17
1406,110,1,478.85,0.2,383.08
1407,173,1,3917.1,0.1,3525.39
1407,117,2,2823.36,0.1,5082.05
1407,49,1,1365.91,0.1,1229.32
1407,92,1,1893.48,0.1,1704.13
1407,135,2,1279.65,0.1,2303.37
1408,136,1,835.08,0,835.08
1408,300,3,3405.97,0,10217.91
1408,213,1,2436.3,0,2436.3
1408,229,2,1081.83,0.1,1947.29
1409,89,2,130.17,0,260.34
1409,35,1,147.11,0,147.11
1410,229,3,1081.83,0,3245.49
1410,159,3,807.72,0,2423.16
1410,191,3,2272.49,0.1,6135.72
1411,237,1,3100.61,0.1,2790.55
1411,276,3,2930.01,0.1,7911.03
1411,226,3,2658.25,0,7974.75
1412,182,3,2659.11,0.1,7179.6
1413,235,3,1157.47,0.1,3125.17
1413,34,2,3132.01,0.2,5011.22
1413,131,1,2349.61,0.2,1879.69
1413,280,2,990.64,0.2,1585.02
1414,119,1,822.62,0.2,658.1
1414,22,3,3109.21,0.1,8394.87
1414,234,2,1752.01,0,3504.02
1414,273,1,4036.68,0.1,3633.01
1415,244,1,3623.71,0.2,2898.97
1415,58,2,3807.05,0,7614.1
1416,266,1,1513.44,0.2,1210.75
1416,16,3,3952.33,0.1,10671.29
1417,143,2,2349.66,0,4699.32
1417,271,3,4563.65,0,13690.95
1417,147,3,1158.14,0.1,3126.98
1418,124,3,319.5,0.1,862.65
1419,185,2,1406.51,0.2,2250.42
1419,291,3,850.79,0.1,2297.13
1419,234,2,1752.01,0,3504.02
1419,86,3,4925.27,0,14775.81
1419,113,3,180.63,0.2,433.51
1420,34,3,3132.01,0.2,7516.82
1420,275,3,1095.75,0.1,2958.53
1420,298,3,2955.32,0.2,7092.77
1420,44,2,3885.07,0.2,6216.11
1420,209,3,4282.34,0,12847.02
1421,293,3,3384.67,0.1,9138.61
1422,75,3,3915.6,0.1,10572.12
1422,269,3,4355.56,0,13066.68
1422,174,1,4378.44,0.1,3940.6
1423,143,3,2349.66,0.1,6344.08
1423,118,1,2699.14,0,2699.14
1423,62,3,2655.9,0.1,7170.93
1424,125,3,1471.63,0,4414.89
1425,35,3,147.11,0.2,353.06
1426,136,3,835.08,0,2505.24
1426,111,3,132.09,0.1,356.64
1426,109,3,500.73,0,1502.19
1427,48,2,1103.95,0,2207.9
1427,99,3,648.26,0.1,1750.3
1427,33,1,1950.06,0,1950.06
1427,178,2,113.25,0.2,181.2
1428,103,2,1726.45,0.2,2762.32
1428,206,3,789.54,0.1,2131.76
1428,263,3,3765.62,0,11296.86
1428,294,2,294.39,0.1,529.9
1429,269,3,4355.56,0,13066.68
1429,168,1,1435,0.1,1291.5
1429,290,2,1966.47,0.2,3146.35
1429,204,1,2819.85,0,2819.85
1429,19,2,175.58,0,351.16
1430,255,3,634.26,0.1,1712.5
1430,120,1,2696.47,0.2,2157.18
1430,165,3,1745.41,0.2,4188.98
1430,189,2,2918.36,0.2,4669.38
1430,118,3,2699.14,0.2,6477.94
1431,127,1,4510.8,0.1,4059.72
1431,273,1,4036.68,0.1,3633.01
1432,175,3,797.23,0.2,1913.35
1432,36,3,649.16,0.1,1752.73
1432,143,1,2349.66,0.1,2114.69
1432,48,1,1103.95,0.2,883.16
1433,267,2,4752.35,0.2,7603.76
1434,233,2,3048.45,0.1,5487.21
1435,145,1,1799.29,0.2,1439.43
1435,169,3,4666.14,0.2,11198.74
1436,205,2,1317.26,0.1,2371.07
1436,144,2,2500.85,0.1,4501.53
1436,290,1,1966.47,0.1,1769.82
1437,200,1,456.13,0.1,410.52
1437,229,3,1081.83,0.1,2920.94
1437,234,2,1752.01,0,3504.02
1438,32,1,3229.2,0,3229.2
1439,154,1,3505.06,0,3505.06
1439,66,2,610.55,0.2,976.88
1439,297,2,4780.41,0,9560.82
1440,202,2,1540.48,0.1,2772.86
1441,33,2,1950.06,0,3900.12
1441,198,2,2228.32,0.1,4010.98
1442,247,3,2671.22,0,8013.66
1442,39,2,1788.8,0,3577.6
1442,76,3,3589.68,0.1,9692.14
1443,241,3,4140.57,0.1,11179.54
1443,233,3,3048.45,0,9145.35
1443,262,1,579.31,0,579.31
1444,24,2,4661.82,0,9323.64
1444,12,3,1645.78,0.1,4443.61
1444,155,3,2767.71,0.1,7472.82
1444,56,2,886.8,0.2,1418.88
1445,38,2,1830.1,0.1,3294.18
1445,237,3,3100.61,0,9301.83
1446,197,1,3435.53,0,3435.53
1447,243,1,2564.2,0.2,2051.36
1448,134,3,1581.19,0.2,3794.86
1448,125,3,1471.63,0,4414.89
1449,103,3,1726.45,0,5179.35
1449,80,1,2157.78,0,2157.78
1449,10,1,4384.24,0,4384.24
1449,271,3,4563.65,0.1,12321.85
1450,275,1,1095.75,0,1095.75
1450,198,2,2228.32,0.1,4010.98
1450,236,1,3037.97,0.2,2430.38
1451,65,2,4314.56,0.2,6903.3
1452,229,3,1081.83,0,3245.49
1452,189,2,2918.36,0.2,4669.38
1453,278,1,2540.74,0,2540.74
1453,118,3,2699.14,0.1,7287.68
1453,176,3,4859.23,0.2,11662.15
1454,255,2,634.26,0.2,1014.82
1454,291,3,850.79,0.1,2297.13
1454,287,3,4626.22,0,13878.66
1454,246,1,358.61,0.1,322.75
1454,201,1,3328.08,0,3328.08
1455,118,3,2699.14,0.1,7287.68
1455,251,2,148.83,0.1,267.89
1455,17,3,2227.3,0.2,5345.52
1455,217,1,1838.37,0.1,1654.53
1456,81,1,709.48,0.2,567.58
1457,70,1,2565.16,0,2565.16
1457,46,1,3061.47,0,3061.47
1457,241,3,4140.57,0,12421.71
1458,76,1,3589.68,0.1,3230.71
1458,27,3,4687.97,0.1,12657.52
1458,236,1,3037.97,0,3037.97
1458,183,1,2480.1,0.1,2232.09
1458,31,1,3542.58,0.1,3188.32
1459,97,2,1334.43,0.1,2401.97
1459,37,2,3070.15,0,6140.3
1460,158,3,3200.7,0.1,8641.89
1461,184,2,3022.86,0.1,5441.15
1462,235,3,1157.47,0,3472.41
1462,188,1,270.55,0,270.55
1463,170,1,2123.49,0.2,1698.79
1463,250,2,2498.75,0.1,4497.75
1464,118,1,2699.14,0.1,2429.23
1464,157,2,1420.43,0.2,2272.69
1464,180,3,655.78,0,1967.34
1465,55,2,4758.22,0.1,8564.8
1465,68,2,998.72,0.1,1797.7
1465,89,3,130.17,0.1,351.46
1465,177,1,1279.69,0,1279.69
1465,154,3,3505.06,0.2,8412.14
1466,285,1,2791.44,0.2,2233.15
1466,203,3,4122.66,0,12367.98
1466,165,1,1745.41,0,1745.41
1466,146,2,1738.9,0.2,2782.24
1467,21,3,2599.67,0.1,7019.11
1467,240,2,1075.21,0,2150.42
1468,7,3,2977.47,0.2,7145.93
1468,204,2,2819.85,0,5639.7
1469,287,3,4626.22,0.2,11102.93
1469,187,1,4233.39,0,4233.39
1469,116,2,4729.75,0.1,8513.55
1469,2,3,162.86,0.2,390.86
1469,12,2,1645.78,0.1,2962.4
1470,75,3,3915.6,0.2,9397.44
1470,288,3,4205.02,0.2,10092.05
1470,234,1,1752.01,0,1752.01
1470,153,3,4053.91,0,12161.73
1471,78,3,3855.59,0.2,9253.42
1471,106,1,1023.38,0.2,818.7
1471,53,2,4303.7,0,8607.4
1471,177,1,1279.69,0.2,1023.75
1471,208,1,2962.16,0,2962.16
1472,256,3,340.75,0.1,920.02
1472,248,1,1314.7,0.1,1183.23
1472,223,3,3793.34,0.1,10242.02
1472,185,1,1406.51,0.1,1265.86
1473,243,1,2564.2,0.1,2307.78
1473,224,3,1630.29,0.1,4401.78
1474,93,1,4086.52,0,4086.52
1475,203,2,4122.66,0.1,7420.79
1475,140,1,2103.47,0.2,1682.78
1475,125,3,1471.63,0.2,3531.91
1475,147,1,1158.14,0.2,926.51
1476,266,1,1513.44,0,1513.44
1476,6,2,905.68,0.2,1449.09
1476,260,2,4129.31,0.1,7432.76
1477,87,2,2631.45,0,5262.9
1477,158,1,3200.7,0.2,2560.56
1478,217,3,1838.37,0,5515.11
1479,182,1,2659.11,0.2,2127.29
1479,82,2,716.07,0.1,1288.93
1479,207,2,4279.16,0.1,7702.49
1479,163,1,3977.99,0.2,3182.39
1480,228,1,4818.58,0,4818.58
1480,246,3,358.61,0,1075.83
1481,86,1,4925.27,0,4925.27
1481,54,2,954.56,0.1,1718.21
1482,245,2,4842.81,0,9685.62
1482,259,1,2977.48,0.2,2381.98
1482,221,1,3628.31,0.2,2902.65
1483,144,3,2500.85,0.1,6752.29
1483,101,1,3677.55,0.2,2942.04
1483,64,1,2393.81,0.2,1915.05
1483,103,2,1726.45,0.2,2762.32
1483,41,1,4424.05,0.1,3981.65
1484,41,1,4424.05,0.1,3981.65
1484,74,3,3005.42,0.1,8114.63
1484,58,2,3807.05,0.1,6852.69
1485,79,2,2449.85,0.1,4409.73
1485,129,3,2531.28,0,7593.84
1485,275,1,1095.75,0.2,876.6
1485,116,3,4729.75,0,14189.25
1485,54,1,954.56,0,954.56
1486,131,2,2349.61,0.2,3759.38
1486,152,1,888.12,0,888.12
1487,128,3,4900.43,0.2,11761.03
1487,87,2,2631.45,0.2,4210.32
1487,198,1,2228.32,0,2228.32
1488,164,1,816.74,0,816.74
1488,155,3,2767.71,0,8303.13
1488,268,3,4342.22,0.2,10421.33
1488,56,2,886.8,0,1773.6
1489,282,2,3926.46,0,7852.92
1489,111,3,132.09,0.2,317.02
1489,172,1,4013.49,0.2,3210.79
1489,109,2,500.73,0.1,901.31
1489,110,2,478.85,0,957.7
1490,116,1,4729.75,0,4729.75
1490,121,3,2781.54,0.1,7510.16
1490,162,3,3712.96,0.2,8911.1
1490,279,2,347.7,0,695.4
1490,213,2,2436.3,0.2,3898.08
1491,279,1,347.7,0.2,278.16
1491,125,3,1471.63,0.2,3531.91
1491,96,2,4243.67,0,8487.34
1492,268,3,4342.22,0.2,10421.33
1493,164,2,816.74,0.2,1306.78
1493,16,3,3952.33,0.2,9485.59
1494,101,2,3677.55,0.1,6619.59
1494,16,3,3952.33,0,11856.99
1494,197,1,3435.53,0,3435.53
1494,21,3,2599.67,0,7799.01
1495,49,2,1365.91,0.1,2458.64
1495,51,2,3723.25,0.1,6701.85
1496,242,3,4351.59,0.1,11749.29
1496,243,2,2564.2,0.2,4102.72
1497,74,3,3005.42,0,9016.26
1497,126,2,1025.69,0.2,1641.1
1497,273,2,4036.68,0.1,7266.02
1498,129,2,2531.28,0.2,4050.05
1498,17,1,2227.3,0.2,1781.84
1498,273,2,4036.68,0,8073.36
1499,267,3,4752.35,0.2,11405.64
1499,180,3,655.78,0,1967.34
1499,258,2,3042.51,0.2,4868.02
1499,169,3,4666.14,0.2,11198.74
1500,17,3,2227.3,0.1,6013.71
1500,7,2,2977.47,0.1,5359.45
1501,289,2,1989.64,0.1,3581.35
1501,122,1,1254.11,0,1254.11
1502,157,3,1420.43,0.2,3409.03
1502,213,3,2436.3,0.1,6578.01
1502,25,1,2807.38,0.2,2245.9
1502,58,1,3807.05,0,3807.05
1502,85,2,4346.15,0.1,7823.07
1503,208,3,2962.16,0,8886.48
1503,224,2,1630.29,0,3260.58
1503,232,1,3920.49,0,3920.49
1503,143,2,2349.66,0.2,3759.46
1504,286,3,3079.76,0,9239.28
1504,53,3,4303.7,0,12911.1
1504,105,3,985.57,0,2956.71
1505,147,1,1158.14,0,1158.14
1505,117,3,2823.36,0,8470.08
1505,92,3,1893.48,0.2,4544.35
1505,282,1,3926.46,0,3926.46
1505,68,3,998.72,0.1,2696.54
1506,143,3,2349.66,0,7048.98
1506,244,2,3623.71,0.1,6522.68
1506,125,3,1471.63,0,4414.89
1506,149,1,4047.23,0,4047.23
1506,53,3,4303.7,0.2,10328.88
1507,43,2,241.69,0.1,435.04
1507,96,2,4243.67,0.2,6789.87
1507,189,2,2918.36,0.2,4669.38
1507,270,1,3310.85,0.1,2979.76
1507,282,1,3926.46,0.2,3141.17
1508,181,2,3568.87,0.2,5710.19
1508,222,2,3519.57,0.1,6335.23
1508,189,1,2918.36,0.1,2626.52
1508,246,1,358.61,0,358.61
1508,76,1,3589.68,0.2,2871.74
1509,203,3,4122.66,0.1,11131.18
1509,59,3,2724.81,0.2,6539.54
1509,57,2,924.14,0,1848.28
1509,108,2,3213.87,0.2,5142.19
1510,202,1,1540.48,0.1,1386.43
1510,224,2,1630.29,0,3260.58
1510,79,2,2449.85,0,4899.7
1510,156,1,4614.81,0.1,4153.33
1511,97,1,1334.43,0.1,1200.99
1511,27,3,4687.97,0,14063.91
1511,200,2,456.13,0,912.26
1511,199,1,1706.15,0,1706.15
1511,5,1,4696.11,0,4696.11
1512,202,2,1540.48,0.1,2772.86
1512,239,1,3599.71,0,3599.71
1512,226,3,2658.25,0.2,6379.8
1512,298,1,2955.32,0.2,2364.26
1512,141,2,1689.08,0.2,2702.53
1513,64,1,2393.81,0.2,1915.05
1514,208,1,2962.16,0,2962.16
1514,34,1,3132.01,0,3132.01
1514,133,2,4617.75,0.1,8311.95
1514,28,3,626.91,0.1,1692.66
1514,82,3,716.07,0.2,1718.57
1515,167,1,3968.26,0,3968.26
1515,4,2,4485.44,0.1,8073.79
1515,118,1,2699.14,0.2,2159.31
1516,294,1,294.39,0,294.39
1516,131,3,2349.61,0,7048.83
1516,42,3,1883.45,0,5650.35
1517,59,3,2724.81,0.2,6539.54
1517,65,3,4314.56,0.2,10354.94
1517,222,2,3519.57,0,7039.14
1517,102,3,1655.92,0,4967.76
1518,92,2,1893.48,0.2,3029.57
1519,200,1,456.13,0.1,410.52
1519,97,2,1334.43,0,2668.86
1519,40,3,1192.17,0.1,3218.86
1519,164,3,816.74,0.2,1960.18
1519,167,3,3968.26,0.1,10714.3
1520,78,3,3855.59,0.1,10410.09
1520,28,3,626.91,0.2,1504.58
1520,246,3,358.61,0.1,968.25
1521,177,2,1279.69,0.2,2047.5
1521,50,2,4334.05,0.1,7801.29
1521,224,2,1630.29,0.1,2934.52
1521,135,3,1279.65,0.2,3071.16
1521,7,1,2977.47,0,2977.47
1522,232,3,3920.49,0.1,10585.32
1523,238,2,2511.77,0,5023.54
1523,241,3,4140.57,0,12421.71
1524,82,1,716.07,0.2,572.86
1524,33,1,1950.06,0.1,1755.05
1524,259,3,2977.48,0,8932.44
1524,246,1,358.61,0,358.61
1524,141,2,1689.08,0.2,2702.53
1525,286,3,3079.76,0,9239.28
1525,148,1,2047.04,0.1,1842.34
1525,10,3,4384.24,0,13152.72
1525,13,2,3075.58,0.1,5536.04
1525,40,1,1192.17,0.1,1072.95
1526,127,2,4510.8,0.1,8119.44
1527,57,1,924.14,0,924.14
1527,103,1,1726.45,0,1726.45
1527,255,1,634.26,0.1,570.83
1527,43,1,241.69,0,241.69
1528,38,1,1830.1,0.2,1464.08
1528,118,2,2699.14,0.1,4858.45
1529,147,3,1158.14,0.1,3126.98
1529,197,1,3435.53,0,3435.53
1530,189,3,2918.36,0.1,7879.57
1530,8,2,1531.1,0.2,2449.76
1530,297,2,4780.41,0.1,8604.74
1530,259,1,2977.48,0.2,2381.98
1531,119,1,822.62,0.1,740.36
1531,87,2,2631.45,0,5262.9
1531,228,1,4818.58,0,4818.58
1531,134,2,1581.19,0,3162.38
1532,229,3,1081.83,0.1,2920.94
1532,140,1,2103.47,0,2103.47
1533,204,2,2819.85,0.1,5075.73
1533,26,1,1802.56,0.2,1442.05
1533,160,3,961.86,0.1,2597.02
1533,118,3,2699.14,0.2,6477.94
1533,255,2,634.26,0.2,1014.82
1534,154,1,3505.06,0,3505.06
1534,193,3,4029.85,0.1,10880.59
1534,59,2,2724.81,0.2,4359.7
1535,105,3,985.57,0,2956.71
1535,125,1,1471.63,0.2,1177.3
1536,55,2,4758.22,0,9516.44
1536,262,2,579.31,0,1158.62
1536,222,1,3519.57,0,3519.57
1537,112,3,2686.4,0.2,6447.36
1537,59,2,2724.81,0,5449.62
1537,189,2,2918.36,0.1,5253.05
1537,197,1,3435.53,0.2,2748.42
1537,107,2,171.93,0,343.86
1538,268,3,4342.22,0,13026.66
1538,81,1,709.48,0.1,638.53
1538,134,3,1581.19,0.1,4269.21
1538,233,3,3048.45,0.1,8230.81
1539,180,2,655.78,0.1,1180.4
1539,107,3,171.93,0,515.79
1539,150,3,1188.32,0.2,2851.97
1539,10,3,4384.24,0.2,10522.18
1540,51,3,3723.25,0.1,10052.77
1541,143,2,2349.66,0.1,4229.39
1542,245,2,4842.81,0.1,8717.06
1543,139,2,3351.42,0.2,5362.27
1543,147,2,1158.14,0.1,2084.65
1543,283,2,1366.35,0,2732.7
1543,177,1,1279.69,0.1,1151.72
1543,56,1,886.8,0.1,798.12
1544,272,1,1711.82,0.1,1540.64
1544,187,2,4233.39,0.2,6773.42
1544,257,3,4439.91,0.1,11987.76
1544,79,1,2449.85,0.1,2204.86
1545,105,1,985.57,0,985.57
1545,92,1,1893.48,0.1,1704.13
1545,73,3,4378.53,0.1,11822.03
1545,106,2,1023.38,0.1,1842.08
1546,43,2,241.69,0,483.38
1546,288,3,4205.02,0.2,10092.05
1546,63,2,4344.14,0,8688.28
1546,97,3,1334.43,0.1,3602.96
1546,135,2,1279.65,0,2559.3
1547,214,3,956.15,0,2868.45
1547,176,3,4859.23,0,14577.69
1547,116,3,4729.75,0,14189.25
1547,51,2,3723.25,0.2,5957.2
1547,222,1,3519.57,0.2,2815.66
1548,60,2,4674.62,0.1,8414.32
1548,299,2,2527.49,0.1,4549.48
1548,279,1,347.7,0.1,312.93
1549,85,1,4346.15,0,4346.15
1549,134,3,1581.19,0.2,3794.86
1549,23,1,4414.98,0,4414.98
1550,221,1,3628.31,0,3628.31
1550,85,3,4346.15,0.2,10430.76
1550,284,2,1844.85,0.1,3320.73
1551,79,3,2449.85,0,7349.55
1551,257,3,4439.91,0.1,11987.76
1551,121,3,2781.54,0.2,6675.7
1551,126,3,1025.69,0.2,2461.66
1551,49,2,1365.91,0.1,2458.64
1552,295,1,2343.7,0.1,2109.33
1552,63,3,4344.14,0.1,11729.18
1552,288,3,4205.02,0,12615.06
1552,257,3,4439.91,0.2,10655.78
1552,25,3,2807.38,0.2,6737.71
1553,54,2,954.56,0,1909.12
1553,40,1,1192.17,0.1,1072.95
1553,128,1,4900.43,0,4900.43
1553,272,2,1711.82,0.1,3081.28
1554,187,2,4233.39,0.2,6773.42
1554,252,2,3127.93,0.2,5004.69
1554,163,1,3977.99,0.1,3580.19
1554,204,1,2819.85,0,2819.85
1554,173,2,3917.1,0.2,6267.36
1555,154,3,3505.06,0,10515.18
1556,58,1,3807.05,0.1,3426.35
1556,228,1,4818.58,0.1,4336.72
1557,258,3,3042.51,0.1,8214.78
1557,226,2,2658.25,0,5316.5
1557,277,2,3435.47,0.1,6183.85
1557,28,2,626.91,0,1253.82
1557,60,2,4674.62,0,9349.24
1558,143,1,2349.66,0.2,1879.73
1558,204,3,2819.85,0.2,6767.64
1559,106,3,1023.38,0.2,2456.11
1560,117,3,2823.36,0,8470.08
1560,79,3,2449.85,0.2,5879.64
1560,102,3,1655.92,0,4967.76
1560,46,3,3061.47,0.1,8265.97
1561,231,1,671.34,0.2,537.07
1561,206,2,789.54,0.1,1421.17
1561,264,1,490.72,0.1,441.65
1561,283,2,1366.35,0,2732.7
1562,297,1,4780.41,0.1,4302.37
1563,250,1,2498.75,0.2,1999
1564,251,3,148.83,0,446.49
1564,33,3,1950.06,0,5850.18
1564,96,1,4243.67,0,4243.67
1565,108,2,3213.87,0.1,5784.97
1565,249,1,2443.3,0.2,1954.64
1565,264,1,490.72,0,490.72
1565,208,3,2962.16,0.1,7997.83
1565,139,3,3351.42,0.1,9048.83
1566,43,3,241.69,0.1,652.56
1567,207,3,4279.16,0.2,10269.98
1567,246,3,358.61,0.2,860.66
1567,38,2,1830.1,0.1,3294.18
1567,222,2,3519.57,0.2,5631.31
1568,171,1,226.42,0.1,203.78
1568,186,3,4809.64,0.2,11543.14
1568,155,3,2767.71,0,8303.13
1569,219,3,134.79,0,404.37
1569,72,2,694.52,0.1,1250.14
1569,272,2,1711.82,0.1,3081.28
1570,53,1,4303.7,0,4303.7
1570,270,3,3310.85,0,9932.55
1570,19,3,175.58,0.2,421.39
1570,44,3,3885.07,0.1,10489.69
1571,206,2,789.54,0.2,1263.26
1571,123,1,823.42,0,823.42
1571,218,3,693.44,0,2080.32
1571,199,1,1706.15,0.1,1535.54
1571,86,1,4925.27,0.2,3940.22
1572,230,3,1046.39,0.1,2825.25
1572,154,2,3505.06,0.2,5608.1
1572,61,1,3565.73,0.2,2852.58
1573,53,3,4303.7,0,12911.1
1573,196,3,415.32,0.2,996.77
1573,210,3,161.58,0.1,436.27
1573,132,2,1515.14,0.1,2727.25
1573,129,2,2531.28,0.1,4556.3
1574,160,1,961.86,0,961.86
1574,169,2,4666.14,0.1,8399.05
1574,244,3,3623.71,0.2,8696.9
1574,293,1,3384.67,0,3384.67
1574,16,2,3952.33,0.1,7114.19
1575,3,3,1407.01,0.2,3376.82
1575,55,3,4758.22,0.2,11419.73
1575,91,3,1308.63,0.2,3140.71
1576,52,1,4453.5,0.1,4008.15
1576,265,3,3805.03,0.2,9132.07
1576,289,1,1989.64,0.2,1591.71
1576,57,3,924.14,0,2772.42
1576,198,2,2228.32,0.1,4010.98
1577,36,2,649.16,0.1,1168.49
1578,69,1,2395.28,0.2,1916.22
1578,282,1,3926.46,0,3926.46
1578,112,2,2686.4,0.1,4835.52
1579,230,3,1046.39,0,3139.17
1579,204,3,2819.85,0,8459.55
1579,284,1,1844.85,0.1,1660.37
1579,49,2,1365.91,0.2,2185.46
1579,128,2,4900.43,0,9800.86
1580,169,1,4666.14,0,4666.14
1580,74,3,3005.42,0,9016.26
1580,93,1,4086.52,0,4086.52
1580,92,2,1893.48,0.1,3408.26
1580,21,2,2599.67,0.1,4679.41
1581,11,3,4126.24,0.1,11140.85
1581,158,3,3200.7,0.1,8641.89
1582,50,2,4334.05,0.1,7801.29
1582,295,2,2343.7,0.1,4218.66
1582,199,2,1706.15,0.2,2729.84
1582,80,1,2157.78,0.2,1726.22
1582,41,3,4424.05,0.1,11944.94
1583,283,1,1366.35,0.2,1093.08
1583,298,1,2955.32,0,2955.32
1583,176,3,4859.23,0.2,11662.15
1583,94,1,2572.33,0.2,2057.86
1584,74,3,3005.42,0,9016.26
1584,10,1,4384.24,0,4384.24
1585,143,2,2349.66,0.1,4229.39
1585,40,3,1192.17,0,3576.51
1585,16,3,3952.33,0,11856.99
1585,86,1,4925.27,0.2,3940.22
1586,254,3,1160.5,0,3481.5
1586,162,3,3712.96,0,11138.88
1586,61,3,3565.73,0.1,9627.47
1586,224,2,1630.29,0.2,2608.46
1587,18,3,534.95,0.2,1283.88
1587,50,2,4334.05,0.2,6934.48
1587,183,2,2480.1,0,4960.2
1588,74,2,3005.42,0.2,4808.67
1588,1,3,1571.14,0.1,4242.08
1588,129,3,2531.28,0.2,6075.07
1588,87,2,2631.45,0.2,4210.32
1588,190,3,1962.53,0.2,4710.07
1589,264,2,490.72,0,981.44
1590,33,1,1950.06,0.1,1755.05
1590,222,3,3519.57,0,10558.71
1590,75,2,3915.6,0,7831.2
1591,226,3,2658.25,0.1,7177.28
1591,98,2,1535.92,0.1,2764.66
1591,115,1,2411.4,0.1,2170.26
1591,155,2,2767.71,0.1,4981.88
1592,155,1,2767.71,0,2767.71
1592,295,1,2343.7,0,2343.7
1593,119,1,822.62,0.1,740.36
1593,160,3,961.86,0.1,2597.02
1594,83,1,4022.4,0.2,3217.92
1594,157,3,1420.43,0,4261.29
1595,90,2,183.24,0.1,329.83
1595,36,2,649.16,0,1298.32
1595,296,1,693.33,0.1,624
1596,125,2,1471.63,0.1,2648.93
1596,218,3,693.44,0.1,1872.29
1596,178,1,113.25,0.1,101.92
1597,247,3,2671.22,0.1,7212.29
1597,129,2,2531.28,0.1,4556.3
1597,79,1,2449.85,0.1,2204.86
1597,293,2,3384.67,0.2,5415.47
1598,162,1,3712.96,0.2,2970.37
1598,254,2,1160.5,0,2321
1598,194,3,2773.23,0,8319.69
1598,10,3,4384.24,0,13152.72
1598,24,2,4661.82,0,9323.64
1599,119,3,822.62,0.2,1974.29
1599,84,2,3865.55,0.2,6184.88
1599,1,3,1571.14,0.2,3770.74
1600,278,1,2540.74,0.1,2286.67
1600,270,2,3310.85,0.1,5959.53
1600,231,3,671.34,0,2014.02
1601,64,3,2393.81,0.1,6463.29
1601,252,3,3127.93,0,9383.79
1601,167,3,3968.26,0,11904.78
1601,204,2,2819.85,0,5639.7
1602,193,2,4029.85,0,8059.7
1603,287,2,4626.22,0,9252.44
1603,250,1,2498.75,0.1,2248.88
1603,254,2,1160.5,0.2,1856.8
1603,149,3,4047.23,0.1,10927.52
1604,250,1,2498.75,0.2,1999
1604,247,1,2671.22,0,2671.22
1604,255,3,634.26,0,1902.78
1604,99,1,648.26,0.2,518.61
1604,64,1,2393.81,0.2,1915.05
1605,98,3,1535.92,0,4607.76
1606,42,1,1883.45,0.2,1506.76
1606,94,2,2572.33,0,5144.66
1606,170,3,2123.49,0.1,5733.42
1606,105,1,985.57,0,985.57
1607,134,2,1581.19,0.2,2529.9
1608,100,1,4054.92,0.2,3243.94
1609,67,2,1384.47,0.1,2492.05
1609,156,1,4614.81,0.1,4153.33
1610,272,3,1711.82,0.2,4108.37
1610,213,2,2436.3,0.2,3898.08
1610,130,1,3052.06,0.2,2441.65
1611,264,2,490.72,0.1,883.3
1611,14,3,4246.91,0.2,10192.58
1612,268,3,4342.22,0.2,10421.33
1612,182,2,2659.11,0.2,4254.58
1612,115,3,2411.4,0.1,6510.78
1612,116,2,4729.75,0,9459.5
1613,4,3,4485.44,0.1,12110.69
1613,87,3,2631.45,0,7894.35
1613,92,2,1893.48,0.2,3029.57
1614,136,1,835.08,0,835.08
1614,298,1,2955.32,0,2955.32
1615,172,2,4013.49,0.2,6421.58
1616,243,2,2564.2,0.2,4102.72
1616,24,2,4661.82,0.2,7458.91
1616,103,3,1726.45,0,5179.35
1616,159,2,807.72,0,1615.44
1616,146,1,1738.9,0,1738.9
1617,121,3,2781.54,0.2,6675.7
1617,22,1,3109.21,0.2,2487.37
1617,131,1,2349.61,0.1,2114.65
1617,143,1,2349.66,0.2,1879.73
1618,300,3,3405.97,0,10217.91
1619,118,1,2699.14,0.2,2159.31
1619,247,3,2671.22,0.1,7212.29
1619,64,2,2393.81,0.1,4308.86
1619,122,1,1254.11,0,1254.11
1619,14,3,4246.91,0.1,11466.66
1620,161,2,2773.7,0,5547.4
1620,143,2,2349.66,0.2,3759.46
1621,83,3,4022.4,0,12067.2
1622,275,2,1095.75,0.1,1972.35
1623,131,3,2349.61,0.2,5639.06
1623,220,1,2980.59,0.2,2384.47
1623,205,1,1317.26,0.2,1053.81
1623,73,1,4378.53,0.2,3502.82
1624,182,2,2659.11,0.1,4786.4
1624,65,2,4314.56,0.2,6903.3
1625,19,1,175.58,0.2,140.46
1626,147,1,1158.14,0,1158.14
1626,11,2,4126.24,0.1,7427.23
1627,86,1,4925.27,0,4925.27
1628,155,3,2767.71,0.2,6642.5
1628,10,2,4384.24,0.2,7014.78
1629,44,1,3885.07,0.1,3496.56
1629,221,2,3628.31,0.1,6530.96
1629,100,1,4054.92,0.1,3649.43
1630,118,3,2699.14,0.1,7287.68
1631,35,3,147.11,0.2,353.06
1632,99,1,648.26,0,648.26
1632,97,1,1334.43,0.2,1067.54
1632,112,1,2686.4,0,2686.4
1632,153,2,4053.91,0.1,7297.04
1633,179,2,3748.16,0,7496.32
1633,162,1,3712.96,0.2,2970.37
1634,110,3,478.85,0.2,1149.24
1634,106,2,1023.38,0.2,1637.41
1634,204,2,2819.85,0.2,4511.76
1635,294,1,294.39,0,294.39
1635,277,2,3435.47,0,6870.94
1635,109,1,500.73,0.1,450.66
1636,88,1,555.9,0.2,444.72
1636,145,3,1799.29,0,5397.87
1636,244,1,3623.71,0.2,2898.97
1636,82,1,716.07,0,716.07
1636,3,3,1407.01,0.2,3376.82
1637,191,2,2272.49,0,4544.98
1637,67,1,1384.47,0.1,1246.02
1638,85,3,4346.15,0.1,11734.6
1638,239,1,3599.71,0,3599.71
1638,147,3,1158.14,0.2,2779.54
1638,294,2,294.39,0.2,471.02
1638,58,1,3807.05,0,3807.05
1639,133,2,4617.75,0.2,7388.4
1640,172,3,4013.49,0,12040.47
1641,103,3,1726.45,0.1,4661.42
1641,265,2,3805.03,0,7610.06
1641,141,1,1689.08,0,1689.08
1641,21,1,2599.67,0.2,2079.74
1642,252,3,3127.93,0,9383.79
1643,151,1,4406.48,0.2,3525.18
1644,13,1,3075.58,0,3075.58
1644,238,2,2511.77,0.1,4521.19
1644,37,1,3070.15,0,3070.15
1644,85,3,4346.15,0,13038.45
1644,120,3,2696.47,0.2,6471.53
1645,280,3,990.64,0.2,2377.54
1645,125,1,1471.63,0.1,1324.47
1645,214,1,956.15,0,956.15
1645,146,2,1738.9,0.2,2782.24
1645,117,3,2823.36,0.1,7623.07
1646,206,2,789.54,0.2,1263.26
1647,25,2,2807.38,0,5614.76
1648,98,1,1535.92,0,1535.92
1648,271,2,4563.65,0.2,7301.84
1649,286,1,3079.76,0.2,2463.81
1649,209,2,4282.34,0.2,6851.74
1649,78,2,3855.59,0,7711.18
1650,242,3,4351.59,0.1,11749.29
1650,129,2,2531.28,0,5062.56
1651,18,2,534.95,0,1069.9
1651,253,1,655.15,0.2,524.12
1651,257,1,4439.91,0,4439.91
1651,118,1,2699.14,0.1,2429.23
1651,41,1,4424.05,0.2,3539.24
1652,120,2,2696.47,0,5392.94
1652,175,2,797.23,0.1,1435.01
1653,177,2,1279.69,0,2559.38
1653,45,2,2210.75,0.1,3979.35
1653,54,3,954.56,0.2,2290.94
1654,2,3,162.86,0.2,390.86
1654,184,3,3022.86,0.2,7254.86
1654,165,2,1745.41,0.1,3141.74
1654,271,3,4563.65,0.1,12321.85
1655,134,3,1581.19,0.1,4269.21
1655,285,1,2791.44,0.2,2233.15
1655,77,1,3082.83,0.1,2774.55
1655,294,1,294.39,0,294.39
1656,269,1,4355.56,0,4355.56
1657,75,3,3915.6,0.1,10572.12
1657,178,3,113.25,0,339.75
1657,237,1,3100.61,0.2,2480.49
1657,164,3,816.74,0.1,2205.2
1657,72,3,694.52,0.1,1875.2
1658,185,1,1406.51,0.1,1265.86
1658,22,3,3109.21,0,9327.63
1658,102,2,1655.92,0.1,2980.66
1658,209,1,4282.34,0.1,3854.11
1659,96,3,4243.67,0,12731.01
1659,294,2,294.39,0,588.78
1659,93,2,4086.52,0.1,7355.74
1659,260,1,4129.31,0.1,3716.38
1659,19,2,175.58,0.1,316.04
1660,289,2,1989.64,0.1,3581.35
1660,110,3,478.85,0,1436.55
1660,189,1,2918.36,0.2,2334.69
1660,42,2,1883.45,0.2,3013.52
1661,104,2,4507.94,0,9015.88
1661,261,3,3503.75,0.1,9460.12
1662,177,1,1279.69,0,1279.69
1662,100,1,4054.92,0,4054.92
1662,33,2,1950.06,0,3900.12
1662,221,3,3628.31,0,10884.93
1662,273,2,4036.68,0,8073.36
1663,270,2,3310.85,0.2,5297.36
1663,143,3,2349.66,0.2,5639.18
1664,290,3,1966.47,0.1,5309.47
1664,161,1,2773.7,0.1,2496.33
1665,80,3,2157.78,0.2,5178.67
1665,262,1,579.31,0.1,521.38
1665,178,3,113.25,0.2,271.8
1665,32,1,3229.2,0,3229.2
1666,185,3,1406.51,0.2,3375.62
1666,39,3,1788.8,0.1,4829.76
1667,52,1,4453.5,0,4453.5
1667,11,1,4126.24,0.1,3713.62
1667,208,2,2962.16,0.2,4739.46
1668,125,1,1471.63,0.2,1177.3
1668,290,2,1966.47,0.2,3146.35
1668,280,2,990.64,0.1,1783.15
1669,120,3,2696.47,0,8089.41
1669,141,2,1689.08,0.2,2702.53
1670,194,2,2773.23,0.2,4437.17
1670,117,1,2823.36,0.2,2258.69
1670,275,3,1095.75,0.1,2958.53
1670,118,2,2699.14,0.1,4858.45
1671,176,1,4859.23,0,4859.23
1671,44,1,3885.07,0.2,3108.06
1672,29,3,708.63,0,2125.89
1672,204,3,2819.85,0.1,7613.59
1672,22,3,3109.21,0.2,7462.1
1672,213,3,2436.3,0.2,5847.12
1673,100,3,4054.92,0,12164.76
1673,198,2,2228.32,0,4456.64
1673,105,2,985.57,0,1971.14
1674,185,2,1406.51,0.2,2250.42
1674,271,1,4563.65,0.1,4107.28
1674,35,3,147.11,0.2,353.06
1674,300,3,3405.97,0.1,9196.12
1674,91,3,1308.63,0,3925.89
1675,30,3,4638.28,0.2,11131.87
1676,18,2,534.95,0.2,855.92
1676,34,1,3132.01,0.1,2818.81
1677,109,3,500.73,0.1,1351.97
1677,115,3,2411.4,0.1,6510.78
1677,72,3,694.52,0.2,1666.85
1677,8,2,1531.1,0,3062.2
1678,244,3,3623.71,0,10871.13
1678,133,3,4617.75,0,13853.25
1678,157,2,1420.43,0.1,2556.77
1678,106,3,1023.38,0,3070.14
1679,192,2,1974.7,0,3949.4
1679,130,1,3052.06,0.1,2746.85
1680,39,2,1788.8,0,3577.6
1680,113,2,180.63,0.2,289.01
1680,221,2,3628.31,0.1,6530.96
1681,274,2,2974.84,0.2,4759.74
1681,92,2,1893.48,0.1,3408.26
1681,91,1,1308.63,0.2,1046.9
1681,232,3,3920.49,0.2,9409.18
1682,98,2,1535.92,0.2,2457.47
1682,221,3,3628.31,0.2,8707.94
1682,80,2,2157.78,0,4315.56
1682,281,3,914.17,0.2,2194.01
1682,46,3,3061.47,0.1,8265.97
1683,49,2,1365.91,0,2731.82
1684,178,3,113.25,0,339.75
1684,72,1,694.52,0,694.52
1684,288,2,4205.02,0,8410.04
1685,197,1,3435.53,0,3435.53
1685,293,1,3384.67,0.2,2707.74
1685,113,2,180.63,0.1,325.13
1685,115,1,2411.4,0,2411.4
1685,227,1,4186.52,0,4186.52
1686,69,2,2395.28,0.2,3832.45
1686,185,1,1406.51,0.2,1125.21
1687,17,2,2227.3,0,4454.6
1687,210,2,161.58,0.2,258.53
1687,177,1,1279.69,0.2,1023.75
1688,26,2,1802.56,0.2,2884.1
1688,21,2,2599.67,0.2,4159.47
1688,156,2,4614.81,0.2,7383.7
1688,88,1,555.9,0,555.9
1689,51,1,3723.25,0.2,2978.6
1689,174,2,4378.44,0.1,7881.19
1689,68,3,998.72,0.1,2696.54
1689,123,2,823.42,0.2,1317.47
1689,260,3,4129.31,0,12387.93
1690,123,3,823.42,0,2470.26
1691,261,2,3503.75,0.1,6306.75
1691,18,1,534.95,0.1,481.46
1691,89,2,130.17,0.1,234.31
1691,273,1,4036.68,0.2,3229.34
1691,140,2,2103.47,0.2,3365.55
1692,18,2,534.95,0.2,855.92
1692,88,3,555.9,0.2,1334.16
1692,15,1,2876.77,0.1,2589.09
1692,261,3,3503.75,0,10511.25
1692,144,1,2500.85,0.2,2000.68
1693,177,3,1279.69,0,3839.07
1693,222,1,3519.57,0.2,2815.66
1694,282,3,3926.46,0.2,9423.5
1694,160,2,961.86,0.2,1538.98
1695,284,2,1844.85,0.2,2951.76
1695,220,1,2980.59,0,2980.59
1696,209,1,4282.34,0,4282.34
1696,4,3,4485.44,0.2,10765.06
1697,244,2,3623.71,0,7247.42
1697,94,3,2572.33,0.2,6173.59
1697,131,2,2349.61,0.1,4229.3
1697,13,2,3075.58,0.1,5536.04
1697,215,3,3807.34,0.2,9137.62
1698,105,1,985.57,0,985.57
1698,79,3,2449.85,0.1,6614.59
1698,177,2,1279.69,0.1,2303.44
1699,19,2,175.58,0.2,280.93
1699,285,2,2791.44,0,5582.88
1699,155,3,2767.71,0,8303.13
1699,39,2,1788.8,0,3577.6
1700,24,2,4661.82,0,9323.64
1700,141,3,1689.08,0.1,4560.52
1700,180,2,655.78,0.1,1180.4
1700,214,3,956.15,0.1,2581.61
1700,255,2,634.26,0.2,1014.82
1701,215,3,3807.34,0,11422.02
1701,219,2,134.79,0,269.58
1701,207,1,4279.16,0,4279.16
1702,111,3,132.09,0,396.27
1703,169,2,4666.14,0.2,7465.82
1703,298,1,2955.32,0.2,2364.26
1703,225,3,841.46,0.2,2019.5
1703,198,1,2228.32,0.2,1782.66
1704,115,2,2411.4,0.2,3858.24
1705,170,3,2123.49,0.2,5096.38
1706,245,1,4842.81,0.2,3874.25
1706,4,1,4485.44,0.2,3588.35
1706,251,2,148.83,0,297.66
1706,268,3,4342.22,0.2,10421.33
1706,148,3,2047.04,0.1,5527.01
1707,247,2,2671.22,0.2,4273.95
1707,121,3,2781.54,0.2,6675.7
1707,165,2,1745.41,0,3490.82
1707,1,2,1571.14,0.2,2513.82
1707,130,2,3052.06,0.2,4883.3
1708,31,1,3542.58,0.1,3188.32
1709,294,1,294.39,0,294.39
1709,223,1,3793.34,0,3793.34
1709,36,3,649.16,0,1947.48
1710,140,2,2103.47,0.1,3786.25
1710,108,3,3213.87,0,9641.61
1710,209,3,4282.34,0,12847.02
1710,97,1,1334.43,0,1334.43
1711,127,3,4510.8,0.2,10825.92
1711,151,2,4406.48,0,8812.96
1711,147,1,1158.14,0,1158.14
1711,195,1,1333.33,0.2,1066.66
1712,139,2,3351.42,0.2,5362.27
1712,213,3,2436.3,0.1,6578.01
1712,43,3,241.69,0.2,580.06
1712,209,1,4282.34,0.2,3425.87
1712,136,2,835.08,0.1,1503.14
1713,227,3,4186.52,0,12559.56
1713,192,3,1974.7,0.2,4739.28
1714,38,1,1830.1,0.2,1464.08
1714,219,2,134.79,0.1,242.62
1715,196,1,415.32,0.2,332.26
1715,299,3,2527.49,0.1,6824.22
1715,161,3,2773.7,0.1,7488.99
1715,118,2,2699.14,0.2,4318.62
1716,52,2,4453.5,0.2,7125.6
1716,110,2,478.85,0.1,861.93
1716,162,2,3712.96,0.1,6683.33
1717,223,3,3793.34,0.2,9104.02
1717,202,2,1540.48,0.2,2464.77
1718,12,2,1645.78,0.2,2633.25
1718,99,3,648.26,0.2,1555.82
1718,7,2,2977.47,0.1,5359.45
1718,105,2,985.57,0,1971.14
1719,4,3,4485.44,0.2,10765.06
1719,281,2,914.17,0,1828.34
1719,52,2,4453.5,0.1,8016.3
1719,292,1,4156.58,0,4156.58
1720,210,3,161.58,0,484.74
1720,87,1,2631.45,0.2,2105.16
1720,166,1,1655.44,0.2,1324.35
1721,266,3,1513.44,0.2,3632.26
1721,215,3,3807.34,0,11422.02
1721,56,3,886.8,0.1,2394.36
1721,183,2,2480.1,0,4960.2
1721,138,1,1616.24,0,1616.24
1722,30,2,4638.28,0,9276.56
1722,137,1,1005.84,0,1005.84
1723,283,3,1366.35,0.2,3279.24
1723,189,1,2918.36,0.1,2626.52
1723,276,3,2930.01,0.2,7032.02
1723,44,1,3885.07,0.2,3108.06
1724,125,2,1471.63,0.1,2648.93
1724,248,1,1314.7,0,1314.7
1724,198,1,2228.32,0.2,1782.66
1725,160,2,961.86,0,1923.72
1725,287,2,4626.22,0.1,8327.2
1725,135,1,1279.65,0.1,1151.69
1726,116,2,4729.75,0,9459.5
1727,88,1,555.9,0,555.9
1727,38,3,1830.1,0,5490.3
1727,78,3,3855.59,0.1,10410.09
1728,129,2,2531.28,0.1,4556.3
1729,166,2,1655.44,0,3310.88
1729,41,3,4424.05,0.1,11944.94
1729,268,2,4342.22,0,8684.44
1729,71,2,3792.47,0.1,6826.45
1729,80,1,2157.78,0.1,1942
1730,100,3,4054.92,0,12164.76
1730,102,2,1655.92,0,3311.84
1730,164,3,816.74,0,2450.22
1730,266,3,1513.44,0,4540.32
1730,286,3,3079.76,0,9239.28
1731,207,1,4279.16,0,4279.16
1731,237,2,3100.61,0.1,5581.1
1731,108,3,3213.87,0,9641.61
1732,80,2,2157.78,0.1,3884
1732,142,3,2632.44,0.2,6317.86
1732,190,3,1962.53,0.1,5298.83
1732,219,1,134.79,0.2,107.83
1733,38,2,1830.1,0,3660.2
1733,114,3,2450.58,0.1,6616.57
1734,277,2,3435.47,0.2,5496.75
1734,87,1,2631.45,0.2,2105.16
1734,287,2,4626.22,0,9252.44
1734,215,3,3807.34,0,11422.02
1735,108,2,3213.87,0.2,5142.19
1735,99,1,648.26,0,648.26
1735,6,2,905.68,0,1811.36
1735,139,3,3351.42,0,10054.26
1735,132,1,1515.14,0.2,1212.11
1736,36,2,649.16,0.1,1168.49
1736,30,1,4638.28,0.1,4174.45
1736,75,3,3915.6,0.2,9397.44
1737,2,1,162.86,0.1,146.57
1737,257,1,4439.91,0,4439.91
1737,7,2,2977.47,0.2,4763.95
1737,104,3,4507.94,0,13523.82
1737,266,2,1513.44,0.1,2724.19
1738,232,1,3920.49,0.1,3528.44
1738,235,1,1157.47,0,1157.47
1738,134,2,1581.19,0,3162.38
1739,131,1,2349.61,0,2349.61
1740,166,2,1655.44,0.1,2979.79
1741,174,2,4378.44,0.1,7881.19
1741,292,2,4156.58,0,8313.16
1741,229,3,1081.83,0.2,2596.39
1741,142,2,2632.44,0.1,4738.39
1742,246,2,358.61,0.2,573.78
1742,277,3,3435.47,0.1,9275.77
1742,128,2,4900.43,0.2,7840.69
1742,102,2,1655.92,0,3311.84
1743,7,3,2977.47,0.2,7145.93
1744,238,1,2511.77,0.2,2009.42
1744,7,3,2977.47,0.1,8039.17
1744,79,1,2449.85,0.1,2204.86
1744,290,2,1966.47,0.2,3146.35
1744,154,1,3505.06,0.1,3154.55
1745,7,3,2977.47,0.2,7145.93
1746,241,1,4140.57,0,4140.57
1746,217,3,1838.37,0.1,4963.6
1746,261,1,3503.75,0,3503.75
1746,266,2,1513.44,0.1,2724.19
1746,98,2,1535.92,0,3071.84
1747,30,1,4638.28,0.2,3710.62
1747,118,1,2699.14,0.2,2159.31
1748,79,1,2449.85,0,2449.85
1748,116,2,4729.75,0.1,8513.55
1749,21,1,2599.67,0,2599.67
1749,230,3,1046.39,0,3139.17
1750,106,1,1023.38,0.1,921.04
1750,117,3,2823.36,0,8470.08
1750,61,2,3565.73,0,7131.46
1751,250,2,2498.75,0,4997.5
1751,249,1,2443.3,0.1,2198.97
1751,115,1,2411.4,0.1,2170.26
1751,231,3,671.34,0.1,1812.62
1751,7,1,2977.47,0.1,2679.72
1752,242,2,4351.59,0,8703.18
1752,273,1,4036.68,0.1,3633.01
1753,8,2,1531.1,0.2,2449.76
1754,10,1,4384.24,0.2,3507.39
1755,140,2,2103.47,0.2,3365.55
1755,134,3,1581.19,0.2,3794.86
1755,252,1,3127.93,0,3127.93
1755,95,3,1944.44,0.2,4666.66
1756,37,3,3070.15,0,9210.45
1756,146,1,1738.9,0,1738.9
1756,220,1,2980.59,0.2,2384.47
1756,34,3,3132.01,0,9396.03
1756,294,2,294.39,0,588.78
1757,188,1,270.55,0.1,243.5
1758,84,3,3865.55,0.1,10436.99
1758,28,3,626.91,0,1880.73
1758,193,1,4029.85,0,4029.85
1758,262,3,579.31,0.1,1564.14
1759,242,2,4351.59,0.2,6962.54
1759,33,1,1950.06,0.1,1755.05
1759,227,3,4186.52,0,12559.56
1760,290,3,1966.47,0,5899.41
1760,70,1,2565.16,0.1,2308.64
1760,213,2,2436.3,0,4872.6
1761,229,2,1081.83,0,2163.66
1761,58,1,3807.05,0.2,3045.64
1761,194,3,2773.23,0.1,7487.72
1762,30,2,4638.28,0.1,8348.9
1762,201,2,3328.08,0.2,5324.93
1762,165,3,1745.41,0,5236.23
1763,63,1,4344.14,0,4344.14
1763,107,2,171.93,0,343.86
1763,5,1,4696.11,0,4696.11
1763,88,2,555.9,0.2,889.44
1763,255,2,634.26,0,1268.52
1764,151,2,4406.48,0.1,7931.66
1764,134,2,1581.19,0,3162.38
1764,222,2,3519.57,0.2,5631.31
1764,176,2,4859.23,0,9718.46
1764,242,1,4351.59,0.1,3916.43
1765,130,1,3052.06,0.2,2441.65
1765,86,2,4925.27,0.1,8865.49
1765,10,1,4384.24,0.2,3507.39
1766,154,3,3505.06,0.1,9463.66
1766,193,1,4029.85,0.2,3223.88
1767,57,2,924.14,0.1,1663.45
1767,289,2,1989.64,0.2,3183.42
1768,205,3,1317.26,0,3951.78
1769,89,3,130.17,0.1,351.46
1769,38,3,1830.1,0,5490.3
1769,155,1,2767.71,0,2767.71
1769,108,2,3213.87,0.1,5784.97
1770,222,1,3519.57,0,3519.57
1770,14,1,4246.91,0.1,3822.22
1770,48,2,1103.95,0,2207.9
1770,198,3,2228.32,0,6684.96
1771,77,2,3082.83,0.2,4932.53
1771,296,2,693.33,0.2,1109.33
1771,34,2,3132.01,0.2,5011.22
1771,23,3,4414.98,0,13244.94
1771,300,1,3405.97,0.2,2724.78
1772,194,2,2773.23,0.2,4437.17
1772,164,2,816.74,0.2,1306.78
1773,30,1,4638.28,0.1,4174.45
1773,283,1,1366.35,0,1366.35
1774,60,2,4674.62,0.2,7479.39
1774,80,1,2157.78,0.1,1942
1774,83,3,4022.4,0.2,9653.76
1774,6,2,905.68,0.2,1449.09
1774,87,1,2631.45,0,2631.45
1775,4,3,4485.44,0,13456.32
1775,84,3,3865.55,0.1,10436.99
1775,238,2,2511.77,0,5023.54
1775,196,1,415.32,0,415.32
1775,161,1,2773.7,0,2773.7
1776,104,2,4507.94,0,9015.88
1776,142,2,2632.44,0,5264.88
1777,11,1,4126.24,0.1,3713.62
1777,115,3,2411.4,0,7234.2
1778,89,3,130.17,0.1,351.46
1778,276,1,2930.01,0.2,2344.01
1779,149,2,4047.23,0.2,6475.57
1780,73,3,4378.53,0.2,10508.47
1780,140,3,2103.47,0.2,5048.33
1780,178,1,113.25,0,113.25
1780,173,3,3917.1,0.2,9401.04
1781,163,2,3977.99,0.1,7160.38
1781,71,2,3792.47,0.1,6826.45
1781,273,3,4036.68,0.1,10899.04
1781,287,1,4626.22,0.1,4163.6
1782,123,3,823.42,0.1,2223.23
1783,148,3,2047.04,0.1,5527.01
1783,56,1,886.8,0,886.8
1784,92,3,1893.48,0,5680.44
1784,41,1,4424.05,0,4424.05
1784,76,3,3589.68,0.2,8615.23
1784,160,3,961.86,0,2885.58
1785,224,2,1630.29,0,3260.58
1785,278,3,2540.74,0.2,6097.78
1785,273,3,4036.68,0.2,9688.03
1786,88,3,555.9,0.1,1500.93
1787,275,1,1095.75,0.2,876.6
1787,299,3,2527.49,0.2,6065.98
1787,292,1,4156.58,0,4156.58
1787,246,3,358.61,0,1075.83
1787,196,1,415.32,0.2,332.26
1788,256,2,340.75,0.2,545.2
1788,185,1,1406.51,0,1406.51
1788,125,3,1471.63,0.2,3531.91
1788,254,1,1160.5,0.2,928.4
1789,277,2,3435.47,0,6870.94
1789,105,1,985.57,0.1,887.01
1789,242,2,4351.59,0.1,7832.86
1789,292,3,4156.58,0,12469.74
1789,29,1,708.63,0,708.63
1790,22,2,3109.21,0,6218.42
1790,270,3,3310.85,0.1,8939.3
1791,248,3,1314.7,0.1,3549.69
1792,219,2,134.79,0.2,215.66
1792,212,3,3691.31,0,11073.93
1792,290,3,1966.47,0.1,5309.47
1792,8,3,1531.1,0,4593.3
1793,264,3,490.72,0.1,1324.94
1793,32,2,3229.2,0.1,5812.56
1794,88,2,555.9,0.2,889.44
1794,162,3,3712.96,0,11138.88
1795,127,2,4510.8,0,9021.6
1795,157,2,1420.43,0.2,2272.69
1795,253,2,655.15,0.2,1048.24
1796,71,3,3792.47,0,11377.41
1797,263,1,3765.62,0.2,3012.5
1797,158,3,3200.7,0.1,8641.89
1797,189,1,2918.36,0.2,2334.69
1797,136,3,835.08,0.1,2254.72
1797,43,2,241.69,0,483.38
1798,211,3,2468.4,0.1,6664.68
1798,59,3,2724.81,0.1,7356.99
1798,137,2,1005.84,0.2,1609.34
1798,115,3,2411.4,0.1,6510.78
1798,256,2,340.75,0,681.5
1799,246,1,358.61,0.1,322.75
1799,267,1,4752.35,0.2,3801.88
1799,82,3,716.07,0.1,1933.39
1799,167,3,3968.26,0.1,10714.3
1800,92,1,1893.48,0,1893.48
1800,166,3,1655.44,0,4966.32
1800,178,2,113.25,0,226.5
1800,175,3,797.23,0.1,2152.52
1800,282,1,3926.46,0.2,3141.17
1801,240,1,1075.21,0.2,860.17
1801,10,3,4384.24,0,13152.72
1801,116,3,4729.75,0.2,11351.4
1801,275,2,1095.75,0.2,1753.2
1801,199,1,1706.15,0.2,1364.92
1802,132,3,1515.14,0.1,4090.88
1802,37,3,3070.15,0,9210.45
1802,168,3,1435,0.1,3874.5
1802,221,3,3628.31,0,10884.93
1803,41,2,4424.05,0.2,7078.48
1803,112,1,2686.4,0,2686.4
1804,285,2,2791.44,0,5582.88
1805,288,1,4205.02,0,4205.02
1805,82,3,716.07,0.2,1718.57
1806,216,3,1354.53,0.2,3250.87
1807,225,3,841.46,0.2,2019.5
1807,20,2,670.4,0,1340.8
1807,221,3,3628.31,0.2,8707.94
1807,299,2,2527.49,0,5054.98
1807,102,2,1655.92,0.1,2980.66
1808,158,3,3200.7,0.2,7681.68
1808,166,2,1655.44,0,3310.88
1808,245,1,4842.81,0.2,3874.25
1808,278,2,2540.74,0,5081.48
1808,76,2,3589.68,0.1,6461.42
1809,259,2,2977.48,0.2,4763.97
1810,223,3,3793.34,0.1,10242.02
1811,214,1,956.15,0,956.15
1811,194,3,2773.23,0.1,7487.72
1812,257,2,4439.91,0,8879.82
1812,216,3,1354.53,0.2,3250.87
1812,159,3,807.72,0,2423.16
1813,2,3,162.86,0.2,390.86
1813,53,3,4303.7,0.2,10328.88
1813,25,3,2807.38,0,8422.14
1813,8,2,1531.1,0,3062.2
1813,39,2,1788.8,0,3577.6
1814,9,2,2541.75,0.1,4575.15
1815,254,2,1160.5,0,2321
1815,206,1,789.54,0.2,631.63
1816,197,2,3435.53,0.2,5496.85
1816,34,2,3132.01,0.2,5011.22
1816,206,1,789.54,0.2,631.63
1817,46,1,3061.47,0.2,2449.18
1818,256,1,340.75,0,340.75
1818,124,3,319.5,0.1,862.65
1819,142,3,2632.44,0,7897.32
1819,60,2,4674.62,0,9349.24
1819,126,3,1025.69,0.1,2769.36
1820,298,2,2955.32,0.2,4728.51
1821,235,1,1157.47,0,1157.47
1821,123,2,823.42,0.2,1317.47
1822,104,2,4507.94,0,9015.88
1823,226,3,2658.25,0,7974.75
1823,275,1,1095.75,0,1095.75
1823,57,1,924.14,0.2,739.31
1823,283,2,1366.35,0.2,2186.16
1823,300,1,3405.97,0.1,3065.37
1824,217,3,1838.37,0,5515.11
1824,218,2,693.44,0,1386.88
1824,183,2,2480.1,0,4960.2
1825,57,2,924.14,0.1,1663.45
1825,206,1,789.54,0,789.54
1825,124,1,319.5,0.1,287.55
1825,276,2,2930.01,0.1,5274.02
1826,109,1,500.73,0.1,450.66
1827,294,1,294.39,0.2,235.51
1827,210,1,161.58,0.2,129.26
1827,225,2,841.46,0.2,1346.34
1827,131,3,2349.61,0.1,6343.95
1827,151,2,4406.48,0,8812.96
1828,273,2,4036.68,0.1,7266.02
1829,14,3,4246.91,0,12740.73
1829,155,2,2767.71,0.2,4428.34
1829,295,3,2343.7,0.2,5624.88
1829,194,2,2773.23,0,5546.46
1830,53,2,4303.7,0,8607.4
1831,179,1,3748.16,0.1,3373.34
1832,212,3,3691.31,0.2,8859.14
1833,153,2,4053.91,0,8107.82
1833,140,2,2103.47,0,4206.94
1833,3,3,1407.01,0,4221.03
1834,161,3,2773.7,0,8321.1
1834,67,2,1384.47,0.1,2492.05
1835,5,1,4696.11,0.2,3756.89
1836,218,1,693.44,0,693.44
1836,151,2,4406.48,0.1,7931.66
1837,189,2,2918.36,0.2,4669.38
1837,131,2,2349.61,0.1,4229.3
1837,225,1,841.46,0.1,757.31
1838,151,2,4406.48,0,8812.96
1838,10,3,4384.24,0.1,11837.45
1839,10,1,4384.24,0.1,3945.82
1839,207,3,4279.16,0,12837.48
1839,29,3,708.63,0.2,1700.71
1839,129,3,2531.28,0,7593.84
1840,11,3,4126.24,0.1,11140.85
1840,213,1,2436.3,0.2,1949.04
1840,2,1,162.86,0.1,146.57
1841,88,2,555.9,0.2,889.44
1842,82,3,716.07,0.2,1718.57
1843,263,2,3765.62,0.2,6024.99
1843,225,2,841.46,0,1682.92
1843,160,2,961.86,0.1,1731.35
1844,213,2,2436.3,0.1,4385.34
1844,293,1,3384.67,0.2,2707.74
1845,189,3,2918.36,0.2,7004.06
1845,89,1,130.17,0,130.17
1845,18,3,534.95,0,1604.85
1846,120,1,2696.47,0.1,2426.82
1846,234,2,1752.01,0.1,3153.62
1847,258,3,3042.51,0,9127.53
1847,195,3,1333.33,0.2,3199.99
1848,283,3,1366.35,0.1,3689.14
1848,269,3,4355.56,0.2,10453.34
1848,66,2,610.55,0.1,1098.99
1849,112,2,2686.4,0.1,4835.52
1849,283,3,1366.35,0.1,3689.14
1849,262,2,579.31,0,1158.62
1849,27,2,4687.97,0.1,8438.35
1849,51,2,3723.25,0,7446.5
1850,211,3,2468.4,0.1,6664.68
1850,33,3,1950.06,0,5850.18
1850,63,3,4344.14,0.2,10425.94
1850,49,1,1365.91,0.1,1229.32
1850,53,2,4303.7,0,8607.4
1851,79,1,2449.85,0,2449.85
1852,161,3,2773.7,0,8321.1
1852,81,3,709.48,0.2,1702.75
1852,159,2,807.72,0,1615.44
1853,289,1,1989.64,0.1,1790.68
1854,210,2,161.58,0,323.16
1854,154,2,3505.06,0,7010.12
1854,39,3,1788.8,0,5366.4
1855,53,2,4303.7,0.1,7746.66
1855,237,2,3100.61,0.1,5581.1
1855,104,1,4507.94,0.2,3606.35
1855,196,3,415.32,0,1245.96
1856,221,2,3628.31,0.1,6530.96
1856,5,1,4696.11,0.2,3756.89
1857,101,1,3677.55,0.2,2942.04
1857,108,1,3213.87,0.2,2571.1
1857,165,2,1745.41,0,3490.82
1858,186,2,4809.64,0,9619.28
1858,142,2,2632.44,0.1,4738.39
1858,246,1,358.61,0.2,286.89
1858,146,1,1738.9,0.2,1391.12
1859,233,2,3048.45,0,6096.9
1859,113,2,180.63,0,361.26
1859,155,2,2767.71,0,5535.42
1859,274,1,2974.84,0,2974.84
1860,6,3,905.68,0.1,2445.34
1861,160,1,961.86,0.2,769.49
1862,263,2,3765.62,0.1,6778.12
1862,3,3,1407.01,0.2,3376.82
1862,66,1,610.55,0.1,549.5
1862,4,2,4485.44,0.2,7176.7
1862,295,2,2343.7,0.2,3749.92
1863,149,3,4047.23,0,12141.69
1863,92,3,1893.48,0.2,4544.35
1863,87,3,2631.45,0.2,6315.48
1863,299,3,2527.49,0.2,6065.98
1864,15,1,2876.77,0.1,2589.09
1865,148,1,2047.04,0,2047.04
1866,178,1,113.25,0.2,90.6
1866,171,2,226.42,0,452.84
1866,241,2,4140.57,0.1,7453.03
1866,250,1,2498.75,0,2498.75
1867,126,2,1025.69,0.2,1641.1
1867,27,1,4687.97,0.2,3750.38
1867,184,1,3022.86,0.2,2418.29
1867,251,2,148.83,0,297.66
1867,110,2,478.85,0,957.7
1868,38,2,1830.1,0.2,2928.16
1868,44,1,3885.07,0.1,3496.56
1868,266,3,1513.44,0.2,3632.26
1869,104,2,4507.94,0.1,8114.29
1869,89,3,130.17,0,390.51
1870,219,1,134.79,0,134.79
1871,40,3,1192.17,0,3576.51
1871,200,2,456.13,0.1,821.03
1872,209,2,4282.34,0,8564.68
1872,97,3,1334.43,0.2,3202.63
1872,17,1,2227.3,0,2227.3
1873,159,1,807.72,0.1,726.95
1873,142,1,2632.44,0,2632.44
1874,67,1,1384.47,0,1384.47
1874,228,3,4818.58,0,14455.74
1874,215,3,3807.34,0.1,10279.82
1874,86,1,4925.27,0.2,3940.22
1874,189,3,2918.36,0,8755.08
1875,46,3,3061.47,0,9184.41
1876,7,3,2977.47,0,8932.41
1876,272,3,1711.82,0,5135.46
1876,38,1,1830.1,0,1830.1
1876,194,2,2773.23,0,5546.46
1876,138,1,1616.24,0.2,1292.99
1877,139,2,3351.42,0.2,5362.27
1877,180,1,655.78,0.2,524.62
1877,232,1,3920.49,0.1,3528.44
1878,67,3,1384.47,0,4153.41
1879,172,1,4013.49,0.1,3612.14
1880,64,3,2393.81,0,7181.43
1880,110,2,478.85,0,957.7
1880,45,3,2210.75,0,6632.25
1880,52,2,4453.5,0.1,8016.3
1881,247,3,2671.22,0.2,6410.93
1881,257,1,4439.91,0,4439.91
1881,77,2,3082.83,0,6165.66
1882,16,1,3952.33,0.2,3161.86
1883,175,1,797.23,0,797.23
1883,295,2,2343.7,0.2,3749.92
1883,93,2,4086.52,0.1,7355.74
1883,153,1,4053.91,0.1,3648.52
1883,38,1,1830.1,0.2,1464.08
1884,235,1,1157.47,0.2,925.98
1884,210,3,161.58,0,484.74
1884,122,3,1254.11,0.2,3009.86
1885,197,3,3435.53,0.1,9275.93
1885,3,1,1407.01,0.2,1125.61
1885,80,3,2157.78,0,6473.34
1885,75,3,3915.6,0,11746.8
1885,26,1,1802.56,0.1,1622.3
1886,73,1,4378.53,0.1,3940.68
1886,138,2,1616.24,0.2,2585.98
1886,174,3,4378.44,0.1,11821.79
1886,57,2,924.14,0.2,1478.62
1887,117,2,2823.36,0.1,5082.05
1887,168,2,1435,0.1,2583
1887,33,3,1950.06,0,5850.18
1887,172,3,4013.49,0,12040.47
1887,15,2,2876.77,0.1,5178.19
1888,16,1,3952.33,0.2,3161.86
1888,115,3,2411.4,0.2,5787.36
1888,300,2,3405.97,0.2,5449.55
1889,32,1,3229.2,0.1,2906.28
1889,65,3,4314.56,0.1,11649.31
1889,205,3,1317.26,0,3951.78
1890,113,1,180.63,0,180.63
1890,97,2,1334.43,0,2668.86
1890,193,2,4029.85,0,8059.7
1890,267,2,4752.35,0.2,7603.76
1891,45,2,2210.75,0.2,3537.2
1891,4,2,4485.44,0.1,8073.79
1892,84,3,3865.55,0.1,10436.99
1892,19,1,175.58,0,175.58
1893,220,1,2980.59,0,2980.59
1893,83,3,4022.4,0.1,10860.48
1893,286,1,3079.76,0.2,2463.81
1893,280,1,990.64,0.2,792.51
1893,121,2,2781.54,0,5563.08
1894,278,1,2540.74,0.2,2032.59
1894,141,2,1689.08,0.1,3040.34
1894,136,2,835.08,0,1670.16
1895,240,2,1075.21,0.1,1935.38
1896,119,2,822.62,0,1645.24
1896,198,2,2228.32,0,4456.64
1896,200,3,456.13,0,1368.39
1896,164,3,816.74,0,2450.22
1896,161,3,2773.7,0.2,6656.88
1897,206,3,789.54,0,2368.62
1897,186,2,4809.64,0,9619.28
1897,11,3,4126.24,0.1,11140.85
1897,39,2,1788.8,0.1,3219.84
1898,298,3,2955.32,0.1,7979.36
1898,34,2,3132.01,0.2,5011.22
1899,53,3,4303.7,0.1,11619.99
1899,100,3,4054.92,0.2,9731.81
1899,129,3,2531.28,0.1,6834.46
1899,213,3,2436.3,0,7308.9
1900,90,2,183.24,0.1,329.83
1900,52,3,4453.5,0.1,12024.45
1900,89,1,130.17,0.2,104.14
1900,154,2,3505.06,0.1,6309.11
1900,126,3,1025.69,0.2,2461.66
1901,223,1,3793.34,0.1,3414.01
1901,281,3,914.17,0.1,2468.26
1901,233,3,3048.45,0,9145.35
1902,210,1,161.58,0.2,129.26
1902,296,2,693.33,0.2,1109.33
1902,142,2,2632.44,0.1,4738.39
1902,91,1,1308.63,0.1,1177.77
1902,157,3,1420.43,0.1,3835.16
1903,219,3,134.79,0.1,363.93
1903,95,1,1944.44,0.1,1750
1903,251,3,148.83,0,446.49
1903,211,2,2468.4,0.1,4443.12
1904,192,2,1974.7,0.1,3554.46
1904,204,2,2819.85,0.1,5075.73
1904,56,1,886.8,0.2,709.44
1905,182,2,2659.11,0.1,4786.4
1905,9,2,2541.75,0.1,4575.15
1906,141,3,1689.08,0,5067.24
1906,56,3,886.8,0.1,2394.36
1907,162,1,3712.96,0.1,3341.66
1908,280,1,990.64,0,990.64
1908,5,3,4696.11,0,14088.33
1909,124,3,319.5,0.1,862.65
1909,81,2,709.48,0.1,1277.06
1909,117,2,2823.36,0.1,5082.05
1909,150,2,1188.32,0,2376.64
1909,177,2,1279.69,0.1,2303.44
1910,225,2,841.46,0,1682.92
1910,237,3,3100.61,0,9301.83
1910,36,3,649.16,0.1,1752.73
1910,197,1,3435.53,0.2,2748.42
1911,229,3,1081.83,0.1,2920.94
1911,273,1,4036.68,0.2,3229.34
1912,136,2,835.08,0.2,1336.13
1912,1,1,1571.14,0.1,1414.03
1913,45,3,2210.75,0.1,5969.03
1913,6,1,905.68,0,905.68
1914,204,1,2819.85,0.1,2537.86
1914,15,2,2876.77,0.2,4602.83
1914,274,2,2974.84,0.1,5354.71
1914,70,2,2565.16,0,5130.32
1915,300,1,3405.97,0.2,2724.78
1915,287,3,4626.22,0.2,11102.93
1915,167,2,3968.26,0,7936.52
1915,292,1,4156.58,0.1,3740.92
1915,161,2,2773.7,0.1,4992.66
1916,224,2,1630.29,0.1,2934.52
1916,38,1,1830.1,0.1,1647.09
1916,198,3,2228.32,0.2,5347.97
1917,83,1,4022.4,0,4022.4
1917,263,3,3765.62,0,11296.86
1917,272,1,1711.82,0,1711.82
1918,12,3,1645.78,0.2,3949.87
1918,256,3,340.75,0.2,817.8
1918,36,3,649.16,0.2,1557.98
1918,238,2,2511.77,0,5023.54
1918,133,1,4617.75,0.1,4155.98
1919,49,2,1365.91,0.2,2185.46
1920,114,2,2450.58,0.1,4411.04
1920,186,2,4809.64,0.2,7695.42
1920,118,1,2699.14,0,2699.14
1920,63,1,4344.14,0.1,3909.73
1921,119,3,822.62,0,2467.86
1922,184,2,3022.86,0.2,4836.58
1922,5,3,4696.11,0,14088.33
1922,78,3,3855.59,0.2,9253.42
1922,164,3,816.74,0.1,2205.2
1923,172,3,4013.49,0.1,10836.42
1923,88,3,555.9,0,1667.7
1923,217,1,1838.37,0,1838.37
1923,251,1,148.83,0,148.83
1924,226,3,2658.25,0.1,7177.28
1924,214,3,956.15,0.1,2581.61
1924,191,3,2272.49,0,6817.47
1924,128,3,4900.43,0,14701.29
1924,184,3,3022.86,0.1,8161.72
1925,213,3,2436.3,0.2,5847.12
1925,121,3,2781.54,0.2,6675.7
1925,9,2,2541.75,0.2,4066.8
1925,86,2,4925.27,0,9850.54
1926,160,3,961.86,0.2,2308.46
1926,156,3,4614.81,0,13844.43
1926,291,2,850.79,0.2,1361.26
1927,162,3,3712.96,0.1,10024.99
1927,276,3,2930.01,0.2,7032.02
1927,156,3,4614.81,0.2,11075.54
1928,289,1,1989.64,0.1,1790.68
1928,66,2,610.55,0,1221.1
1928,100,1,4054.92,0.1,3649.43
1928,12,1,1645.78,0,1645.78
1928,143,3,2349.66,0,7048.98
1929,188,2,270.55,0.1,486.99
1929,41,1,4424.05,0.1,3981.65
1929,13,1,3075.58,0.1,2768.02
1929,30,1,4638.28,0.2,3710.62
1930,147,1,1158.14,0,1158.14
1930,133,3,4617.75,0.1,12467.93
1930,120,3,2696.47,0.2,6471.53
1930,115,3,2411.4,0,7234.2
1931,226,1,2658.25,0,2658.25
1931,185,1,1406.51,0.2,1125.21
1931,99,1,648.26,0.2,518.61
1931,203,2,4122.66,0,8245.32
1932,269,2,4355.56,0.2,6968.9
1932,73,1,4378.53,0.1,3940.68
1932,176,3,4859.23,0.1,13119.92
1932,113,1,180.63,0,180.63
1932,20,3,670.4,0,2011.2
1933,106,3,1023.38,0,3070.14
1933,260,1,4129.31,0,4129.31
1933,14,1,4246.91,0.1,3822.22
1934,160,3,961.86,0.1,2597.02
1935,281,3,914.17,0.1,2468.26
1935,15,2,2876.77,0.1,5178.19
1935,173,2,3917.1,0.2,6267.36
1935,133,2,4617.75,0.2,7388.4
1935,151,1,4406.48,0.2,3525.18
1936,98,1,1535.92,0,1535.92
1937,113,2,180.63,0.1,325.13
1937,145,1,1799.29,0,1799.29
1937,111,2,132.09,0.2,211.34
1937,87,3,2631.45,0.1,7104.91
1938,223,1,3793.34,0,3793.34
1938,59,1,2724.81,0,2724.81
1939,147,1,1158.14,0,1158.14
1939,84,2,3865.55,0,7731.1
1939,224,3,1630.29,0,4890.87
1939,17,3,2227.3,0.2,5345.52
1940,230,3,1046.39,0.2,2511.34
1940,103,1,1726.45,0.2,1381.16
1940,280,2,990.64,0,1981.28
1941,72,3,694.52,0,2083.56
1941,90,2,183.24,0,366.48
1941,58,2,3807.05,0.2,6091.28
1941,216,1,1354.53,0,1354.53
1942,58,2,3807.05,0.1,6852.69
1943,107,2,171.93,0.2,275.09
1944,270,2,3310.85,0.1,5959.53
1944,17,2,2227.3,0.1,4009.14
1944,185,3,1406.51,0.1,3797.58
1944,42,3,1883.45,0,5650.35
1944,262,2,579.31,0,1158.62
1945,267,1,4752.35,0.2,3801.88
1945,37,3,3070.15,0,9210.45
1945,269,3,4355.56,0.2,10453.34
1945,53,3,4303.7,0,12911.1
1946,195,2,1333.33,0,2666.66
1946,80,2,2157.78,0.1,3884
1946,13,1,3075.58,0.2,2460.46
1946,10,1,4384.24,0.2,3507.39
1946,120,3,2696.47,0,8089.41
1947,214,3,956.15,0.1,2581.61
1947,153,2,4053.91,0,8107.82
1947,81,1,709.48,0.1,638.53
1947,156,2,4614.81,0,9229.62
1948,171,2,226.42,0.2,362.27
1948,207,1,4279.16,0.1,3851.24
1949,90,3,183.24,0,549.72
1949,107,1,171.93,0,171.93
1950,103,1,1726.45,0.1,1553.81
1950,152,1,888.12,0,888.12
1950,50,2,4334.05,0,8668.1
1950,176,2,4859.23,0,9718.46
1951,150,2,1188.32,0.2,1901.31
1952,178,1,113.25,0.1,101.92
1952,61,3,3565.73,0,10697.19
1952,271,2,4563.65,0.1,8214.57
1952,162,3,3712.96,0,11138.88
1953,16,1,3952.33,0.2,3161.86
1954,298,2,2955.32,0.1,5319.58
1954,288,3,4205.02,0,12615.06
1954,209,3,4282.34,0.1,11562.32
1954,246,3,358.61,0.1,968.25
1954,186,1,4809.64,0,4809.64
1955,208,1,2962.16,0.2,2369.73
1955,268,3,4342.22,0.1,11723.99
1955,285,2,2791.44,0,5582.88
1956,209,1,4282.34,0,4282.34
1956,30,2,4638.28,0.2,7421.25
1956,14,2,4246.91,0.2,6795.06
1957,62,3,2655.9,0,7967.7
1957,189,1,2918.36,0,2918.36
1958,152,2,888.12,0,1776.24
1958,213,3,2436.3,0,7308.9
1959,224,1,1630.29,0.2,1304.23
1960,127,2,4510.8,0,9021.6
1960,294,3,294.39,0.2,706.54
1960,112,2,2686.4,0.2,4298.24
1961,231,2,671.34,0.2,1074.14
1961,215,1,3807.34,0.1,3426.61
1961,164,2,816.74,0,1633.48
1962,27,3,4687.97,0.2,11251.13
1962,201,1,3328.08,0.1,2995.27
1962,110,3,478.85,0,1436.55
1962,97,3,1334.43,0.2,3202.63
1963,134,2,1581.19,0.1,2846.14
1963,161,3,2773.7,0.1,7488.99
1963,135,1,1279.65,0,1279.65
1963,175,2,797.23,0.1,1435.01
1963,260,2,4129.31,0.1,7432.76
1964,139,3,3351.42,0.1,9048.83
1965,113,3,180.63,0.2,433.51
1966,207,2,4279.16,0.2,6846.66
1966,263,3,3765.62,0.2,9037.49
1966,279,2,347.7,0,695.4
1967,109,2,500.73,0,1001.46
1967,146,1,1738.9,0,1738.9
1968,123,2,823.42,0.2,1317.47
1968,87,3,2631.45,0.1,7104.91
1968,152,2,888.12,0.1,1598.62
1969,298,3,2955.32,0.1,7979.36
1969,223,2,3793.34,0,7586.68
1969,156,3,4614.81,0.1,12459.99
1970,269,1,4355.56,0.1,3920
1970,206,2,789.54,0.2,1263.26
1970,221,2,3628.31,0.1,6530.96
1971,223,1,3793.34,0,3793.34
1971,86,2,4925.27,0.1,8865.49
1971,107,1,171.93,0.2,137.54
1972,15,3,2876.77,0.2,6904.25
1972,155,3,2767.71,0.2,6642.5
1972,42,3,1883.45,0.2,4520.28
1973,6,3,905.68,0.2,2173.63
1974,224,2,1630.29,0.1,2934.52
1974,216,1,1354.53,0,1354.53
1974,61,2,3565.73,0,7131.46
1974,297,3,4780.41,0.2,11472.98
1975,48,3,1103.95,0.2,2649.48
1975,161,2,2773.7,0.2,4437.92
1975,217,3,1838.37,0.2,4412.09
1975,53,1,4303.7,0.1,3873.33
1976,73,3,4378.53,0.1,11822.03
1976,140,3,2103.47,0.1,5679.37
1976,256,2,340.75,0,681.5
1977,193,2,4029.85,0,8059.7
1977,254,2,1160.5,0,2321
1977,90,1,183.24,0.2,146.59
1977,57,1,924.14,0.1,831.73
1977,297,1,4780.41,0.2,3824.33
1978,257,2,4439.91,0,8879.82
1978,24,3,4661.82,0.1,12586.91
1978,142,2,2632.44,0.2,4211.9
1978,73,2,4378.53,0.2,7005.65
1978,128,1,4900.43,0,4900.43
1979,97,2,1334.43,0,2668.86
1979,154,1,3505.06,0.1,3154.55
1980,192,1,1974.7,0.1,1777.23
1981,69,1,2395.28,0,2395.28
1981,195,3,1333.33,0.2,3199.99
1981,87,1,2631.45,0.2,2105.16
1981,86,2,4925.27,0,9850.54
1981,255,1,634.26,0,634.26
1982,277,1,3435.47,0.1,3091.92
1982,285,2,2791.44,0.1,5024.59
1982,184,2,3022.86,0.2,4836.58
1982,127,3,4510.8,0.1,12179.16
1983,265,3,3805.03,0.1,10273.58
1983,277,3,3435.47,0.1,9275.77
1984,50,3,4334.05,0.1,11701.94
1984,12,1,1645.78,0,1645.78
1984,216,3,1354.53,0.2,3250.87
1984,161,2,2773.7,0.2,4437.92
1984,221,1,3628.31,0.2,2902.65
1985,131,2,2349.61,0,4699.22
1985,247,3,2671.22,0.2,6410.93
1985,255,2,634.26,0.2,1014.82
1985,34,1,3132.01,0.2,2505.61
1986,159,2,807.72,0.1,1453.9
1986,271,3,4563.65,0.2,10952.76
1986,218,3,693.44,0,2080.32
1986,252,3,3127.93,0.2,7507.03
1987,185,2,1406.51,0.1,2531.72
1987,127,3,4510.8,0.1,12179.16
1987,117,1,2823.36,0.2,2258.69
1987,46,1,3061.47,0.2,2449.18
1987,165,3,1745.41,0.1,4712.61
1988,278,2,2540.74,0.1,4573.33
1988,128,1,4900.43,0.1,4410.39
1988,196,1,415.32,0.2,332.26
1988,90,3,183.24,0.2,439.78
1989,18,3,534.95,0.2,1283.88
1989,295,1,2343.7,0,2343.7
1989,146,1,1738.9,0.1,1565.01
1989,290,3,1966.47,0.1,5309.47
1989,291,3,850.79,0.1,2297.13
1990,272,3,1711.82,0.2,4108.37
1991,211,1,2468.4,0.1,2221.56
1991,276,2,2930.01,0.1,5274.02
1991,235,1,1157.47,0,1157.47
1991,71,1,3792.47,0.2,3033.98
1991,285,2,2791.44,0.1,5024.59
1992,62,2,2655.9,0.2,4249.44
1992,164,2,816.74,0.1,1470.13
1993,105,2,985.57,0,1971.14
1993,249,2,2443.3,0.1,4397.94
1993,134,3,1581.19,0.1,4269.21
1993,294,2,294.39,0.2,471.02
1993,300,3,3405.97,0.1,9196.12
1994,221,1,3628.31,0,3628.31
1994,192,2,1974.7,0,3949.4
1994,81,2,709.48,0,1418.96
1995,129,2,2531.28,0,5062.56
1995,73,2,4378.53,0.2,7005.65
1995,13,1,3075.58,0,3075.58
1996,137,2,1005.84,0.1,1810.51
1997,9,3,2541.75,0,7625.25
1997,277,2,3435.47,0.1,6183.85
1997,2,1,162.86,0.1,146.57
1998,183,3,2480.1,0.1,6696.27
1998,159,1,807.72,0.2,646.18
1998,70,2,2565.16,0.1,4617.29
1998,277,1,3435.47,0.1,3091.92
1998,145,3,1799.29,0.1,4858.08
1999,56,2,886.8,0.1,1596.24
2000,40,3,1192.17,0.1,3218.86
2001,149,2,4047.23,0.1,7285.01
2001,269,2,4355.56,0.2,6968.9
2002,191,1,2272.49,0,2272.49
2002,244,1,3623.71,0,3623.71
2002,138,1,1616.24,0.1,1454.62
2002,264,2,490.72,0.2,785.15
2002,222,2,3519.57,0,7039.14
2003,74,2,3005.42,0.2,4808.67
2003,52,3,4453.5,0,13360.5
2004,124,2,319.5,0.1,575.1
2004,55,2,4758.22,0,9516.44
2004,4,2,4485.44,0.1,8073.79
2004,231,3,671.34,0,2014.02
2005,90,3,183.24,0.1,494.75
2005,296,2,693.33,0.2,1109.33
2006,169,2,4666.14,0.2,7465.82
2006,258,3,3042.51,0.1,8214.78
2006,20,2,670.4,0.1,1206.72
2007,166,2,1655.44,0,3310.88
2007,253,1,655.15,0.2,524.12
2007,191,3,2272.49,0,6817.47
2007,268,1,4342.22,0.2,3473.78
2008,274,1,2974.84,0.2,2379.87
2008,121,2,2781.54,0.2,4450.46
2008,236,2,3037.97,0.2,4860.75
2009,178,1,113.25,0.1,101.92
2009,299,1,2527.49,0,2527.49
2009,84,3,3865.55,0,11596.65
2009,111,1,132.09,0.1,118.88
2009,101,3,3677.55,0,11032.65
2010,83,2,4022.4,0.2,6435.84
2011,190,1,1962.53,0.2,1570.02
2012,107,3,171.93,0.1,464.21
2012,264,2,490.72,0,981.44
2012,6,3,905.68,0.1,2445.34
2012,300,3,3405.97,0.2,8174.33
2013,87,2,2631.45,0,5262.9
2013,171,3,226.42,0,679.26
2014,119,3,822.62,0.2,1974.29
2015,166,2,1655.44,0,3310.88
2015,190,2,1962.53,0.2,3140.05
2016,247,3,2671.22,0.1,7212.29
2016,194,1,2773.23,0.1,2495.91
2016,132,1,1515.14,0,1515.14
2016,41,3,4424.05,0,13272.15
2016,203,1,4122.66,0.2,3298.13
2017,91,2,1308.63,0.1,2355.53
2017,191,1,2272.49,0.1,2045.24
2017,155,2,2767.71,0.2,4428.34
2017,205,3,1317.26,0.2,3161.42
2018,20,3,670.4,0.1,1810.08
2018,172,1,4013.49,0.2,3210.79
2018,253,2,655.15,0,1310.3
2019,110,1,478.85,0,478.85
2019,258,1,3042.51,0,3042.51
2019,203,1,4122.66,0.2,3298.13
2020,99,2,648.26,0,1296.52
2020,68,3,998.72,0.2,2396.93
2020,131,3,2349.61,0.1,6343.95
2020,210,3,161.58,0.1,436.27
2021,33,1,1950.06,0,1950.06
2021,219,2,134.79,0.1,242.62
2021,21,2,2599.67,0.2,4159.47
2021,278,1,2540.74,0.1,2286.67
2021,125,3,1471.63,0.1,3973.4
2022,59,2,2724.81,0.2,4359.7
2022,172,2,4013.49,0,8026.98
2023,81,2,709.48,0.2,1135.17
2023,107,1,171.93,0.2,137.54
2023,22,1,3109.21,0,3109.21
2024,32,2,3229.2,0.1,5812.56
2024,170,3,2123.49,0.1,5733.42
2024,293,1,3384.67,0,3384.67
2024,193,1,4029.85,0,4029.85
2024,2,3,162.86,0,488.58
2025,154,3,3505.06,0.1,9463.66
2025,33,1,1950.06,0,1950.06
2025,249,2,2443.3,0,4886.6
2025,163,2,3977.99,0.2,6364.78
2025,79,3,2449.85,0,7349.55
2026,129,2,2531.28,0,5062.56
2026,259,2,2977.48,0,5954.96
2026,109,3,500.73,0.2,1201.75
2026,210,1,161.58,0,161.58
2027,97,3,1334.43,0,4003.29
2028,172,3,4013.49,0.1,10836.42
2028,121,2,2781.54,0,5563.08
2028,205,1,1317.26,0,1317.26
2028,53,2,4303.7,0.2,6885.92
2028,291,3,850.79,0,2552.37
2029,213,1,2436.3,0,2436.3
2029,282,3,3926.46,0.2,9423.5
2029,266,3,1513.44,0.2,3632.26
2029,99,3,648.26,0.1,1750.3
2030,4,1,4485.44,0.2,3588.35
2030,159,1,807.72,0.1,726.95
2030,30,1,4638.28,0,4638.28
2030,79,2,2449.85,0.1,4409.73
2030,3,3,1407.01,0,4221.03
2031,89,1,130.17,0.1,117.15
2031,297,2,4780.41,0.2,7648.66
2031,281,3,914.17,0.2,2194.01
2031,244,1,3623.71,0,3623.71
2031,94,2,2572.33,0.2,4115.73
2032,285,2,2791.44,0.2,4466.3
2033,7,1,2977.47,0.2,2381.98
2033,139,1,3351.42,0.1,3016.28
2033,43,3,241.69,0.1,652.56
2034,64,1,2393.81,0,2393.81
2034,155,3,2767.71,0.1,7472.82
2035,170,1,2123.49,0.1,1911.14
2036,123,3,823.42,0.1,2223.23
2036,9,1,2541.75,0,2541.75
2036,71,3,3792.47,0.2,9101.93
2036,219,1,134.79,0.1,121.31
2037,69,1,2395.28,0.2,1916.22
2037,73,3,4378.53,0,13135.59
2037,197,1,3435.53,0.2,2748.42
2037,179,2,3748.16,0.2,5997.06
2037,292,1,4156.58,0.1,3740.92
2038,201,2,3328.08,0.1,5990.54
2038,206,1,789.54,0.1,710.59
2039,235,1,1157.47,0.1,1041.72
2039,32,2,3229.2,0,6458.4
2039,183,1,2480.1,0.1,2232.09
2039,42,3,1883.45,0.2,4520.28
2040,294,2,294.39,0.2,471.02
2040,264,3,490.72,0.1,1324.94
2040,261,3,3503.75,0.2,8409
2040,24,2,4661.82,0.1,8391.28
2041,148,3,2047.04,0.1,5527.01
2042,68,3,998.72,0,2996.16
2042,285,2,2791.44,0,5582.88
2042,228,1,4818.58,0,4818.58
2042,186,1,4809.64,0,4809.64
2042,153,1,4053.91,0.1,3648.52
2043,49,1,1365.91,0.1,1229.32
2043,116,2,4729.75,0,9459.5
2043,63,3,4344.14,0.1,11729.18
2043,40,2,1192.17,0.1,2145.91
2043,70,2,2565.16,0,5130.32
2044,63,1,4344.14,0,4344.14
2044,19,2,175.58,0.1,316.04
2044,290,1,1966.47,0.2,1573.18
2045,214,1,956.15,0.1,860.53
2045,178,2,113.25,0.2,181.2
2045,223,3,3793.34,0.2,9104.02
2045,111,1,132.09,0,132.09
2046,95,3,1944.44,0.1,5249.99
2047,76,1,3589.68,0.2,2871.74
2047,183,3,2480.1,0.2,5952.24
2048,224,1,1630.29,0.1,1467.26
2048,297,2,4780.41,0.1,8604.74
2048,32,3,3229.2,0.2,7750.08
2048,122,3,1254.11,0,3762.33
2049,197,1,3435.53,0,3435.53
2050,2,2,162.86,0.1,293.15
2051,10,3,4384.24,0.1,11837.45
2051,129,2,2531.28,0,5062.56
2051,214,2,956.15,0.1,1721.07
2051,61,2,3565.73,0.1,6418.31
2052,244,1,3623.71,0.2,2898.97
2052,43,2,241.69,0.2,386.7
2052,88,3,555.9,0.2,1334.16
2052,155,1,2767.71,0.1,2490.94
2053,168,1,1435,0.1,1291.5
2054,99,2,648.26,0.1,1166.87
2054,121,2,2781.54,0.1,5006.77
2054,263,2,3765.62,0.1,6778.12
2054,210,1,161.58,0.2,129.26
2055,119,2,822.62,0.1,1480.72
2055,250,3,2498.75,0.2,5997
2055,94,2,2572.33,0.2,4115.73
2055,298,1,2955.32,0,2955.32
2056,251,3,148.83,0.2,357.19
2056,101,1,3677.55,0.2,2942.04
2057,87,2,2631.45,0,5262.9
2058,190,2,1962.53,0,3925.06
2058,156,2,4614.81,0.1,8306.66
2058,281,3,914.17,0,2742.51
2058,212,1,3691.31,0.1,3322.18
2059,103,1,1726.45,0.2,1381.16
2059,183,3,2480.1,0.2,5952.24
2059,21,1,2599.67,0,2599.67
2060,70,3,2565.16,0.1,6925.93
2060,251,2,148.83,0,297.66
2060,209,1,4282.34,0.2,3425.87
2060,11,1,4126.24,0.2,3300.99
2061,251,2,148.83,0.2,238.13
2061,174,1,4378.44,0.1,3940.6
2061,43,3,241.69,0.2,580.06
2062,128,2,4900.43,0.2,7840.69
2062,38,3,1830.1,0.2,4392.24
2062,190,3,1962.53,0,5887.59
2062,3,2,1407.01,0.1,2532.62
2063,270,3,3310.85,0,9932.55
2063,238,3,2511.77,0.2,6028.25
2063,93,2,4086.52,0.1,7355.74
2064,258,3,3042.51,0,9127.53
2064,150,2,1188.32,0.2,1901.31
2064,251,1,148.83,0.1,133.95
2064,168,3,1435,0.1,3874.5
2064,43,3,241.69,0.2,580.06
2065,87,3,2631.45,0,7894.35
2065,6,1,905.68,0.1,815.11
2066,128,2,4900.43,0,9800.86
2066,252,3,3127.93,0.1,8445.41
2066,297,3,4780.41,0.2,11472.98
2066,169,2,4666.14,0.1,8399.05
2066,268,3,4342.22,0.2,10421.33
2067,146,2,1738.9,0.2,2782.24
2067,233,1,3048.45,0.2,2438.76
2067,261,1,3503.75,0.1,3153.38
2067,96,1,4243.67,0,4243.67
2067,93,1,4086.52,0.2,3269.22
2068,120,1,2696.47,0.1,2426.82
2068,180,2,655.78,0.2,1049.25
2068,297,1,4780.41,0.1,4302.37
2068,137,3,1005.84,0.1,2715.77
2069,23,2,4414.98,0.1,7946.96
2069,83,3,4022.4,0.2,9653.76
2069,193,1,4029.85,0.1,3626.86
2070,188,1,270.55,0.1,243.5
2070,7,3,2977.47,0.2,7145.93
2070,239,1,3599.71,0.2,2879.77
2070,88,2,555.9,0.1,1000.62
2071,188,3,270.55,0,811.65
2071,206,1,789.54,0,789.54
2071,243,3,2564.2,0.1,6923.34
2071,89,2,130.17,0,260.34
2071,38,3,1830.1,0.2,4392.24
2072,4,1,4485.44,0.1,4036.9
2072,116,2,4729.75,0.1,8513.55
2073,242,2,4351.59,0.1,7832.86
2073,56,1,886.8,0.1,798.12
2073,218,2,693.44,0,1386.88
2073,99,3,648.26,0,1944.78
2073,280,3,990.64,0.1,2674.73
2074,244,2,3623.71,0.1,6522.68
2074,146,2,1738.9,0,3477.8
2074,183,3,2480.1,0,7440.3
2074,17,2,2227.3,0,4454.6
2075,97,3,1334.43,0.2,3202.63
2075,172,1,4013.49,0.1,3612.14
2076,153,3,4053.91,0.1,10945.56
2077,117,2,2823.36,0.2,4517.38
2077,187,3,4233.39,0,12700.17
2077,87,2,2631.45,0.2,4210.32
2077,284,2,1844.85,0.2,2951.76
2077,105,3,985.57,0,2956.71
2078,151,3,4406.48,0.1,11897.5
2079,30,3,4638.28,0.1,12523.36
2080,265,1,3805.03,0.1,3424.53
2080,131,1,2349.61,0.1,2114.65
2080,260,2,4129.31,0.1,7432.76
2081,52,2,4453.5,0.2,7125.6
2082,42,3,1883.45,0.1,5085.32
2082,228,2,4818.58,0,9637.16
2082,247,2,2671.22,0.1,4808.2
2083,84,1,3865.55,0,3865.55
2083,102,2,1655.92,0.1,2980.66
2083,128,2,4900.43,0.1,8820.77
2084,197,1,3435.53,0.1,3091.98
2084,215,2,3807.34,0,7614.68
2084,259,1,2977.48,0,2977.48
2084,177,2,1279.69,0.1,2303.44
2085,99,3,648.26,0.1,1750.3
2085,223,2,3793.34,0,7586.68
2085,153,3,4053.91,0.2,9729.38
2086,210,2,161.58,0.1,290.84
2086,57,1,924.14,0.1,831.73
2086,68,3,998.72,0,2996.16
2086,92,1,1893.48,0,1893.48
2086,174,3,4378.44,0.1,11821.79
2087,237,2,3100.61,0,6201.22
2087,150,2,1188.32,0.2,1901.31
2087,119,1,822.62,0.1,740.36
2087,168,3,1435,0.1,3874.5
2087,284,3,1844.85,0.1,4981.09
2088,249,1,2443.3,0.1,2198.97
2088,246,3,358.61,0,1075.83
2088,223,2,3793.34,0.1,6828.01
2088,180,3,655.78,0.2,1573.87
2088,220,3,2980.59,0,8941.77
2089,20,3,670.4,0.1,1810.08
2089,62,2,2655.9,0,5311.8
2089,184,1,3022.86,0.2,2418.29
2089,223,3,3793.34,0,11380.02
2090,105,2,985.57,0.1,1774.03
2091,20,2,670.4,0.1,1206.72
2091,87,3,2631.45,0.2,6315.48
2091,215,2,3807.34,0,7614.68
2092,229,3,1081.83,0,3245.49
2092,129,2,2531.28,0.2,4050.05
2092,90,1,183.24,0.2,146.59
2093,58,2,3807.05,0.1,6852.69
2093,151,2,4406.48,0,8812.96
2093,202,1,1540.48,0.1,1386.43
2093,16,1,3952.33,0.2,3161.86
2094,206,3,789.54,0.1,2131.76
2095,155,2,2767.71,0.2,4428.34
2095,72,2,694.52,0,1389.04
2095,123,1,823.42,0.1,741.08
2095,275,2,1095.75,0,2191.5
2095,263,1,3765.62,0,3765.62
2096,144,1,2500.85,0,2500.85
2096,282,3,3926.46,0.2,9423.5
2097,176,3,4859.23,0.2,11662.15
2097,153,3,4053.91,0.2,9729.38
2098,163,2,3977.99,0,7955.98
2099,116,1,4729.75,0.1,4256.78
2099,275,2,1095.75,0.1,1972.35
2100,46,2,3061.47,0.2,4898.35
2100,118,3,2699.14,0.1,7287.68
2100,8,1,1531.1,0.2,1224.88
2101,248,1,1314.7,0.2,1051.76
2101,23,1,4414.98,0.1,3973.48
2101,159,1,807.72,0.2,646.18
2102,13,1,3075.58,0.1,2768.02
2102,279,2,347.7,0.2,556.32
2102,196,1,415.32,0.2,332.26
2102,228,2,4818.58,0.2,7709.73
2103,44,1,3885.07,0.2,3108.06
2103,60,1,4674.62,0.2,3739.7
2103,213,3,2436.3,0.2,5847.12
2103,217,3,1838.37,0.2,4412.09
2103,4,3,4485.44,0,13456.32
2104,202,3,1540.48,0.1,4159.3
2104,43,2,241.69,0.2,386.7
2105,51,1,3723.25,0.1,3350.93
2105,198,2,2228.32,0.2,3565.31
2105,296,3,693.33,0,2079.99
2105,150,3,1188.32,0.1,3208.46
2106,57,1,924.14,0.1,831.73
2106,114,3,2450.58,0.2,5881.39
2106,295,1,2343.7,0.1,2109.33
2106,94,2,2572.33,0.1,4630.19
2107,48,1,1103.95,0,1103.95
2107,173,2,3917.1,0.2,6267.36
2107,151,2,4406.48,0.1,7931.66
2107,44,2,3885.07,0.2,6216.11
2108,75,2,3915.6,0.1,7048.08
2108,120,2,2696.47,0,5392.94
2108,181,2,3568.87,0.1,6423.97
2109,76,1,3589.68,0.1,3230.71
2109,222,3,3519.57,0.2,8446.97
2110,260,1,4129.31,0,4129.31
2110,221,2,3628.31,0.2,5805.3
2110,150,3,1188.32,0.1,3208.46
2110,220,2,2980.59,0.1,5365.06
2110,182,1,2659.11,0.2,2127.29
2111,57,2,924.14,0.2,1478.62
2111,189,2,2918.36,0.2,4669.38
2112,147,3,1158.14,0,3474.42
2112,158,2,3200.7,0,6401.4
2112,286,2,3079.76,0.2,4927.62
2113,241,2,4140.57,0,8281.14
2113,57,2,924.14,0.2,1478.62
2113,284,3,1844.85,0.2,4427.64
2113,266,1,1513.44,0.1,1362.1
2113,92,1,1893.48,0.2,1514.78
2114,151,2,4406.48,0,8812.96
2114,284,3,1844.85,0.2,4427.64
2114,27,3,4687.97,0,14063.91
2115,286,2,3079.76,0.2,4927.62
2115,256,2,340.75,0,681.5
2116,56,3,886.8,0,2660.4
2117,22,1,3109.21,0.2,2487.37
2117,189,3,2918.36,0.1,7879.57
2118,156,3,4614.81,0.2,11075.54
2119,174,3,4378.44,0.1,11821.79
2119,120,3,2696.47,0,8089.41
2120,258,3,3042.51,0,9127.53
2120,156,3,4614.81,0,13844.43
2120,224,3,1630.29,0.1,4401.78
2120,201,2,3328.08,0.2,5324.93
2120,165,2,1745.41,0,3490.82
2121,26,3,1802.56,0.2,4326.14
2121,45,1,2210.75,0.2,1768.6
2121,161,3,2773.7,0,8321.1
2121,222,3,3519.57,0.2,8446.97
2121,85,3,4346.15,0,13038.45
2122,247,1,2671.22,0.2,2136.98
2122,174,2,4378.44,0.2,7005.5
2123,216,3,1354.53,0.1,3657.23
2123,25,1,2807.38,0.2,2245.9
2123,282,1,3926.46,0,3926.46
2123,172,1,4013.49,0.1,3612.14
2123,268,3,4342.22,0.1,11723.99
2124,272,2,1711.82,0.2,2738.91
2124,174,3,4378.44,0,13135.32
2124,126,3,1025.69,0,3077.07
2124,295,2,2343.7,0.1,4218.66
2124,116,3,4729.75,0,14189.25
2125,274,2,2974.84,0.1,5354.71
2125,145,1,1799.29,0.2,1439.43
2125,235,3,1157.47,0.2,2777.93
2126,191,2,2272.49,0.1,4090.48
2126,300,2,3405.97,0.1,6130.75
2127,250,2,2498.75,0,4997.5
2127,137,2,1005.84,0.1,1810.51
2127,22,1,3109.21,0.2,2487.37
2128,211,1,2468.4,0.2,1974.72
2128,71,1,3792.47,0,3792.47
2129,119,1,822.62,0.2,658.1
2129,47,2,2238.71,0,4477.42
2130,4,2,4485.44,0,8970.88
2130,196,2,415.32,0.2,664.51
2131,213,1,2436.3,0.1,2192.67
2132,187,1,4233.39,0.1,3810.05
2132,144,1,2500.85,0.2,2000.68
2133,171,1,226.42,0.1,203.78
2133,91,3,1308.63,0.2,3140.71
2133,75,3,3915.6,0.2,9397.44
2133,184,3,3022.86,0,9068.58
2134,290,3,1966.47,0.2,4719.53
2134,18,3,534.95,0.1,1444.37
2134,233,2,3048.45,0.1,5487.21
2134,82,2,716.07,0,1432.14
2135,173,1,3917.1,0,3917.1
2135,90,1,183.24,0.2,146.59
2136,197,1,3435.53,0.1,3091.98
2136,130,3,3052.06,0.2,7324.94
2136,244,2,3623.71,0.1,6522.68
2136,143,1,2349.66,0.2,1879.73
2137,201,1,3328.08,0,3328.08
2138,240,1,1075.21,0.1,967.69
2138,59,1,2724.81,0.1,2452.33
2139,98,1,1535.92,0,1535.92
2139,251,2,148.83,0.2,238.13
2140,175,3,797.23,0,2391.69
2141,251,2,148.83,0,297.66
2141,180,3,655.78,0.2,1573.87
2141,121,3,2781.54,0,8344.62
2141,192,3,1974.7,0.2,4739.28
2141,76,1,3589.68,0,3589.68
2142,246,1,358.61,0.1,322.75
2142,227,1,4186.52,0.1,3767.87
2142,144,2,2500.85,0.1,4501.53
2142,266,2,1513.44,0,3026.88
2143,98,1,1535.92,0.1,1382.33
2143,76,2,3589.68,0.2,5743.49
2143,131,2,2349.61,0.2,3759.38
2143,154,3,3505.06,0.1,9463.66
2144,124,2,319.5,0.1,575.1
2144,71,2,3792.47,0.2,6067.95
2144,273,2,4036.68,0.1,7266.02
2144,9,3,2541.75,0,7625.25
2144,12,2,1645.78,0.2,2633.25
2145,220,1,2980.59,0.1,2682.53
2145,231,3,671.34,0.2,1611.22
2145,53,2,4303.7,0.1,7746.66
2146,84,1,3865.55,0.2,3092.44
2146,21,1,2599.67,0,2599.67
2146,278,3,2540.74,0,7622.22
2147,260,1,4129.31,0,4129.31
2147,50,2,4334.05,0.1,7801.29
2147,261,3,3503.75,0.1,9460.12
2147,80,1,2157.78,0.1,1942
2148,124,1,319.5,0,319.5
2149,259,1,2977.48,0.2,2381.98
2149,47,3,2238.71,0.2,5372.9
2150,276,2,2930.01,0.1,5274.02
2150,37,1,3070.15,0.2,2456.12
2151,52,2,4453.5,0,8907
2151,25,1,2807.38,0,2807.38
2152,224,1,1630.29,0,1630.29
2152,263,2,3765.62,0,7531.24
2152,239,3,3599.71,0,10799.13
2153,18,3,534.95,0.1,1444.37
2153,193,2,4029.85,0.2,6447.76
2153,211,2,2468.4,0.2,3949.44
2154,79,2,2449.85,0.2,3919.76
2154,291,2,850.79,0.1,1531.42
2154,88,3,555.9,0.1,1500.93
2154,288,3,4205.02,0.2,10092.05
2155,155,1,2767.71,0,2767.71
2155,196,2,415.32,0.2,664.51
2155,114,1,2450.58,0.1,2205.52
2155,236,3,3037.97,0.1,8202.52
2156,187,2,4233.39,0.1,7620.1
2156,75,1,3915.6,0.2,3132.48
2157,243,3,2564.2,0,7692.6
2157,248,1,1314.7,0.1,1183.23
2157,143,2,2349.66,0.1,4229.39
2157,198,1,2228.32,0.1,2005.49
2158,287,2,4626.22,0.2,7401.95
2158,174,1,4378.44,0.2,3502.75
2158,289,3,1989.64,0.2,4775.14
2158,46,3,3061.47,0.2,7347.53
2159,141,1,1689.08,0.2,1351.26
2159,163,2,3977.99,0,7955.98
2159,180,1,655.78,0.1,590.2
2159,264,2,490.72,0.1,883.3
2159,94,1,2572.33,0.2,2057.86
2160,287,3,4626.22,0.2,11102.93
2160,202,3,1540.48,0.1,4159.3
2161,176,2,4859.23,0.1,8746.61
2161,157,2,1420.43,0.1,2556.77
2162,242,3,4351.59,0.2,10443.82
2162,124,3,319.5,0.2,766.8
2163,70,2,2565.16,0.1,4617.29
2163,177,1,1279.69,0.2,1023.75
2163,282,1,3926.46,0.2,3141.17
2164,48,2,1103.95,0.2,1766.32
2164,157,2,1420.43,0.2,2272.69
2164,206,2,789.54,0.2,1263.26
2165,116,2,4729.75,0,9459.5
2165,162,1,3712.96,0.1,3341.66
2165,74,2,3005.42,0.2,4808.67
2166,90,3,183.24,0.1,494.75
2166,171,2,226.42,0,452.84
2166,71,2,3792.47,0.1,6826.45
2167,35,3,147.11,0.1,397.2
2167,249,2,2443.3,0.2,3909.28
2167,287,2,4626.22,0.2,7401.95
2167,71,1,3792.47,0,3792.47
2167,178,3,113.25,0.2,271.8
2168,235,1,1157.47,0,1157.47
2168,40,3,1192.17,0,3576.51
2169,27,3,4687.97,0.2,11251.13
2169,55,2,4758.22,0.2,7613.15
2169,271,2,4563.65,0,9127.3
2169,285,1,2791.44,0,2791.44
2169,86,2,4925.27,0.2,7880.43
2170,229,1,1081.83,0,1081.83
2170,213,2,2436.3,0.2,3898.08
2170,267,2,4752.35,0,9504.7
2170,264,1,490.72,0.2,392.58
2171,273,3,4036.68,0.1,10899.04
2171,52,1,4453.5,0.2,3562.8
2172,225,3,841.46,0.1,2271.94
2172,274,2,2974.84,0.1,5354.71
2173,66,2,610.55,0,1221.1
2173,277,2,3435.47,0,6870.94
2173,88,2,555.9,0.1,1000.62
2173,286,1,3079.76,0,3079.76
2173,14,2,4246.91,0.2,6795.06
2174,230,1,1046.39,0.2,837.11
2174,248,1,1314.7,0.2,1051.76
2175,108,2,3213.87,0,6427.74
2175,114,3,2450.58,0,7351.74
2176,47,2,2238.71,0,4477.42
2176,109,3,500.73,0,1502.19
2176,70,1,2565.16,0.2,2052.13
2176,71,3,3792.47,0.2,9101.93
2177,242,2,4351.59,0.2,6962.54
2177,192,1,1974.7,0,1974.7
2178,138,3,1616.24,0.1,4363.85
2178,166,2,1655.44,0.2,2648.7
2178,230,1,1046.39,0.1,941.75
2179,205,3,1317.26,0,3951.78
2180,12,3,1645.78,0,4937.34
2180,260,1,4129.31,0,4129.31
2180,21,3,2599.67,0,7799.01
2180,87,1,2631.45,0.2,2105.16
2180,84,2,3865.55,0.2,6184.88
2181,105,3,985.57,0.2,2365.37
2182,170,2,2123.49,0.2,3397.58
2182,247,3,2671.22,0,8013.66
2183,31,1,3542.58,0.2,2834.06
2183,179,2,3748.16,0.1,6746.69
2183,138,1,1616.24,0,1616.24
2183,187,1,4233.39,0.2,3386.71
2184,157,1,1420.43,0.1,1278.39
2184,126,3,1025.69,0.1,2769.36
2184,136,1,835.08,0.1,751.57
2185,118,3,2699.14,0.2,6477.94
2185,251,1,148.83,0,148.83
2185,110,3,478.85,0.2,1149.24
2185,52,1,4453.5,0.1,4008.15
2186,295,3,2343.7,0.1,6327.99
2186,62,2,2655.9,0.2,4249.44
2187,257,1,4439.91,0.2,3551.93
2187,33,3,1950.06,0.1,5265.16
2187,166,1,1655.44,0.1,1489.9
2188,228,3,4818.58,0.1,13010.17
2189,54,1,954.56,0,954.56
2189,101,1,3677.55,0.1,3309.8
2190,53,1,4303.7,0.2,3442.96
2190,242,3,4351.59,0,13054.77
2190,266,2,1513.44,0,3026.88
2191,72,3,694.52,0.2,1666.85
2191,273,3,4036.68,0.2,9688.03
2191,242,3,4351.59,0,13054.77
2191,251,3,148.83,0.1,401.84
2191,300,2,3405.97,0.1,6130.75
2192,73,1,4378.53,0,4378.53
2192,31,2,3542.58,0,7085.16
2192,88,2,555.9,0.2,889.44
2192,46,3,3061.47,0.2,7347.53
2192,68,2,998.72,0.1,1797.7
2193,21,2,2599.67,0.2,4159.47
2193,103,2,1726.45,0.1,3107.61
2193,262,2,579.31,0.1,1042.76
2194,188,2,270.55,0.2,432.88
2194,93,2,4086.52,0.1,7355.74
2195,46,3,3061.47,0.1,8265.97
2195,191,3,2272.49,0.2,5453.98
2196,250,2,2498.75,0,4997.5
2196,93,3,4086.52,0.1,11033.6
2197,282,1,3926.46,0.1,3533.81
2197,93,2,4086.52,0.2,6538.43
2198,4,1,4485.44,0.2,3588.35
2199,85,3,4346.15,0,13038.45
2200,16,1,3952.33,0.2,3161.86
2200,242,1,4351.59,0.2,3481.27
2201,32,2,3229.2,0.2,5166.72
2201,18,3,534.95,0.1,1444.37
2202,244,3,3623.71,0,10871.13
2202,182,2,2659.11,0.1,4786.4
2202,6,2,905.68,0,1811.36
2202,65,2,4314.56,0.2,6903.3
2203,27,1,4687.97,0,4687.97
2203,105,2,985.57,0.1,1774.03
2204,141,3,1689.08,0.1,4560.52
2205,19,3,175.58,0.1,474.07
2205,121,3,2781.54,0.1,7510.16
2205,105,2,985.57,0.1,1774.03
2206,16,2,3952.33,0.1,7114.19
2206,145,2,1799.29,0.1,3238.72
2206,93,3,4086.52,0.2,9807.65
2206,88,1,555.9,0,555.9
2207,79,2,2449.85,0.2,3919.76
2207,174,3,4378.44,0.1,11821.79
2208,115,1,2411.4,0,2411.4
2208,186,3,4809.64,0.1,12986.03
2209,233,2,3048.45,0.1,5487.21
2209,283,1,1366.35,0.2,1093.08
2210,65,3,4314.56,0,12943.68
2211,263,1,3765.62,0.2,3012.5
2211,190,3,1962.53,0,5887.59
2211,103,2,1726.45,0,3452.9
2211,193,3,4029.85,0.1,10880.59
2212,208,1,2962.16,0.2,2369.73
2212,114,1,2450.58,0.1,2205.52
2213,92,3,1893.48,0.2,4544.35
2213,27,1,4687.97,0.1,4219.17
2213,75,3,3915.6,0.1,10572.12
2213,54,2,954.56,0.1,1718.21
2214,41,1,4424.05,0.1,3981.65
2214,202,1,1540.48,0.1,1386.43
2214,133,2,4617.75,0.1,8311.95
2214,148,1,2047.04,0,2047.04
2215,118,1,2699.14,0.2,2159.31
2215,18,1,534.95,0.2,427.96
2215,262,1,579.31,0,579.31
2215,200,3,456.13,0,1368.39
2216,73,2,4378.53,0,8757.06
2216,299,3,2527.49,0.1,6824.22
2216,240,1,1075.21,0.2,860.17
2216,280,1,990.64,0.1,891.58
2216,110,3,478.85,0,1436.55
2217,82,3,716.07,0,2148.21
2217,63,3,4344.14,0.1,11729.18
2217,198,2,2228.32,0.1,4010.98
2218,204,1,2819.85,0.2,2255.88
2218,298,1,2955.32,0,2955.32
2218,184,2,3022.86,0.1,5441.15
2219,117,3,2823.36,0,8470.08
2219,265,3,3805.03,0.1,10273.58
2219,266,2,1513.44,0,3026.88
2219,88,2,555.9,0.2,889.44
2219,183,1,2480.1,0.2,1984.08
2220,187,1,4233.39,0,4233.39
2220,1,1,1571.14,0.2,1256.91
2220,281,3,914.17,0,2742.51
2221,19,2,175.58,0,351.16
2221,188,2,270.55,0.2,432.88
2221,150,3,1188.32,0,3564.96
2222,84,1,3865.55,0.1,3479
2222,114,2,2450.58,0.1,4411.04
2222,18,2,534.95,0.1,962.91
2222,65,2,4314.56,0,8629.12
2223,244,3,3623.71,0.1,9784.02
2223,208,1,2962.16,0.2,2369.73
2223,147,3,1158.14,0,3474.42
2224,152,2,888.12,0.2,1420.99
2224,175,3,797.23,0.2,1913.35
2224,165,1,1745.41,0,1745.41
2224,276,2,2930.01,0,5860.02
2225,163,3,3977.99,0.1,10740.57
2226,185,3,1406.51,0,4219.53
2226,73,3,4378.53,0,13135.59
2226,134,2,1581.19,0.1,2846.14
2227,29,3,708.63,0.2,1700.71
2227,282,3,3926.46,0,11779.38
2227,292,3,4156.58,0.2,9975.79
2227,91,1,1308.63,0.1,1177.77
2227,1,1,1571.14,0.1,1414.03
2228,261,2,3503.75,0.1,6306.75
2228,188,2,270.55,0,541.1
2228,256,1,340.75,0,340.75
2228,75,3,3915.6,0.1,10572.12
2228,232,1,3920.49,0.1,3528.44
2229,166,2,1655.44,0,3310.88
2229,150,2,1188.32,0,2376.64
2230,160,3,961.86,0.1,2597.02
2231,233,2,3048.45,0.2,4877.52
2231,80,2,2157.78,0,4315.56
2231,276,1,2930.01,0.2,2344.01
2231,130,3,3052.06,0.1,8240.56
2232,183,3,2480.1,0.1,6696.27
2233,152,1,888.12,0,888.12
2233,49,1,1365.91,0.2,1092.73
2234,31,2,3542.58,0.2,5668.13
2234,156,1,4614.81,0,4614.81
2235,64,2,2393.81,0.2,3830.1
2235,128,2,4900.43,0.1,8820.77
2235,137,3,1005.84,0,3017.52
2235,78,2,3855.59,0,7711.18
2235,140,3,2103.47,0.1,5679.37
2236,187,2,4233.39,0,8466.78
2236,118,3,2699.14,0.2,6477.94
2236,253,3,655.15,0,1965.45
2236,27,1,4687.97,0,4687.97
2236,128,2,4900.43,0,9800.86
2237,150,3,1188.32,0,3564.96
2238,216,2,1354.53,0,2709.06
2238,88,2,555.9,0.1,1000.62
2238,35,1,147.11,0,147.11
2239,194,3,2773.23,0.1,7487.72
2239,163,2,3977.99,0.1,7160.38
2239,222,1,3519.57,0,3519.57
2239,138,3,1616.24,0.2,3878.98
2239,135,1,1279.65,0,1279.65
2240,152,1,888.12,0.2,710.5
2240,233,1,3048.45,0.1,2743.61
2241,94,1,2572.33,0,2572.33
2241,258,2,3042.51,0.2,4868.02
2241,70,1,2565.16,0.1,2308.64
2242,90,3,183.24,0.1,494.75
2242,271,2,4563.65,0.2,7301.84
2242,252,2,3127.93,0.2,5004.69
2243,81,3,709.48,0,2128.44
2243,25,2,2807.38,0.1,5053.28
2244,38,1,1830.1,0.2,1464.08
2244,198,3,2228.32,0,6684.96
2245,262,2,579.31,0.1,1042.76
2245,85,1,4346.15,0.2,3476.92
2246,266,1,1513.44,0.1,1362.1
2247,77,2,3082.83,0.2,4932.53
2248,140,3,2103.47,0,6310.41
2248,131,1,2349.61,0.1,2114.65
2248,103,2,1726.45,0,3452.9
2248,34,3,3132.01,0,9396.03
2248,134,1,1581.19,0,1581.19
2249,17,1,2227.3,0,2227.3
2249,136,1,835.08,0,835.08
2249,139,3,3351.42,0,10054.26
2249,291,3,850.79,0,2552.37
2249,219,2,134.79,0.2,215.66
2250,233,2,3048.45,0.2,4877.52
2250,26,2,1802.56,0.2,2884.1
2250,2,3,162.86,0.1,439.72
2250,280,1,990.64,0,990.64
2250,8,2,1531.1,0.1,2755.98
2251,22,1,3109.21,0.1,2798.29
2251,64,3,2393.81,0.2,5745.14
2251,182,3,2659.11,0.1,7179.6
2251,123,3,823.42,0.1,2223.23
2251,56,1,886.8,0.2,709.44
2252,12,3,1645.78,0.1,4443.61
2252,267,3,4752.35,0.2,11405.64
2252,51,2,3723.25,0,7446.5
2252,63,1,4344.14,0.1,3909.73
2252,237,2,3100.61,0.1,5581.1
2253,35,2,147.11,0,294.22
2253,197,2,3435.53,0,6871.06
2253,103,2,1726.45,0,3452.9
2254,103,1,1726.45,0.1,1553.81
2254,242,1,4351.59,0.1,3916.43
2255,76,3,3589.68,0.1,9692.14
2255,235,1,1157.47,0.1,1041.72
2255,55,3,4758.22,0,14274.66
2255,125,1,1471.63,0.2,1177.3
2256,153,2,4053.91,0.2,6486.26
2256,71,3,3792.47,0,11377.41
2256,99,1,648.26,0.1,583.43
2256,79,1,2449.85,0.1,2204.86
2257,83,2,4022.4,0.1,7240.32
2257,293,1,3384.67,0,3384.67
2257,197,2,3435.53,0.2,5496.85
2257,107,1,171.93,0,171.93
2257,205,3,1317.26,0,3951.78
2258,244,2,3623.71,0.1,6522.68
2258,34,2,3132.01,0.2,5011.22
2258,107,2,171.93,0.1,309.47
2259,216,3,1354.53,0.1,3657.23
2259,155,3,2767.71,0.1,7472.82
2260,172,1,4013.49,0.1,3612.14
2260,45,2,2210.75,0.2,3537.2
2261,86,2,4925.27,0.2,7880.43
2261,147,3,1158.14,0.1,3126.98
2262,98,3,1535.92,0,4607.76
2263,74,1,3005.42,0.1,2704.88
2263,11,2,4126.24,0,8252.48
2263,200,3,456.13,0,1368.39
2263,250,2,2498.75,0.2,3998
2263,287,2,4626.22,0.2,7401.95
2264,252,3,3127.93,0.1,8445.41
2264,153,2,4053.91,0,8107.82
2265,261,1,3503.75,0,3503.75
2265,129,2,2531.28,0.1,4556.3
2265,66,1,610.55,0.1,549.5
2265,106,2,1023.38,0.2,1637.41
2266,220,1,2980.59,0.1,2682.53
2266,249,3,2443.3,0.2,5863.92
2266,250,1,2498.75,0,2498.75
2267,270,2,3310.85,0,6621.7
2267,22,3,3109.21,0.1,8394.87
2267,136,1,835.08,0,835.08
2267,162,1,3712.96,0,3712.96
2268,126,3,1025.69,0,3077.07
2268,173,1,3917.1,0.1,3525.39
2268,44,2,3885.07,0,7770.14
2269,143,3,2349.66,0.1,6344.08
2269,253,2,655.15,0.2,1048.24
2269,100,1,4054.92,0.1,3649.43
2270,247,3,2671.22,0.2,6410.93
2270,35,3,147.11,0.2,353.06
2270,213,2,2436.3,0.2,3898.08
2271,201,2,3328.08,0.2,5324.93
2271,261,3,3503.75,0.1,9460.12
2271,83,3,4022.4,0.1,10860.48
2271,235,2,1157.47,0.2,1851.95
2272,244,1,3623.71,0,3623.71
2272,193,1,4029.85,0.2,3223.88
2273,120,1,2696.47,0.2,2157.18
2273,53,2,4303.7,0.1,7746.66
2273,253,2,655.15,0.1,1179.27
2273,173,3,3917.1,0.1,10576.17
2274,146,2,1738.9,0,3477.8
2274,144,1,2500.85,0.2,2000.68
2274,44,2,3885.07,0,7770.14
2274,83,3,4022.4,0.1,10860.48
2274,91,1,1308.63,0,1308.63
2275,245,1,4842.81,0.1,4358.53
2275,122,1,1254.11,0,1254.11
2275,66,1,610.55,0.2,488.44
2276,229,2,1081.83,0.2,1730.93
2276,158,2,3200.7,0.2,5121.12
2277,288,3,4205.02,0,12615.06
2277,273,2,4036.68,0,8073.36
2277,135,1,1279.65,0.2,1023.72
2278,120,2,2696.47,0,5392.94
2278,104,3,4507.94,0.1,12171.44
2279,268,2,4342.22,0.1,7816
2280,293,3,3384.67,0.2,8123.21
2280,258,3,3042.51,0.2,7302.02
2280,242,3,4351.59,0.2,10443.82
2280,230,3,1046.39,0.1,2825.25
2280,159,2,807.72,0,1615.44
2281,129,2,2531.28,0.1,4556.3
2281,24,3,4661.82,0.1,12586.91
2281,229,3,1081.83,0,3245.49
2281,18,1,534.95,0.1,481.46
2281,191,2,2272.49,0.2,3635.98
2282,166,1,1655.44,0,1655.44
2282,300,1,3405.97,0.2,2724.78
2282,240,1,1075.21,0,1075.21
2282,136,1,835.08,0,835.08
2282,40,3,1192.17,0.2,2861.21
2283,260,1,4129.31,0.1,3716.38
2283,66,3,610.55,0.1,1648.48
2283,223,1,3793.34,0.1,3414.01
2284,148,3,2047.04,0.2,4912.9
2284,180,2,655.78,0.1,1180.4
2285,150,3,1188.32,0.1,3208.46
2285,214,3,956.15,0.2,2294.76
2285,269,1,4355.56,0,4355.56
2286,72,2,694.52,0.1,1250.14
2286,224,1,1630.29,0,1630.29
2286,166,3,1655.44,0.2,3973.06
2286,245,1,4842.81,0.2,3874.25
2287,153,1,4053.91,0.1,3648.52
2287,276,1,2930.01,0,2930.01
2288,54,3,954.56,0.1,2577.31
2288,299,2,2527.49,0,5054.98
2288,295,2,2343.7,0.1,4218.66
2288,81,1,709.48,0.1,638.53
2289,172,3,4013.49,0,12040.47
2289,162,1,3712.96,0.1,3341.66
2289,150,2,1188.32,0.1,2138.98
2290,150,2,1188.32,0.2,1901.31
2290,176,2,4859.23,0.1,8746.61
2290,161,1,2773.7,0.2,2218.96
2290,132,1,1515.14,0.1,1363.63
2291,79,3,2449.85,0.2,5879.64
2291,101,1,3677.55,0.1,3309.8
2291,147,1,1158.14,0,1158.14
2291,81,3,709.48,0,2128.44
2292,42,1,1883.45,0.1,1695.11
2292,164,2,816.74,0.1,1470.13
2292,290,2,1966.47,0.1,3539.65
2292,173,3,3917.1,0,11751.3
2292,104,3,4507.94,0.1,12171.44
2293,9,1,2541.75,0.2,2033.4
2293,69,2,2395.28,0.2,3832.45
2293,4,2,4485.44,0,8970.88
2294,96,1,4243.67,0,4243.67
2294,79,1,2449.85,0.2,1959.88
2294,154,2,3505.06,0.2,5608.1
2294,259,3,2977.48,0.2,7145.95
2294,98,1,1535.92,0,1535.92
2295,90,3,183.24,0.2,439.78
2295,259,2,2977.48,0.1,5359.46
2295,172,3,4013.49,0,12040.47
2296,255,3,634.26,0,1902.78
2296,189,1,2918.36,0.1,2626.52
2296,198,3,2228.32,0.1,6016.46
2296,237,2,3100.61,0.1,5581.1
2296,115,1,2411.4,0.2,1929.12
2297,238,3,2511.77,0,7535.31
2298,43,1,241.69,0.1,217.52
2299,166,1,1655.44,0.2,1324.35
2299,22,1,3109.21,0,3109.21
2299,214,1,956.15,0.1,860.53
2300,195,2,1333.33,0.2,2133.33
2300,13,2,3075.58,0.2,4920.93
2300,84,3,3865.55,0.2,9277.32
2300,33,1,1950.06,0.2,1560.05
2300,143,3,2349.66,0,7048.98
2301,104,1,4507.94,0.2,3606.35
2301,216,2,1354.53,0.1,2438.15
2301,8,3,1531.1,0.2,3674.64
2301,57,1,924.14,0,924.14
2301,234,3,1752.01,0.2,4204.82
2302,256,1,340.75,0,340.75
2303,82,1,716.07,0.2,572.86
2303,122,3,1254.11,0,3762.33
2303,199,1,1706.15,0,1706.15
2303,149,2,4047.23,0.1,7285.01
2304,224,3,1630.29,0.1,4401.78
2304,257,1,4439.91,0,4439.91
2304,97,2,1334.43,0.2,2135.09
2304,22,2,3109.21,0.1,5596.58
2304,275,3,1095.75,0.2,2629.8
2305,119,3,822.62,0.1,2221.07
2305,29,2,708.63,0.1,1275.53
2305,215,3,3807.34,0,11422.02
2305,89,2,130.17,0.1,234.31
2306,224,1,1630.29,0.2,1304.23
2306,45,1,2210.75,0,2210.75
2306,28,2,626.91,0,1253.82
2307,50,1,4334.05,0.1,3900.65
2307,70,1,2565.16,0,2565.16
2307,256,2,340.75,0.1,613.35
2307,73,3,4378.53,0.2,10508.47
2308,150,1,1188.32,0.1,1069.49
2308,265,2,3805.03,0.2,6088.05
2308,243,2,2564.2,0,5128.4
2309,199,1,1706.15,0.2,1364.92
2310,222,1,3519.57,0.2,2815.66
2310,6,3,905.68,0.1,2445.34
2310,132,1,1515.14,0.1,1363.63
2310,244,2,3623.71,0.2,5797.94
2310,21,2,2599.67,0,5199.34
2311,150,2,1188.32,0.2,1901.31
2311,155,2,2767.71,0.2,4428.34
2311,223,2,3793.34,0,7586.68
2312,161,1,2773.7,0.2,2218.96
2312,159,1,807.72,0.2,646.18
2312,85,3,4346.15,0.1,11734.6
2313,190,1,1962.53,0,1962.53
2313,55,2,4758.22,0,9516.44
2313,103,3,1726.45,0.1,4661.42
2313,155,1,2767.71,0.2,2214.17
2314,257,1,4439.91,0,4439.91
2314,274,1,2974.84,0,2974.84
2314,142,3,2632.44,0.2,6317.86
2314,6,3,905.68,0.2,2173.63
2314,283,1,1366.35,0.2,1093.08
2315,170,3,2123.49,0,6370.47
2316,223,3,3793.34,0.1,10242.02
2316,229,1,1081.83,0.2,865.46
2316,272,3,1711.82,0.1,4621.91
2316,293,2,3384.67,0.1,6092.41
2317,52,3,4453.5,0.1,12024.45
2317,249,3,2443.3,0.1,6596.91
2317,251,2,148.83,0,297.66
2317,90,2,183.24,0.1,329.83
2318,233,1,3048.45,0,3048.45
2318,255,2,634.26,0,1268.52
2319,173,1,3917.1,0,3917.1
2319,12,3,1645.78,0.1,4443.61
2319,66,1,610.55,0,610.55
2319,292,2,4156.58,0.1,7481.84
2320,199,3,1706.15,0.2,4094.76
2320,173,2,3917.1,0.1,7050.78
2320,10,2,4384.24,0.1,7891.63
2320,208,2,2962.16,0.2,4739.46
2320,201,3,3328.08,0.2,7987.39
2321,76,1,3589.68,0.1,3230.71
2321,209,3,4282.34,0.1,11562.32
2321,147,1,1158.14,0.2,926.51
2322,276,3,2930.01,0.1,7911.03
2322,197,2,3435.53,0.2,5496.85
2323,115,3,2411.4,0.2,5787.36
2323,192,2,1974.7,0.2,3159.52
2323,274,2,2974.84,0,5949.68
2324,101,3,3677.55,0.2,8826.12
2324,68,3,998.72,0,2996.16
2325,249,3,2443.3,0.2,5863.92
2325,187,1,4233.39,0.1,3810.05
2326,126,1,1025.69,0.2,820.55
2326,81,3,709.48,0.1,1915.6
2326,187,1,4233.39,0.1,3810.05
2326,107,1,171.93,0,171.93
2326,3,1,1407.01,0,1407.01
2327,110,1,478.85,0,478.85
2327,96,1,4243.67,0,4243.67
2327,210,2,161.58,0.1,290.84
2327,276,1,2930.01,0,2930.01
2327,5,2,4696.11,0,9392.22
2328,102,2,1655.92,0.1,2980.66
2328,271,2,4563.65,0.1,8214.57
2328,76,3,3589.68,0.2,8615.23
2329,260,3,4129.31,0.2,9910.34
2329,69,2,2395.28,0.2,3832.45
2329,164,2,816.74,0.1,1470.13
2330,92,1,1893.48,0.1,1704.13
2330,267,2,4752.35,0,9504.7
2330,97,1,1334.43,0.1,1200.99
2330,245,2,4842.81,0.2,7748.5
2331,104,1,4507.94,0,4507.94
2331,223,1,3793.34,0.2,3034.67
2331,35,1,147.11,0.1,132.4
2331,220,1,2980.59,0.2,2384.47
2331,233,2,3048.45,0,6096.9
2332,2,1,162.86,0,162.86
2332,268,3,4342.22,0.1,11723.99
2332,73,3,4378.53,0.2,10508.47
2332,127,1,4510.8,0.2,3608.64
2332,133,2,4617.75,0,9235.5
2333,262,1,579.31,0.2,463.45
2334,142,3,2632.44,0.2,6317.86
2334,66,3,610.55,0.1,1648.48
2335,172,3,4013.49,0.1,10836.42
2335,80,2,2157.78,0.1,3884
2335,176,2,4859.23,0.2,7774.77
2336,44,3,3885.07,0.1,10489.69
2336,290,3,1966.47,0,5899.41
2336,133,1,4617.75,0.1,4155.98
2336,241,2,4140.57,0,8281.14
2337,247,2,2671.22,0.1,4808.2
2338,58,2,3807.05,0.2,6091.28
2338,23,1,4414.98,0.2,3531.98
2338,176,3,4859.23,0.1,13119.92
2338,9,3,2541.75,0.1,6862.73
2338,254,1,1160.5,0.2,928.4
2339,77,1,3082.83,0,3082.83
2340,36,3,649.16,0,1947.48
2340,70,2,2565.16,0,5130.32
2340,23,2,4414.98,0,8829.96
2340,54,3,954.56,0,2863.68
2341,249,1,2443.3,0,2443.3
2341,27,3,4687.97,0,14063.91
2341,146,3,1738.9,0,5216.7
2342,134,3,1581.19,0,4743.57
2342,284,3,1844.85,0.1,4981.09
2342,35,3,147.11,0,441.33
2342,192,3,1974.7,0,5924.1
2343,106,2,1023.38,0.2,1637.41
2343,157,2,1420.43,0.2,2272.69
2343,107,3,171.93,0.1,464.21
2344,281,3,914.17,0.2,2194.01
2344,230,1,1046.39,0.2,837.11
2344,220,3,2980.59,0.2,7153.42
2344,4,2,4485.44,0.2,7176.7
2345,189,1,2918.36,0,2918.36
2345,38,2,1830.1,0,3660.2
2345,74,1,3005.42,0,3005.42
2345,226,2,2658.25,0,5316.5
2346,265,2,3805.03,0,7610.06
2347,279,3,347.7,0,1043.1
2347,13,1,3075.58,0.2,2460.46
2348,287,2,4626.22,0.1,8327.2
2348,235,3,1157.47,0.2,2777.93
2348,261,2,3503.75,0.1,6306.75
2349,12,1,1645.78,0,1645.78
2349,298,3,2955.32,0.1,7979.36
2349,242,1,4351.59,0.1,3916.43
2350,97,2,1334.43,0.2,2135.09
2350,286,3,3079.76,0,9239.28
2350,84,2,3865.55,0.1,6957.99
2350,115,1,2411.4,0,2411.4
2350,198,3,2228.32,0.1,6016.46
2351,240,2,1075.21,0.1,1935.38
2352,17,3,2227.3,0,6681.9
2352,104,2,4507.94,0.2,7212.7
2352,128,1,4900.43,0,4900.43
2353,49,3,1365.91,0.2,3278.18
2353,102,3,1655.92,0,4967.76
2353,144,1,2500.85,0.1,2250.76
2354,169,3,4666.14,0,13998.42
2355,67,1,1384.47,0,1384.47
2355,5,2,4696.11,0.2,7513.78
2356,224,1,1630.29,0,1630.29
2356,149,2,4047.23,0,8094.46
2356,257,1,4439.91,0.2,3551.93
2357,6,2,905.68,0,1811.36
2357,142,3,2632.44,0.1,7107.59
2357,290,3,1966.47,0.2,4719.53
2357,269,3,4355.56,0.1,11760.01
2358,270,1,3310.85,0.2,2648.68
2359,168,1,1435,0.1,1291.5
2359,212,2,3691.31,0,7382.62
2359,234,1,1752.01,0,1752.01
2359,266,1,1513.44,0.1,1362.1
2359,70,2,2565.16,0,5130.32
2360,109,2,500.73,0,1001.46
2360,175,1,797.23,0.2,637.78
2360,35,1,147.11,0,147.11
2361,280,3,990.64,0.1,2674.73
2362,187,1,4233.39,0.1,3810.05
2362,49,1,1365.91,0,1365.91
2362,56,3,886.8,0,2660.4
2362,69,3,2395.28,0.2,5748.67
2363,70,3,2565.16,0.1,6925.93
2363,133,2,4617.75,0.2,7388.4
2363,236,1,3037.97,0.1,2734.17
2364,246,3,358.61,0.2,860.66
2364,69,3,2395.28,0.2,5748.67
2364,224,2,1630.29,0.1,2934.52
2364,101,2,3677.55,0,7355.1
2364,45,2,2210.75,0.2,3537.2
2365,94,3,2572.33,0.2,6173.59
2366,198,3,2228.32,0.2,5347.97
2366,224,2,1630.29,0.1,2934.52
2366,84,2,3865.55,0.1,6957.99
2367,61,1,3565.73,0,3565.73
2368,233,1,3048.45,0.1,2743.61
2369,243,2,2564.2,0,5128.4
2369,179,3,3748.16,0,11244.48
2369,300,1,3405.97,0.2,2724.78
2369,99,2,648.26,0.2,1037.22
2369,172,2,4013.49,0.1,7224.28
2370,187,3,4233.39,0.1,11430.15
2370,48,1,1103.95,0.2,883.16
2371,112,2,2686.4,0,5372.8
2371,94,3,2572.33,0.2,6173.59
2371,241,1,4140.57,0.2,3312.46
2372,11,1,4126.24,0,4126.24
2372,32,3,3229.2,0,9687.6
2373,73,3,4378.53,0.1,11822.03
2374,160,2,961.86,0,1923.72
2375,52,2,4453.5,0.2,7125.6
2375,217,1,1838.37,0.2,1470.7
2375,210,1,161.58,0,161.58
2375,118,1,2699.14,0.2,2159.31
2375,196,1,415.32,0,415.32
2376,56,2,886.8,0.1,1596.24
2377,66,1,610.55,0.1,549.5
2378,82,3,716.07,0.2,1718.57
2378,170,2,2123.49,0.1,3822.28
2378,197,2,3435.53,0,6871.06
2379,260,1,4129.31,0,4129.31
2379,9,3,2541.75,0,7625.25
2379,68,2,998.72,0.2,1597.95
2379,281,3,914.17,0,2742.51
2380,246,3,358.61,0,1075.83
2380,288,3,4205.02,0.1,11353.55
2380,140,1,2103.47,0.2,1682.78
2381,79,3,2449.85,0.1,6614.59
2382,108,2,3213.87,0,6427.74
2383,78,2,3855.59,0.2,6168.94
2383,141,3,1689.08,0.2,4053.79
2383,167,1,3968.26,0.2,3174.61
2383,30,2,4638.28,0.1,8348.9
2384,50,3,4334.05,0.1,11701.94
2384,1,2,1571.14,0.1,2828.05
2385,225,2,841.46,0.1,1514.63
2385,142,1,2632.44,0.1,2369.2
2385,238,3,2511.77,0,7535.31
2385,60,1,4674.62,0,4674.62
2386,103,2,1726.45,0.2,2762.32
2386,89,3,130.17,0.1,351.46
2386,116,1,4729.75,0.1,4256.78
2386,253,2,655.15,0,1310.3
2386,12,1,1645.78,0,1645.78
2387,174,2,4378.44,0.1,7881.19
2387,120,1,2696.47,0.1,2426.82
2387,199,1,1706.15,0,1706.15
2387,300,1,3405.97,0,3405.97
2388,281,2,914.17,0.2,1462.67
2388,189,1,2918.36,0.2,2334.69
2388,274,1,2974.84,0.1,2677.36
2389,35,3,147.11,0,441.33
2389,148,2,2047.04,0.1,3684.67
2389,46,1,3061.47,0.2,2449.18
2389,156,1,4614.81,0,4614.81
2389,215,1,3807.34,0.2,3045.87
2390,83,3,4022.4,0.2,9653.76
2391,182,2,2659.11,0.1,4786.4
2391,87,2,2631.45,0,5262.9
2391,50,2,4334.05,0.1,7801.29
2391,240,3,1075.21,0.2,2580.5
2392,181,3,3568.87,0.2,8565.29
2392,31,3,3542.58,0,10627.74
2393,53,3,4303.7,0.1,11619.99
2393,36,3,649.16,0,1947.48
2393,214,3,956.15,0.2,2294.76
2393,58,2,3807.05,0.1,6852.69
2394,79,1,2449.85,0.2,1959.88
2394,117,2,2823.36,0.2,4517.38
2395,40,1,1192.17,0.2,953.74
2396,214,2,956.15,0,1912.3
2396,86,3,4925.27,0.2,11820.65
2396,247,1,2671.22,0,2671.22
2396,198,2,2228.32,0.2,3565.31
2396,232,2,3920.49,0,7840.98
2397,278,1,2540.74,0.1,2286.67
2397,80,1,2157.78,0,2157.78
2397,134,2,1581.19,0.2,2529.9
2397,181,2,3568.87,0.2,5710.19
2398,46,3,3061.47,0,9184.41
2398,294,3,294.39,0.1,794.85
2398,156,2,4614.81,0.2,7383.7
2399,151,2,4406.48,0.1,7931.66
2400,82,1,716.07,0.1,644.46
2400,3,3,1407.01,0.1,3798.93
2401,266,3,1513.44,0,4540.32
2401,230,2,1046.39,0,2092.78
2402,183,3,2480.1,0,7440.3
2402,141,3,1689.08,0.1,4560.52
2403,130,2,3052.06,0.1,5493.71
2403,32,1,3229.2,0.1,2906.28
2403,101,2,3677.55,0.2,5884.08
2403,147,1,1158.14,0.1,1042.33
2404,264,2,490.72,0.1,883.3
2404,293,1,3384.67,0,3384.67
2405,161,3,2773.7,0.1,7488.99
2406,266,3,1513.44,0,4540.32
2406,146,3,1738.9,0,5216.7
2406,137,1,1005.84,0.1,905.26
2406,185,2,1406.51,0.1,2531.72
2406,118,1,2699.14,0.1,2429.23
2407,48,1,1103.95,0.2,883.16
2407,11,2,4126.24,0.2,6601.98
2408,183,1,2480.1,0.1,2232.09
2408,56,1,886.8,0,886.8
2408,86,3,4925.27,0.1,13298.23
2408,153,3,4053.91,0,12161.73
2408,268,3,4342.22,0.1,11723.99
2409,283,3,1366.35,0.1,3689.14
2409,13,1,3075.58,0,3075.58
2409,297,3,4780.41,0.2,11472.98
2410,108,3,3213.87,0.1,8677.45
2410,35,2,147.11,0,294.22
2410,126,2,1025.69,0.2,1641.1
2411,168,1,1435,0.1,1291.5
2411,28,2,626.91,0,1253.82
2411,23,1,4414.98,0.2,3531.98
2412,170,2,2123.49,0.2,3397.58
2413,201,1,3328.08,0.2,2662.46
2413,281,3,914.17,0,2742.51
2413,17,1,2227.3,0.1,2004.57
2413,291,1,850.79,0.2,680.63
2413,193,1,4029.85,0.2,3223.88
2414,238,3,2511.77,0,7535.31
2414,231,1,671.34,0.2,537.07
2414,23,1,4414.98,0.1,3973.48
2414,270,3,3310.85,0.1,8939.3
2414,181,3,3568.87,0,10706.61
2415,25,1,2807.38,0,2807.38
2415,36,2,649.16,0,1298.32
2415,28,1,626.91,0.2,501.53
2415,287,3,4626.22,0.1,12490.79
2415,193,3,4029.85,0.1,10880.59
2416,36,2,649.16,0.2,1038.66
2416,183,2,2480.1,0,4960.2
2416,155,3,2767.71,0.1,7472.82
2416,61,2,3565.73,0.2,5705.17
2416,259,1,2977.48,0.1,2679.73
2417,86,2,4925.27,0,9850.54
2418,263,3,3765.62,0,11296.86
2418,185,3,1406.51,0.1,3797.58
2418,25,3,2807.38,0.1,7579.93
2418,269,3,4355.56,0.1,11760.01
2418,184,2,3022.86,0.2,4836.58
2419,86,3,4925.27,0.2,11820.65
2419,251,2,148.83,0.2,238.13
2419,192,2,1974.7,0.2,3159.52
2420,121,1,2781.54,0.2,2225.23
2421,3,1,1407.01,0.1,1266.31
2421,31,1,3542.58,0.2,2834.06
2421,246,2,358.61,0.1,645.5
2421,221,1,3628.31,0,3628.31
2422,4,3,4485.44,0.2,10765.06
2422,52,2,4453.5,0,8907
2422,216,1,1354.53,0.2,1083.62
2423,115,1,2411.4,0,2411.4
2423,165,3,1745.41,0.2,4188.98
2423,13,2,3075.58,0.1,5536.04
2423,217,1,1838.37,0,1838.37
2424,96,1,4243.67,0.1,3819.3
2425,253,2,655.15,0.2,1048.24
2425,91,3,1308.63,0,3925.89
2425,202,1,1540.48,0,1540.48
2425,111,2,132.09,0.1,237.76
2425,170,2,2123.49,0.2,3397.58
2426,237,2,3100.61,0.2,4960.98
2427,94,1,2572.33,0,2572.33
2428,135,2,1279.65,0.1,2303.37
2428,166,3,1655.44,0,4966.32
2428,138,1,1616.24,0.2,1292.99
2429,222,3,3519.57,0,10558.71
2429,39,3,1788.8,0.1,4829.76
2429,118,2,2699.14,0,5398.28
2430,151,2,4406.48,0.1,7931.66
2431,60,1,4674.62,0,4674.62
2432,161,2,2773.7,0,5547.4
2432,159,2,807.72,0.1,1453.9
2433,255,2,634.26,0.2,1014.82
2433,212,3,3691.31,0,11073.93
2433,8,1,1531.1,0.2,1224.88
2434,256,1,340.75,0,340.75
2434,86,2,4925.27,0.1,8865.49
2434,189,2,2918.36,0.1,5253.05
2435,33,1,1950.06,0.1,1755.05
2435,179,3,3748.16,0.1,10120.03
2435,30,2,4638.28,0.2,7421.25
2435,199,1,1706.15,0.1,1535.54
2436,245,1,4842.81,0,4842.81
2436,44,1,3885.07,0.2,3108.06
2437,30,1,4638.28,0,4638.28
2437,47,3,2238.71,0.1,6044.52
2437,77,3,3082.83,0,9248.49
2438,256,2,340.75,0.1,613.35
2438,13,2,3075.58,0,6151.16
2439,243,2,2564.2,0,5128.4
2440,282,2,3926.46,0.2,6282.34
2440,269,1,4355.56,0,4355.56
2441,269,2,4355.56,0.2,6968.9
2441,11,2,4126.24,0.2,6601.98
2441,163,1,3977.99,0.1,3580.19
2442,155,1,2767.71,0,2767.71
2442,3,1,1407.01,0,1407.01
2442,291,2,850.79,0.2,1361.26
2442,219,2,134.79,0.1,242.62
2443,264,1,490.72,0.2,392.58
2443,140,1,2103.47,0,2103.47
2443,79,1,2449.85,0,2449.85
2444,156,1,4614.81,0.1,4153.33
2444,205,3,1317.26,0.2,3161.42
2444,97,2,1334.43,0,2668.86
2444,6,1,905.68,0.2,724.54
2445,99,3,648.26,0.1,1750.3
2446,76,2,3589.68,0,7179.36
2446,242,1,4351.59,0,4351.59
2446,224,2,1630.29,0,3260.58
2446,102,3,1655.92,0,4967.76
2447,174,3,4378.44,0.1,11821.79
2447,120,1,2696.47,0.2,2157.18
2448,281,1,914.17,0.1,822.75
2448,119,1,822.62,0,822.62
2448,5,3,4696.11,0.1,12679.5
2449,278,2,2540.74,0,5081.48
2449,109,1,500.73,0.2,400.58
2449,133,3,4617.75,0,13853.25
2449,236,2,3037.97,0,6075.94
2450,87,3,2631.45,0,7894.35
2450,62,1,2655.9,0.2,2124.72
2450,89,3,130.17,0.2,312.41
2450,196,3,415.32,0.2,996.77
2451,37,2,3070.15,0.1,5526.27
2451,168,1,1435,0.2,1148
2451,64,3,2393.81,0.2,5745.14
2451,242,1,4351.59,0,4351.59
2452,131,3,2349.61,0,7048.83
2452,248,3,1314.7,0,3944.1
2452,4,2,4485.44,0,8970.88
2452,276,3,2930.01,0.2,7032.02
2452,255,2,634.26,0.1,1141.67
2453,274,3,2974.84,0,8924.52
2453,199,3,1706.15,0,5118.45
2453,233,2,3048.45,0,6096.9
2453,108,3,3213.87,0.1,8677.45
2454,239,1,3599.71,0.2,2879.77
2454,114,2,2450.58,0.1,4411.04
2454,36,2,649.16,0,1298.32
2454,24,1,4661.82,0,4661.82
2454,296,2,693.33,0.1,1247.99
2455,66,2,610.55,0.1,1098.99
2455,218,3,693.44,0,2080.32
2455,169,1,4666.14,0,4666.14
2456,135,2,1279.65,0.2,2047.44
2456,64,1,2393.81,0.1,2154.43
2456,37,3,3070.15,0.2,7368.36
2456,17,1,2227.3,0.1,2004.57
2457,239,3,3599.71,0.2,8639.3
2457,200,2,456.13,0,912.26
2457,66,2,610.55,0.2,976.88
2457,268,1,4342.22,0.2,3473.78
2457,196,1,415.32,0.2,332.26
2458,7,3,2977.47,0,8932.41
2459,8,1,1531.1,0.2,1224.88
2459,171,3,226.42,0.1,611.33
2459,226,3,2658.25,0,7974.75
2459,195,3,1333.33,0.2,3199.99
2460,54,2,954.56,0.2,1527.3
2460,3,3,1407.01,0.1,3798.93
2460,74,2,3005.42,0,6010.84
2461,9,3,2541.75,0.2,6100.2
2462,265,3,3805.03,0.2,9132.07
2462,146,3,1738.9,0.2,4173.36
2462,111,3,132.09,0,396.27
2462,250,3,2498.75,0.1,6746.62
2462,159,1,807.72,0,807.72
2463,166,1,1655.44,0,1655.44
2463,291,2,850.79,0,1701.58
2463,265,3,3805.03,0.2,9132.07
2464,39,2,1788.8,0.2,2862.08
2464,261,3,3503.75,0.2,8409
2464,232,1,3920.49,0,3920.49
2465,282,2,3926.46,0,7852.92
2466,178,1,113.25,0,113.25
2466,127,1,4510.8,0.2,3608.64
2467,221,1,3628.31,0,3628.31
2467,277,1,3435.47,0,3435.47
2467,137,2,1005.84,0.2,1609.34
2467,104,1,4507.94,0.1,4057.15
2468,247,1,2671.22,0,2671.22
2469,285,2,2791.44,0.1,5024.59
2469,195,3,1333.33,0,3999.99
2469,89,3,130.17,0.2,312.41
2469,76,3,3589.68,0.1,9692.14
2470,241,2,4140.57,0.2,6624.91
2470,273,3,4036.68,0.2,9688.03
2470,195,3,1333.33,0,3999.99
2471,152,3,888.12,0,2664.36
2471,208,3,2962.16,0.2,7109.18
2471,248,1,1314.7,0.1,1183.23
2472,278,3,2540.74,0,7622.22
2473,257,1,4439.91,0,4439.91
2473,281,1,914.17,0.1,822.75
2474,71,1,3792.47,0.1,3413.22
2474,125,3,1471.63,0.2,3531.91
2475,23,3,4414.98,0.2,10595.95
2475,227,1,4186.52,0.2,3349.22
2475,292,1,4156.58,0,4156.58
2475,175,3,797.23,0.1,2152.52
2476,265,3,3805.03,0.1,10273.58
2476,90,3,183.24,0.2,439.78
2476,109,3,500.73,0.1,1351.97
2476,93,1,4086.52,0.1,3677.87
2476,134,1,1581.19,0.1,1423.07
2477,202,2,1540.48,0.1,2772.86
2477,130,3,3052.06,0.1,8240.56
2477,237,2,3100.61,0,6201.22
2477,140,3,2103.47,0.2,5048.33
2477,7,3,2977.47,0.2,7145.93
2478,1,3,1571.14,0,4713.42
2478,131,1,2349.61,0.1,2114.65
2479,109,2,500.73,0,1001.46
2479,29,2,708.63,0,1417.26
2479,182,2,2659.11,0,5318.22
2480,89,1,130.17,0.2,104.14
2481,115,2,2411.4,0,4822.8
2481,220,1,2980.59,0,2980.59
2481,194,3,2773.23,0.2,6655.75
2482,297,3,4780.41,0.1,12907.11
2483,102,1,1655.92,0,1655.92
2483,244,1,3623.71,0,3623.71
2483,166,3,1655.44,0.2,3973.06
2483,204,1,2819.85,0.2,2255.88
2483,58,2,3807.05,0.2,6091.28
2484,155,2,2767.71,0.2,4428.34
2484,219,1,134.79,0.1,121.31
2484,223,1,3793.34,0.2,3034.67
2485,1,3,1571.14,0.2,3770.74
2485,142,2,2632.44,0.1,4738.39
2485,40,2,1192.17,0.2,1907.47
2485,92,2,1893.48,0,3786.96
2485,249,1,2443.3,0.2,1954.64
2486,128,3,4900.43,0.1,13231.16
2487,149,2,4047.23,0.2,6475.57
2488,241,3,4140.57,0.2,9937.37
2488,53,3,4303.7,0.2,10328.88
2488,237,3,3100.61,0.2,7441.46
2489,271,1,4563.65,0,4563.65
2489,62,1,2655.9,0.2,2124.72
2489,189,2,2918.36,0,5836.72
2489,296,1,693.33,0.1,624
2490,31,1,3542.58,0.1,3188.32
2490,81,1,709.48,0.2,567.58
2491,145,3,1799.29,0.2,4318.3
2491,206,1,789.54,0.1,710.59
2492,43,1,241.69,0.1,217.52
2492,125,3,1471.63,0.1,3973.4
2492,162,2,3712.96,0.2,5940.74
2492,220,2,2980.59,0.1,5365.06
2493,256,2,340.75,0,681.5
2493,56,1,886.8,0,886.8
2493,212,2,3691.31,0.1,6644.36
2493,179,2,3748.16,0.2,5997.06
2494,245,2,4842.81,0.1,8717.06
2494,36,1,649.16,0.2,519.33
2494,9,1,2541.75,0,2541.75
2494,222,1,3519.57,0.1,3167.61
2494,96,2,4243.67,0,8487.34
2495,252,1,3127.93,0,3127.93
2495,133,3,4617.75,0.1,12467.93
2496,297,2,4780.41,0.2,7648.66
2496,266,1,1513.44,0.1,1362.1
2496,282,2,3926.46,0.2,6282.34
2497,265,3,3805.03,0,11415.09
2497,247,2,2671.22,0.2,4273.95
2497,295,1,2343.7,0,2343.7
2498,69,3,2395.28,0,7185.84
2499,291,1,850.79,0,850.79
2499,71,1,3792.47,0,3792.47
2499,287,1,4626.22,0.1,4163.6
2500,69,2,2395.28,0.2,3832.45
2500,114,3,2450.58,0,7351.74
2500,113,1,180.63,0.2,144.5
2501,46,2,3061.47,0,6122.94
2501,98,3,1535.92,0.1,4146.98
2501,257,3,4439.91,0.2,10655.78
2502,36,3,649.16,0.1,1752.73
2502,256,1,340.75,0.1,306.68
2502,208,1,2962.16,0.1,2665.94
2502,181,3,3568.87,0,10706.61
2503,47,2,2238.71,0.1,4029.68
2504,276,1,2930.01,0.1,2637.01
2504,189,3,2918.36,0.2,7004.06
2505,282,3,3926.46,0,11779.38
2505,267,1,4752.35,0,4752.35
2506,180,3,655.78,0.1,1770.61
2507,249,3,2443.3,0,7329.9
2507,27,1,4687.97,0.1,4219.17
2507,115,3,2411.4,0,7234.2
2507,123,2,823.42,0.1,1482.16
2508,50,2,4334.05,0,8668.1
2508,7,2,2977.47,0.2,4763.95
2508,151,3,4406.48,0,13219.44
2508,192,2,1974.7,0.2,3159.52
2509,267,2,4752.35,0.2,7603.76
2510,99,2,648.26,0,1296.52
2510,42,3,1883.45,0.1,5085.32
2511,158,2,3200.7,0.2,5121.12
2511,177,2,1279.69,0,2559.38
2512,20,1,670.4,0.2,536.32
2513,138,3,1616.24,0,4848.72
2513,35,3,147.11,0.2,353.06
2513,149,2,4047.23,0.1,7285.01
2514,34,3,3132.01,0.2,7516.82
2514,103,2,1726.45,0.2,2762.32
2514,284,2,1844.85,0.1,3320.73
2515,218,1,693.44,0.2,554.75
2515,110,1,478.85,0.2,383.08
2515,88,2,555.9,0.2,889.44
2515,298,3,2955.32,0.1,7979.36
2516,297,2,4780.41,0.1,8604.74
2516,23,1,4414.98,0.2,3531.98
2516,110,1,478.85,0.1,430.97
2517,254,2,1160.5,0.2,1856.8
2518,132,3,1515.14,0.2,3636.34
2518,198,1,2228.32,0,2228.32
2518,155,2,2767.71,0.2,4428.34
2519,94,2,2572.33,0,5144.66
2519,178,1,113.25,0,113.25
2519,248,3,1314.7,0.2,3155.28
2519,260,2,4129.31,0.1,7432.76
2519,68,3,998.72,0.1,2696.54
2520,261,1,3503.75,0,3503.75
2520,293,3,3384.67,0.1,9138.61
2520,162,1,3712.96,0.2,2970.37
2520,140,2,2103.47,0.1,3786.25
2520,279,3,347.7,0,1043.1
2521,282,3,3926.46,0.1,10601.44
2521,214,1,956.15,0.1,860.53
2522,220,1,2980.59,0.1,2682.53
2522,20,1,670.4,0.2,536.32
2523,173,2,3917.1,0.2,6267.36
2523,85,2,4346.15,0,8692.3
2523,81,3,709.48,0,2128.44
2524,129,2,2531.28,0,5062.56
2524,299,2,2527.49,0,5054.98
2524,178,2,113.25,0,226.5
2525,124,3,319.5,0.2,766.8
2525,170,2,2123.49,0.2,3397.58
2525,36,1,649.16,0.2,519.33
2526,149,1,4047.23,0.1,3642.51
2526,118,3,2699.14,0.2,6477.94
2526,85,1,4346.15,0,4346.15
2526,185,1,1406.51,0.2,1125.21
2526,154,3,3505.06,0.2,8412.14
2527,25,1,2807.38,0.2,2245.9
2527,179,1,3748.16,0.1,3373.34
2527,157,2,1420.43,0,2840.86
2527,12,3,1645.78,0,4937.34
2527,188,2,270.55,0.1,486.99
2528,79,2,2449.85,0.2,3919.76
2528,207,1,4279.16,0.1,3851.24
2529,80,1,2157.78,0,2157.78
2530,56,1,886.8,0.2,709.44
2531,111,3,132.09,0,396.27
2531,245,3,4842.81,0,14528.43
2531,26,2,1802.56,0.2,2884.1
2531,130,1,3052.06,0,3052.06
2532,7,2,2977.47,0.1,5359.45
2532,61,1,3565.73,0.2,2852.58
2532,256,2,340.75,0.2,545.2
2533,68,2,998.72,0,1997.44
2533,213,1,2436.3,0.1,2192.67
2534,166,1,1655.44,0.1,1489.9
2534,80,3,2157.78,0.2,5178.67
2535,243,2,2564.2,0,5128.4
2535,101,3,3677.55,0.1,9929.39
2535,217,3,1838.37,0.2,4412.09
2535,172,2,4013.49,0,8026.98
2536,166,2,1655.44,0.2,2648.7
2536,195,2,1333.33,0,2666.66
2536,70,3,2565.16,0.2,6156.38
2537,233,3,3048.45,0,9145.35
2538,266,3,1513.44,0.2,3632.26
2538,132,2,1515.14,0.1,2727.25
2538,166,2,1655.44,0.2,2648.7
2538,213,2,2436.3,0.1,4385.34
2539,65,3,4314.56,0.2,10354.94
2539,187,3,4233.39,0.1,11430.15
2540,277,1,3435.47,0.2,2748.38
2541,75,1,3915.6,0.1,3524.04
2541,246,2,358.61,0.1,645.5
2541,2,1,162.86,0,162.86
2541,170,2,2123.49,0.2,3397.58
2542,275,1,1095.75,0.1,986.18
2543,218,1,693.44,0.1,624.1
2543,294,2,294.39,0.1,529.9
2543,182,1,2659.11,0,2659.11
2543,185,1,1406.51,0,1406.51
2544,103,1,1726.45,0,1726.45
2544,89,2,130.17,0.1,234.31
2544,67,2,1384.47,0.2,2215.15
2545,14,3,4246.91,0,12740.73
2545,41,1,4424.05,0,4424.05
2545,206,3,789.54,0.2,1894.9
2546,63,2,4344.14,0.2,6950.62
2546,249,2,2443.3,0,4886.6
2546,179,1,3748.16,0.1,3373.34
2547,20,2,670.4,0.1,1206.72
2547,83,3,4022.4,0.1,10860.48
2547,73,3,4378.53,0.1,11822.03
2547,202,1,1540.48,0,1540.48
2547,158,3,3200.7,0,9602.1
2548,13,3,3075.58,0.1,8304.07
2549,173,1,3917.1,0,3917.1
2549,122,3,1254.11,0,3762.33
2550,155,1,2767.71,0,2767.71
2550,92,2,1893.48,0.1,3408.26
2551,89,3,130.17,0.1,351.46
2551,32,3,3229.2,0,9687.6
2552,52,1,4453.5,0.1,4008.15
2553,41,3,4424.05,0,13272.15
2553,253,2,655.15,0.2,1048.24
2554,274,3,2974.84,0.2,7139.62
2554,271,2,4563.65,0.2,7301.84
2555,226,1,2658.25,0.2,2126.6
2555,63,3,4344.14,0,13032.42
2555,90,1,183.24,0.1,164.92
2556,154,2,3505.06,0.2,5608.1
2556,33,3,1950.06,0.2,4680.14
2556,13,1,3075.58,0,3075.58
2557,172,2,4013.49,0.2,6421.58
2557,246,2,358.61,0.1,645.5
2558,212,1,3691.31,0.1,3322.18
2559,53,1,4303.7,0,4303.7
2559,97,2,1334.43,0.2,2135.09
2560,149,2,4047.23,0.1,7285.01
2560,26,1,1802.56,0,1802.56
2561,250,2,2498.75,0.2,3998
2561,195,2,1333.33,0.1,2399.99
2561,185,3,1406.51,0.2,3375.62
2562,176,3,4859.23,0,14577.69
2562,10,3,4384.24,0.1,11837.45
2562,115,1,2411.4,0.1,2170.26
2562,246,1,358.61,0.1,322.75
2562,277,1,3435.47,0.2,2748.38
2563,19,3,175.58,0.2,421.39
2563,285,2,2791.44,0.1,5024.59
2563,50,1,4334.05,0.1,3900.65
2564,266,3,1513.44,0.1,4086.29
2564,224,2,1630.29,0.1,2934.52
2564,19,3,175.58,0.1,474.07
2564,200,2,456.13,0,912.26
2564,97,1,1334.43,0.2,1067.54
2565,111,1,132.09,0.1,118.88
2565,98,3,1535.92,0,4607.76
2565,105,2,985.57,0.1,1774.03
2565,208,1,2962.16,0.1,2665.94
2565,246,1,358.61,0,358.61
2566,68,2,998.72,0.1,1797.7
2566,289,1,1989.64,0.2,1591.71
2566,203,3,4122.66,0.2,9894.38
2567,135,2,1279.65,0,2559.3
2567,240,1,1075.21,0,1075.21
2568,236,2,3037.97,0,6075.94
2568,77,1,3082.83,0.2,2466.26
2568,185,2,1406.51,0.1,2531.72
2569,32,2,3229.2,0.2,5166.72
2569,192,1,1974.7,0,1974.7
2569,139,3,3351.42,0.1,9048.83
2569,278,2,2540.74,0.1,4573.33
2570,273,3,4036.68,0,12110.04
2570,128,2,4900.43,0.2,7840.69
2570,162,1,3712.96,0.2,2970.37
2570,187,1,4233.39,0.1,3810.05
2570,186,3,4809.64,0,14428.92
2571,282,2,3926.46,0.2,6282.34
2571,130,2,3052.06,0,6104.12
2572,263,1,3765.62,0.1,3389.06
2572,143,1,2349.66,0.1,2114.69
2572,97,1,1334.43,0.1,1200.99
2572,116,1,4729.75,0.2,3783.8
2573,192,2,1974.7,0,3949.4
2573,69,3,2395.28,0,7185.84
2573,97,1,1334.43,0.1,1200.99
2573,244,1,3623.71,0.1,3261.34
2574,232,3,3920.49,0.1,10585.32
2574,214,3,956.15,0.1,2581.61
2575,144,3,2500.85,0,7502.55
2575,132,1,1515.14,0,1515.14
2575,68,3,998.72,0,2996.16
2575,64,3,2393.81,0,7181.43
2575,86,1,4925.27,0,4925.27
2576,24,2,4661.82,0.2,7458.91
2577,109,2,500.73,0.2,801.17
2577,85,2,4346.15,0.2,6953.84
2577,284,1,1844.85,0.2,1475.88
2578,206,3,789.54,0.1,2131.76
2578,131,2,2349.61,0.2,3759.38
2578,155,3,2767.71,0,8303.13
2578,23,3,4414.98,0.2,10595.95
2579,181,1,3568.87,0.1,3211.98
2579,268,2,4342.22,0.1,7816
2579,164,3,816.74,0.1,2205.2
2579,141,1,1689.08,0.2,1351.26
2580,139,2,3351.42,0.2,5362.27
2580,27,2,4687.97,0.1,8438.35
2580,103,3,1726.45,0,5179.35
2581,212,3,3691.31,0,11073.93
2581,248,3,1314.7,0.1,3549.69
2581,224,1,1630.29,0,1630.29
2581,160,2,961.86,0.1,1731.35
2581,162,2,3712.96,0.1,6683.33
2582,263,2,3765.62,0.1,6778.12
2582,69,1,2395.28,0.1,2155.75
2583,288,3,4205.02,0.2,10092.05
2583,26,1,1802.56,0,1802.56
2583,17,2,2227.3,0.2,3563.68
2583,234,1,1752.01,0,1752.01
2584,146,1,1738.9,0.1,1565.01
2584,22,3,3109.21,0.2,7462.1
2584,220,1,2980.59,0.2,2384.47
2584,289,2,1989.64,0.2,3183.42
2584,300,3,3405.97,0.1,9196.12
2585,92,1,1893.48,0.2,1514.78
2586,100,3,4054.92,0,12164.76
2586,2,3,162.86,0.1,439.72
2586,128,2,4900.43,0.2,7840.69
2586,40,1,1192.17,0,1192.17
2586,49,2,1365.91,0.2,2185.46
2587,132,3,1515.14,0,4545.42
2587,175,3,797.23,0,2391.69
2587,126,3,1025.69,0,3077.07
2587,71,2,3792.47,0,7584.94
2588,132,1,1515.14,0,1515.14
2589,4,1,4485.44,0.1,4036.9
2589,3,2,1407.01,0,2814.02
2589,233,2,3048.45,0.2,4877.52
2589,209,3,4282.34,0,12847.02
2590,239,1,3599.71,0.2,2879.77
2590,285,3,2791.44,0.2,6699.46
2590,175,1,797.23,0.1,717.51
2590,157,3,1420.43,0.1,3835.16
2590,225,2,841.46,0.1,1514.63
2591,48,2,1103.95,0.1,1987.11
2592,142,3,2632.44,0,7897.32
2592,176,3,4859.23,0,14577.69
2592,114,1,2450.58,0.2,1960.46
2593,252,3,3127.93,0.1,8445.41
2593,167,1,3968.26,0.1,3571.43
2593,176,3,4859.23,0,14577.69
2594,16,3,3952.33,0.1,10671.29
2594,85,1,4346.15,0.1,3911.53
2595,115,3,2411.4,0.2,5787.36
2595,270,3,3310.85,0,9932.55
2595,55,2,4758.22,0.2,7613.15
2596,243,3,2564.2,0.1,6923.34
2597,245,2,4842.81,0.2,7748.5
2597,220,3,2980.59,0.2,7153.42
2597,126,2,1025.69,0,2051.38
2597,9,3,2541.75,0,7625.25
2598,254,2,1160.5,0,2321
2598,260,2,4129.31,0,8258.62
2598,267,1,4752.35,0.2,3801.88
2598,30,3,4638.28,0,13914.84
2599,74,1,3005.42,0.1,2704.88
2599,282,2,3926.46,0.2,6282.34
2599,44,3,3885.07,0,11655.21
2600,292,3,4156.58,0,12469.74
2601,59,3,2724.81,0.2,6539.54
2601,126,1,1025.69,0.1,923.12
2602,38,1,1830.1,0.1,1647.09
2602,16,3,3952.33,0.1,10671.29
2602,158,2,3200.7,0.1,5761.26
2602,168,2,1435,0.1,2583
2602,95,1,1944.44,0,1944.44
2603,75,1,3915.6,0.1,3524.04
2603,149,3,4047.23,0.2,9713.35
2604,247,2,2671.22,0.2,4273.95
2604,240,1,1075.21,0.1,967.69
2604,274,3,2974.84,0,8924.52
2604,95,2,1944.44,0.1,3499.99
2605,237,1,3100.61,0.2,2480.49
2605,189,1,2918.36,0.1,2626.52
2605,218,3,693.44,0.2,1664.26
2606,52,3,4453.5,0.1,12024.45
2607,287,1,4626.22,0.2,3700.98
2607,65,2,4314.56,0.1,7766.21
2607,69,2,2395.28,0,4790.56
2607,218,3,693.44,0,2080.32
2607,74,2,3005.42,0,6010.84
2608,251,1,148.83,0,148.83
2609,262,3,579.31,0.1,1564.14
2609,252,1,3127.93,0.2,2502.34
2609,285,1,2791.44,0.2,2233.15
2609,56,3,886.8,0.1,2394.36
2609,142,3,2632.44,0.2,6317.86
2610,90,1,183.24,0.2,146.59
2610,186,1,4809.64,0,4809.64
2610,151,3,4406.48,0.1,11897.5
2610,55,1,4758.22,0.2,3806.58
2611,149,1,4047.23,0.1,3642.51
2611,172,3,4013.49,0.1,10836.42
2611,239,3,3599.71,0.2,8639.3
2612,70,1,2565.16,0,2565.16
2612,152,3,888.12,0.2,2131.49
2612,32,3,3229.2,0,9687.6
2612,296,1,693.33,0.2,554.66
2612,170,1,2123.49,0.1,1911.14
2613,76,2,3589.68,0,7179.36
2613,165,1,1745.41,0,1745.41
2613,144,1,2500.85,0,2500.85
2613,171,2,226.42,0.1,407.56
2613,69,1,2395.28,0.2,1916.22
2614,181,2,3568.87,0.1,6423.97
2614,55,2,4758.22,0.1,8564.8
2614,269,2,4355.56,0,8711.12
2614,39,2,1788.8,0.1,3219.84
2615,79,1,2449.85,0.2,1959.88
2615,253,3,655.15,0,1965.45
2615,85,1,4346.15,0,4346.15
2616,184,1,3022.86,0.1,2720.57
2616,289,1,1989.64,0.2,1591.71
2616,264,1,490.72,0,490.72
2616,223,2,3793.34,0.1,6828.01
2617,117,2,2823.36,0,5646.72
2617,79,2,2449.85,0.2,3919.76
2617,70,2,2565.16,0,5130.32
2617,286,1,3079.76,0,3079.76
2618,258,2,3042.51,0,6085.02
2618,195,3,1333.33,0.2,3199.99
2619,270,3,3310.85,0.2,7946.04
2619,161,2,2773.7,0,5547.4
2619,208,1,2962.16,0.1,2665.94
2619,246,2,358.61,0.2,573.78
2620,295,1,2343.7,0,2343.7
2620,5,2,4696.11,0,9392.22
2620,275,2,1095.75,0.2,1753.2
2621,183,3,2480.1,0,7440.3
2622,139,3,3351.42,0,10054.26
2623,121,2,2781.54,0.1,5006.77
2623,122,3,1254.11,0.2,3009.86
2623,132,3,1515.14,0.2,3636.34
2624,129,2,2531.28,0.2,4050.05
2624,83,1,4022.4,0.2,3217.92
2624,240,3,1075.21,0.1,2903.07
2624,56,2,886.8,0.1,1596.24
2625,243,1,2564.2,0.1,2307.78
2625,59,2,2724.81,0,5449.62
2625,32,2,3229.2,0.2,5166.72
2625,51,1,3723.25,0.1,3350.93
2625,190,2,1962.53,0.2,3140.05
2626,181,2,3568.87,0,7137.74
2626,131,2,2349.61,0,4699.22
2626,44,3,3885.07,0,11655.21
2626,69,2,2395.28,0.2,3832.45
2627,71,3,3792.47,0.1,10239.67
2627,287,3,4626.22,0.1,12490.79
2627,24,3,4661.82,0.1,12586.91
2627,239,3,3599.71,0.2,8639.3
2627,213,1,2436.3,0.2,1949.04
2628,95,3,1944.44,0,5833.32
2628,272,1,1711.82,0,1711.82
2629,124,3,319.5,0.1,862.65
2629,190,2,1962.53,0.1,3532.55
2629,59,1,2724.81,0,2724.81
2629,135,2,1279.65,0.1,2303.37
2629,37,1,3070.15,0.2,2456.12
2630,202,3,1540.48,0.1,4159.3
2630,228,3,4818.58,0,14455.74
2630,160,2,961.86,0.1,1731.35
2630,132,2,1515.14,0,3030.28
2631,70,1,2565.16,0.1,2308.64
2631,167,2,3968.26,0,7936.52
2632,110,2,478.85,0.1,861.93
2632,81,1,709.48,0.2,567.58
2632,183,3,2480.1,0.1,6696.27
2632,210,2,161.58,0.1,290.84
2632,239,3,3599.71,0.1,9719.22
2633,68,2,998.72,0.1,1797.7
2633,131,2,2349.61,0,4699.22
2634,183,3,2480.1,0,7440.3
2634,93,1,4086.52,0.1,3677.87
2635,113,1,180.63,0,180.63
2635,178,3,113.25,0.1,305.78
2635,88,2,555.9,0.2,889.44
2636,60,1,4674.62,0.2,3739.7
2636,294,3,294.39,0,883.17
2636,198,2,2228.32,0.1,4010.98
2636,156,1,4614.81,0.2,3691.85
2637,297,2,4780.41,0.2,7648.66
2637,16,2,3952.33,0.2,6323.73
2637,23,3,4414.98,0.2,10595.95
2638,193,2,4029.85,0,8059.7
2638,85,1,4346.15,0.2,3476.92
2639,195,3,1333.33,0.2,3199.99
2639,87,2,2631.45,0,5262.9
2640,157,1,1420.43,0,1420.43
2640,269,2,4355.56,0.1,7840.01
2640,233,1,3048.45,0,3048.45
2640,272,2,1711.82,0.1,3081.28
2640,186,1,4809.64,0,4809.64
2641,98,2,1535.92,0.1,2764.66
2641,139,2,3351.42,0,6702.84
2642,89,3,130.17,0.1,351.46
2643,190,2,1962.53,0,3925.06
2643,19,1,175.58,0.1,158.02
2644,87,3,2631.45,0.1,7104.91
2644,134,1,1581.19,0,1581.19
2644,20,3,670.4,0,2011.2
2644,275,3,1095.75,0,3287.25
2644,140,1,2103.47,0,2103.47
2645,272,3,1711.82,0.2,4108.37
2645,228,3,4818.58,0.1,13010.17
2645,157,2,1420.43,0,2840.86
2645,35,3,147.11,0.2,353.06
2646,182,2,2659.11,0,5318.22
2647,113,3,180.63,0.1,487.7
2647,75,2,3915.6,0.1,7048.08
2648,99,1,648.26,0.1,583.43
2648,58,1,3807.05,0.1,3426.35
2648,122,1,1254.11,0.2,1003.29
2649,33,2,1950.06,0.1,3510.11
2650,168,1,1435,0.2,1148
2650,199,1,1706.15,0.1,1535.54
2650,206,2,789.54,0,1579.08
2650,271,3,4563.65,0.2,10952.76
2650,287,2,4626.22,0.1,8327.2
2651,62,1,2655.9,0.2,2124.72
2652,123,2,823.42,0.2,1317.47
2652,58,1,3807.05,0,3807.05
2653,119,2,822.62,0.2,1316.19
2654,105,3,985.57,0,2956.71
2654,267,2,4752.35,0.2,7603.76
2654,214,3,956.15,0.2,2294.76
2654,112,2,2686.4,0.1,4835.52
2655,75,3,3915.6,0.1,10572.12
2655,213,3,2436.3,0.2,5847.12
2656,103,2,1726.45,0,3452.9
2656,260,3,4129.31,0.2,9910.34
2656,24,1,4661.82,0.2,3729.46
2656,168,3,1435,0,4305
2657,274,3,2974.84,0.2,7139.62
2657,235,2,1157.47,0.1,2083.45
2657,107,2,171.93,0.1,309.47
2658,245,1,4842.81,0.2,3874.25
2658,194,1,2773.23,0,2773.23
2658,178,3,113.25,0.1,305.78
2659,231,3,671.34,0.1,1812.62
2659,252,3,3127.93,0.1,8445.41
2659,86,2,4925.27,0.2,7880.43
2660,130,1,3052.06,0.2,2441.65
2660,249,1,2443.3,0.2,1954.64
2660,14,3,4246.91,0.1,11466.66
2660,208,2,2962.16,0,5924.32
2661,76,1,3589.68,0,3589.68
2661,82,3,716.07,0,2148.21
2661,235,2,1157.47,0.1,2083.45
2661,161,3,2773.7,0.2,6656.88
2662,180,2,655.78,0.1,1180.4
2662,274,1,2974.84,0.1,2677.36
2662,200,3,456.13,0.2,1094.71
2663,144,3,2500.85,0.1,6752.29
2663,5,3,4696.11,0,14088.33
2663,27,2,4687.97,0,9375.94
2663,291,3,850.79,0.2,2041.9
2664,218,1,693.44,0.2,554.75
2664,188,3,270.55,0.1,730.49
2664,91,2,1308.63,0.1,2355.53
2665,260,1,4129.31,0.1,3716.38
2665,212,2,3691.31,0.1,6644.36
2665,108,1,3213.87,0.2,2571.1
2666,185,2,1406.51,0.2,2250.42
2666,299,3,2527.49,0.1,6824.22
2666,242,2,4351.59,0.1,7832.86
2666,106,1,1023.38,0.1,921.04
2666,198,2,2228.32,0,4456.64
2667,126,2,1025.69,0,2051.38
2667,55,3,4758.22,0.1,12847.19
2667,245,2,4842.81,0.2,7748.5
2667,4,2,4485.44,0.2,7176.7
2667,272,3,1711.82,0,5135.46
2668,35,2,147.11,0,294.22
2669,193,2,4029.85,0,8059.7
2669,259,1,2977.48,0.2,2381.98
2669,97,3,1334.43,0.1,3602.96
2669,156,3,4614.81,0.2,11075.54
2670,157,3,1420.43,0.1,3835.16
2670,205,1,1317.26,0.1,1185.53
2670,61,3,3565.73,0.1,9627.47
2670,154,3,3505.06,0.2,8412.14
2671,220,1,2980.59,0.1,2682.53
2672,199,1,1706.15,0,1706.15
2672,193,2,4029.85,0.1,7253.73
2672,12,2,1645.78,0.2,2633.25
2672,240,3,1075.21,0.2,2580.5
2673,242,2,4351.59,0.1,7832.86
2673,101,3,3677.55,0.2,8826.12
2673,249,1,2443.3,0,2443.3
2673,29,1,708.63,0,708.63
2674,21,2,2599.67,0.1,4679.41
2674,28,3,626.91,0,1880.73
2674,224,2,1630.29,0.1,2934.52
2674,251,2,148.83,0.2,238.13
2674,222,2,3519.57,0,7039.14
2675,3,1,1407.01,0.2,1125.61
2675,73,2,4378.53,0.2,7005.65
2676,202,1,1540.48,0.1,1386.43
2676,130,2,3052.06,0,6104.12
2677,267,3,4752.35,0.2,11405.64
2678,231,2,671.34,0.2,1074.14
2678,236,2,3037.97,0.2,4860.75
2678,124,2,319.5,0.1,575.1
2678,268,1,4342.22,0.1,3908
2679,231,2,671.34,0.2,1074.14
2680,159,2,807.72,0.1,1453.9
2680,173,1,3917.1,0.2,3133.68
2680,296,2,693.33,0.1,1247.99
2680,134,3,1581.19,0.2,3794.86
2681,3,3,1407.01,0.1,3798.93
2682,296,1,693.33,0.2,554.66
2682,67,3,1384.47,0.2,3322.73
2682,248,3,1314.7,0,3944.1
2682,229,3,1081.83,0.2,2596.39
2682,264,3,490.72,0.1,1324.94
2683,188,1,270.55,0.2,216.44
2683,82,1,716.07,0,716.07
2684,121,3,2781.54,0,8344.62
2684,131,3,2349.61,0,7048.83
2684,246,1,358.61,0.1,322.75
2685,248,1,1314.7,0.2,1051.76
2686,156,1,4614.81,0.1,4153.33
2687,155,3,2767.71,0,8303.13
2687,143,1,2349.66,0.1,2114.69
2687,182,3,2659.11,0.2,6381.86
2687,33,2,1950.06,0.1,3510.11
2687,105,2,985.57,0.2,1576.91
2688,290,2,1966.47,0.1,3539.65
2688,190,1,1962.53,0.1,1766.28
2688,246,2,358.61,0.2,573.78
2688,88,1,555.9,0.2,444.72
2688,64,2,2393.81,0,4787.62
2689,121,2,2781.54,0.1,5006.77
2689,1,3,1571.14,0.1,4242.08
2689,136,3,835.08,0.2,2004.19
2689,202,2,1540.48,0,3080.96
2689,91,2,1308.63,0.2,2093.81
2690,123,1,823.42,0.2,658.74
2690,97,2,1334.43,0,2668.86
2690,207,2,4279.16,0.2,6846.66
2690,18,1,534.95,0.2,427.96
2690,180,1,655.78,0.2,524.62
2691,143,1,2349.66,0,2349.66
2691,112,1,2686.4,0.2,2149.12
2691,93,1,4086.52,0.2,3269.22
2691,227,2,4186.52,0.1,7535.74
2691,276,3,2930.01,0.2,7032.02
2692,293,3,3384.67,0,10154.01
2692,71,2,3792.47,0.2,6067.95
2693,128,2,4900.43,0.1,8820.77
2694,138,3,1616.24,0.1,4363.85
2694,236,2,3037.97,0,6075.94
2694,258,2,3042.51,0,6085.02
2694,115,3,2411.4,0,7234.2
2694,123,1,823.42,0.1,741.08
2695,228,3,4818.58,0.1,13010.17
2695,259,1,2977.48,0,2977.48
2695,30,3,4638.28,0,13914.84
2696,71,2,3792.47,0.2,6067.95
2697,175,1,797.23,0.2,637.78
2697,63,1,4344.14,0,4344.14
2697,295,3,2343.7,0.1,6327.99
2698,283,1,1366.35,0.1,1229.71
2699,25,2,2807.38,0,5614.76
2700,187,3,4233.39,0,12700.17
2700,145,1,1799.29,0.2,1439.43
2700,189,1,2918.36,0.1,2626.52
2700,138,2,1616.24,0.2,2585.98
2701,297,3,4780.41,0.1,12907.11
2701,236,3,3037.97,0.2,7291.13
2701,141,1,1689.08,0,1689.08
2701,157,2,1420.43,0.2,2272.69
2702,234,3,1752.01,0,5256.03
2702,254,3,1160.5,0.2,2785.2
2702,225,1,841.46,0,841.46
2702,38,3,1830.1,0.2,4392.24
2702,264,1,490.72,0.1,441.65
2703,105,3,985.57,0.1,2661.04
2703,81,1,709.48,0,709.48
2704,233,1,3048.45,0.2,2438.76
2704,275,2,1095.75,0.1,1972.35
2705,55,3,4758.22,0.1,12847.19
2706,238,1,2511.77,0.2,2009.42
2706,100,1,4054.92,0.2,3243.94
2706,201,2,3328.08,0.2,5324.93
2707,174,2,4378.44,0.1,7881.19
2707,180,3,655.78,0,1967.34
2707,300,3,3405.97,0.1,9196.12
2707,111,3,132.09,0.2,317.02
2708,111,2,132.09,0,264.18
2708,240,2,1075.21,0.2,1720.34
2708,4,1,4485.44,0.1,4036.9
2708,156,1,4614.81,0.1,4153.33
2709,70,1,2565.16,0,2565.16
2709,121,2,2781.54,0.2,4450.46
2709,151,2,4406.48,0,8812.96
2710,67,3,1384.47,0.2,3322.73
2710,19,1,175.58,0.2,140.46
2710,149,1,4047.23,0.1,3642.51
2710,40,3,1192.17,0.2,2861.21
2710,114,3,2450.58,0.2,5881.39
2711,145,3,1799.29,0.2,4318.3
2712,281,2,914.17,0,1828.34
2712,36,1,649.16,0,649.16
2712,92,2,1893.48,0,3786.96
2713,212,3,3691.31,0.1,9966.54
2713,201,3,3328.08,0.2,7987.39
2713,103,3,1726.45,0,5179.35
2713,57,2,924.14,0,1848.28
2713,160,3,961.86,0.2,2308.46
2714,67,3,1384.47,0.1,3738.07
2715,81,3,709.48,0.1,1915.6
2715,138,2,1616.24,0,3232.48
2715,109,1,500.73,0,500.73
2716,43,3,241.69,0.2,580.06
2716,38,2,1830.1,0.1,3294.18
2716,11,2,4126.24,0.2,6601.98
2716,44,1,3885.07,0.2,3108.06
2716,286,1,3079.76,0,3079.76
2717,280,3,990.64,0.1,2674.73
2717,255,3,634.26,0,1902.78
2717,205,2,1317.26,0.2,2107.62
2717,270,2,3310.85,0.2,5297.36
2717,63,3,4344.14,0.1,11729.18
2718,109,3,500.73,0,1502.19
2719,219,1,134.79,0.2,107.83
2719,56,1,886.8,0,886.8
2719,80,3,2157.78,0.2,5178.67
2719,278,2,2540.74,0,5081.48
2720,201,3,3328.08,0.1,8985.82
2720,299,1,2527.49,0.1,2274.74
2720,43,1,241.69,0.1,217.52
2721,129,1,2531.28,0,2531.28
2721,170,1,2123.49,0,2123.49
2722,5,2,4696.11,0.2,7513.78
2722,86,1,4925.27,0,4925.27
2722,136,1,835.08,0.2,668.06
2722,298,2,2955.32,0.1,5319.58
2723,19,1,175.58,0,175.58
2723,83,2,4022.4,0.1,7240.32
2723,297,2,4780.41,0,9560.82
2723,291,3,850.79,0,2552.37
2724,113,3,180.63,0.1,487.7
2725,133,2,4617.75,0.2,7388.4
2725,8,2,1531.1,0.1,2755.98
2725,22,1,3109.21,0,3109.21
2726,226,2,2658.25,0.1,4784.85
2726,26,3,1802.56,0,5407.68
2726,213,2,2436.3,0.1,4385.34
2726,71,2,3792.47,0.2,6067.95
2726,73,2,4378.53,0.1,7881.35
2727,36,3,649.16,0,1947.48
2728,94,2,2572.33,0,5144.66
2728,250,3,2498.75,0,7496.25
2728,253,2,655.15,0.1,1179.27
2729,73,3,4378.53,0.2,10508.47
2729,9,2,2541.75,0,5083.5
2729,84,2,3865.55,0,7731.1
2730,299,2,2527.49,0,5054.98
2730,288,2,4205.02,0.1,7569.04
2730,276,3,2930.01,0.2,7032.02
2730,80,1,2157.78,0.1,1942
2730,44,3,3885.07,0.2,9324.17
2731,180,1,655.78,0,655.78
2731,263,3,3765.62,0,11296.86
2731,228,3,4818.58,0.2,11564.59
2732,18,2,534.95,0,1069.9
2732,121,2,2781.54,0.2,4450.46
2732,84,1,3865.55,0.2,3092.44
2732,172,1,4013.49,0.1,3612.14
2733,41,3,4424.05,0.1,11944.94
2733,235,2,1157.47,0.2,1851.95
2733,285,2,2791.44,0.2,4466.3
2733,86,1,4925.27,0.2,3940.22
2733,58,1,3807.05,0.1,3426.35
2734,117,1,2823.36,0.1,2541.02
2735,152,3,888.12,0.1,2397.92
2735,97,1,1334.43,0.1,1200.99
2735,156,1,4614.81,0,4614.81
2735,46,2,3061.47,0.2,4898.35
2735,262,1,579.31,0,579.31
2736,211,1,2468.4,0,2468.4
2737,296,2,693.33,0.1,1247.99
2737,183,2,2480.1,0.2,3968.16
2737,271,3,4563.65,0.1,12321.85
2737,291,1,850.79,0,850.79
2737,198,1,2228.32,0.1,2005.49
2738,81,3,709.48,0.1,1915.6
2738,245,1,4842.81,0.1,4358.53
2738,34,1,3132.01,0,3132.01
2739,288,3,4205.02,0.1,11353.55
2739,223,2,3793.34,0,7586.68
2739,54,2,954.56,0.2,1527.3
2739,86,1,4925.27,0,4925.27
2740,32,3,3229.2,0,9687.6
2740,93,1,4086.52,0.1,3677.87
2740,192,3,1974.7,0.1,5331.69
2740,106,3,1023.38,0.2,2456.11
2741,247,2,2671.22,0,5342.44
2741,67,1,1384.47,0.1,1246.02
2741,277,1,3435.47,0.2,2748.38
2742,16,1,3952.33,0,3952.33
2742,215,2,3807.34,0.1,6853.21
2742,227,1,4186.52,0,4186.52
2743,250,3,2498.75,0.1,6746.62
2743,32,2,3229.2,0,6458.4
2743,130,1,3052.06,0.2,2441.65
2743,253,3,655.15,0,1965.45
2743,90,2,183.24,0.1,329.83
2744,4,1,4485.44,0.1,4036.9
2744,83,3,4022.4,0,12067.2
2744,295,1,2343.7,0.1,2109.33
2744,48,1,1103.95,0.2,883.16
2745,195,1,1333.33,0.2,1066.66
2745,178,2,113.25,0.1,203.85
2745,76,3,3589.68,0.2,8615.23
2745,157,1,1420.43,0.1,1278.39
2745,12,3,1645.78,0,4937.34
2746,249,3,2443.3,0.1,6596.91
2746,280,2,990.64,0.2,1585.02
2747,290,2,1966.47,0.1,3539.65
2747,92,3,1893.48,0,5680.44
2747,71,2,3792.47,0.1,6826.45
2748,107,1,171.93,0.1,154.74
2748,1,3,1571.14,0,4713.42
2748,173,1,3917.1,0.2,3133.68
2748,220,2,2980.59,0.2,4768.94
2748,32,1,3229.2,0.2,2583.36
2749,256,3,340.75,0.1,920.02
2749,128,1,4900.43,0.2,3920.34
2749,133,3,4617.75,0.2,11082.6
2749,70,3,2565.16,0.2,6156.38
2750,263,1,3765.62,0.2,3012.5
2750,148,2,2047.04,0.1,3684.67
2751,83,1,4022.4,0.1,3620.16
2751,262,2,579.31,0.1,1042.76
2751,207,2,4279.16,0,8558.32
2751,170,2,2123.49,0.2,3397.58
2751,142,1,2632.44,0,2632.44
2752,110,2,478.85,0,957.7
2752,128,2,4900.43,0.1,8820.77
2752,29,2,708.63,0,1417.26
2753,76,2,3589.68,0.1,6461.42
2754,21,3,2599.67,0.1,7019.11
2754,100,1,4054.92,0.1,3649.43
2754,99,3,648.26,0.1,1750.3
2755,49,3,1365.91,0,4097.73
2755,202,2,1540.48,0,3080.96
2755,165,2,1745.41,0.1,3141.74
2756,64,2,2393.81,0.2,3830.1
2756,72,3,694.52,0.1,1875.2
2757,222,1,3519.57,0.2,2815.66
2757,28,2,626.91,0.1,1128.44
2757,163,1,3977.99,0,3977.99
2757,125,3,1471.63,0.1,3973.4
2758,236,3,3037.97,0.1,8202.52
2758,284,2,1844.85,0.2,2951.76
2758,233,2,3048.45,0,6096.9
2758,24,3,4661.82,0.1,12586.91
2758,61,2,3565.73,0.1,6418.31
2759,250,3,2498.75,0.2,5997
2759,15,1,2876.77,0.1,2589.09
2760,296,3,693.33,0,2079.99
2760,218,3,693.44,0.1,1872.29
2760,9,2,2541.75,0,5083.5
2761,45,1,2210.75,0,2210.75
2762,106,2,1023.38,0.2,1637.41
2762,295,1,2343.7,0.1,2109.33
2762,211,2,2468.4,0.1,4443.12
2762,176,1,4859.23,0.2,3887.38
2762,288,3,4205.02,0.2,10092.05
2763,124,1,319.5,0.2,255.6
2763,20,1,670.4,0.1,603.36
2763,214,1,956.15,0.1,860.53
2763,176,2,4859.23,0.1,8746.61
2764,133,3,4617.75,0,13853.25
2764,131,3,2349.61,0,7048.83
2764,73,2,4378.53,0.2,7005.65
2764,28,3,626.91,0.1,1692.66
2764,256,1,340.75,0.2,272.6
2765,112,3,2686.4,0.2,6447.36
2765,294,2,294.39,0.2,471.02
2765,191,2,2272.49,0.2,3635.98
2766,172,1,4013.49,0.2,3210.79
2766,46,1,3061.47,0.2,2449.18
2767,29,2,708.63,0.2,1133.81
2767,26,1,1802.56,0.1,1622.3
2767,44,1,3885.07,0,3885.07
2768,160,1,961.86,0.2,769.49
2768,78,1,3855.59,0,3855.59
2768,164,2,816.74,0.1,1470.13
2768,98,3,1535.92,0,4607.76
2768,159,2,807.72,0.1,1453.9
2769,61,2,3565.73,0,7131.46
2769,150,3,1188.32,0,3564.96
2769,9,2,2541.75,0,5083.5
2769,62,1,2655.9,0.1,2390.31
2769,129,1,2531.28,0,2531.28
2770,121,3,2781.54,0,8344.62
2770,12,2,1645.78,0,3291.56
2770,58,3,3807.05,0.2,9136.92
2771,125,2,1471.63,0,2943.26
2771,254,1,1160.5,0.1,1044.45
2771,224,3,1630.29,0.1,4401.78
2771,47,3,2238.71,0.1,6044.52
2771,167,1,3968.26,0.2,3174.61
2772,86,2,4925.27,0.1,8865.49
2772,211,3,2468.4,0.1,6664.68
2772,39,2,1788.8,0.2,2862.08
2773,32,2,3229.2,0.1,5812.56
2773,266,3,1513.44,0,4540.32
2774,71,3,3792.47,0.1,10239.67
2774,103,3,1726.45,0.1,4661.42
2775,131,3,2349.61,0.1,6343.95
2775,145,2,1799.29,0.1,3238.72
2775,269,2,4355.56,0.2,6968.9
2775,209,3,4282.34,0.2,10277.62
2775,260,2,4129.31,0,8258.62
2776,36,1,649.16,0.1,584.24
2777,174,2,4378.44,0.1,7881.19
2778,82,2,716.07,0.2,1145.71
2778,296,2,693.33,0.2,1109.33
2778,197,1,3435.53,0.1,3091.98
2778,239,3,3599.71,0.1,9719.22
2779,194,1,2773.23,0.1,2495.91
2779,30,2,4638.28,0.2,7421.25
2779,245,3,4842.81,0,14528.43
2780,131,2,2349.61,0.2,3759.38
2780,90,3,183.24,0.1,494.75
2780,216,1,1354.53,0,1354.53
2781,169,3,4666.14,0.1,12598.58
2781,19,1,175.58,0.2,140.46
2782,196,1,415.32,0.2,332.26
2782,177,2,1279.69,0,2559.38
2782,294,1,294.39,0,294.39
2782,96,2,4243.67,0.2,6789.87
2783,200,3,456.13,0.1,1231.55
2783,73,1,4378.53,0.2,3502.82
2783,164,2,816.74,0,1633.48
2783,292,1,4156.58,0.2,3325.26
2783,47,1,2238.71,0,2238.71
2784,31,2,3542.58,0.2,5668.13
2785,66,1,610.55,0.2,488.44
2785,227,3,4186.52,0,12559.56
2785,220,2,2980.59,0.2,4768.94
2785,140,1,2103.47,0,2103.47
2785,91,2,1308.63,0.2,2093.81
2786,283,3,1366.35,0,4099.05
2786,92,2,1893.48,0.1,3408.26
2786,29,2,708.63,0.2,1133.81
2786,228,3,4818.58,0.1,13010.17
2786,210,3,161.58,0.2,387.79
2787,125,1,1471.63,0.2,1177.3
2787,256,3,340.75,0.1,920.02
2787,281,1,914.17,0,914.17
2787,269,2,4355.56,0.1,7840.01
2787,101,1,3677.55,0.2,2942.04
2788,193,2,4029.85,0.1,7253.73
2788,211,3,2468.4,0,7405.2
2788,19,1,175.58,0.1,158.02
2789,231,1,671.34,0.1,604.21
2789,265,1,3805.03,0,3805.03
2789,47,2,2238.71,0.2,3581.94
2790,166,3,1655.44,0.2,3973.06
2790,119,3,822.62,0.2,1974.29
2790,284,3,1844.85,0,5534.55
2791,269,1,4355.56,0.1,3920
2791,17,3,2227.3,0,6681.9
2792,142,3,2632.44,0.2,6317.86
2793,270,2,3310.85,0.1,5959.53
2793,99,2,648.26,0.2,1037.22
2793,33,3,1950.06,0.2,4680.14
2794,93,2,4086.52,0.2,6538.43
2795,38,3,1830.1,0.1,4941.27
2795,68,3,998.72,0.2,2396.93
2795,13,1,3075.58,0.1,2768.02
2795,257,3,4439.91,0.1,11987.76
2795,89,1,130.17,0.1,117.15
2796,148,3,2047.04,0,6141.12
2796,189,3,2918.36,0,8755.08
2796,129,1,2531.28,0,2531.28
2796,300,2,3405.97,0.2,5449.55
2797,141,1,1689.08,0.1,1520.17
2797,35,3,147.11,0.1,397.2
2798,106,3,1023.38,0.1,2763.13
2798,299,2,2527.49,0,5054.98
2798,212,3,3691.31,0.2,8859.14
2798,256,3,340.75,0,1022.25
2799,53,1,4303.7,0.2,3442.96
2799,129,1,2531.28,0.2,2025.02
2799,68,3,998.72,0.1,2696.54
2799,8,1,1531.1,0.2,1224.88
2800,254,1,1160.5,0.2,928.4
2800,61,3,3565.73,0.2,8557.75
2800,82,2,716.07,0.2,1145.71
2800,5,1,4696.11,0.2,3756.89
2801,41,3,4424.05,0.1,11944.94
2801,22,3,3109.21,0.1,8394.87
2801,144,3,2500.85,0.1,6752.29
2802,150,3,1188.32,0.1,3208.46
2802,142,3,2632.44,0.1,7107.59
2802,211,1,2468.4,0.2,1974.72
2802,57,3,924.14,0,2772.42
2802,75,1,3915.6,0,3915.6
2803,71,2,3792.47,0,7584.94
2803,14,2,4246.91,0.2,6795.06
2803,34,3,3132.01,0.2,7516.82
2803,13,2,3075.58,0.2,4920.93
2804,43,1,241.69,0,241.69
2804,229,3,1081.83,0.1,2920.94
2805,73,3,4378.53,0.2,10508.47
2805,143,2,2349.66,0,4699.32
2806,219,1,134.79,0.2,107.83
2806,239,3,3599.71,0.2,8639.3
2806,21,1,2599.67,0.1,2339.7
2807,229,1,1081.83,0,1081.83
2807,41,2,4424.05,0.2,7078.48
2807,254,3,1160.5,0,3481.5
2808,194,2,2773.23,0.2,4437.17
2808,213,3,2436.3,0.1,6578.01
2808,92,2,1893.48,0.1,3408.26
2808,276,2,2930.01,0,5860.02
2808,248,3,1314.7,0,3944.1
2809,150,3,1188.32,0.2,2851.97
2809,297,1,4780.41,0.1,4302.37
2809,92,3,1893.48,0.2,4544.35
2809,258,2,3042.51,0,6085.02
2809,211,3,2468.4,0.2,5924.16
2810,135,3,1279.65,0,3838.95
2810,273,3,4036.68,0.1,10899.04
2810,299,1,2527.49,0.1,2274.74
2810,39,1,1788.8,0.2,1431.04
2810,286,2,3079.76,0.1,5543.57
2811,248,3,1314.7,0,3944.1
2811,233,3,3048.45,0.1,8230.81
2812,256,2,340.75,0.2,545.2
2812,47,3,2238.71,0,6716.13
2812,99,2,648.26,0,1296.52
2812,223,3,3793.34,0,11380.02
2812,184,2,3022.86,0,6045.72
2813,16,1,3952.33,0.2,3161.86
2813,208,1,2962.16,0,2962.16
2813,57,1,924.14,0.2,739.31
2813,287,2,4626.22,0.1,8327.2
2813,125,2,1471.63,0.1,2648.93
2814,259,1,2977.48,0.2,2381.98
2814,208,2,2962.16,0,5924.32
2815,196,3,415.32,0.2,996.77
2815,147,1,1158.14,0,1158.14
2815,188,3,270.55,0.2,649.32
2815,291,3,850.79,0,2552.37
2816,166,3,1655.44,0.2,3973.06
2816,240,2,1075.21,0.1,1935.38
2816,152,1,888.12,0.2,710.5
2817,214,1,956.15,0.1,860.53
2818,73,1,4378.53,0.2,3502.82
2818,194,2,2773.23,0.1,4991.81
2818,92,2,1893.48,0,3786.96
2818,247,2,2671.22,0.1,4808.2
2819,135,2,1279.65,0,2559.3
2819,262,3,579.31,0.2,1390.34
2820,83,1,4022.4,0.2,3217.92
2820,208,1,2962.16,0.2,2369.73
2820,256,3,340.75,0,1022.25
2820,141,1,1689.08,0.1,1520.17
2821,159,2,807.72,0.1,1453.9
2821,133,1,4617.75,0.2,3694.2
2821,268,1,4342.22,0,4342.22
2822,73,2,4378.53,0,8757.06
2822,43,3,241.69,0,725.07
2823,117,2,2823.36,0,5646.72
2823,292,3,4156.58,0.2,9975.79
2824,124,3,319.5,0,958.5
2825,181,2,3568.87,0.2,5710.19
2825,100,1,4054.92,0,4054.92
2825,104,3,4507.94,0,13523.82
2825,208,3,2962.16,0.1,7997.83
2825,150,3,1188.32,0,3564.96
2826,22,1,3109.21,0,3109.21
2826,6,2,905.68,0.2,1449.09
2826,29,2,708.63,0,1417.26
2826,140,2,2103.47,0.2,3365.55
2826,244,3,3623.71,0.1,9784.02
2827,160,2,961.86,0,1923.72
2827,158,1,3200.7,0.2,2560.56
2827,279,3,347.7,0.2,834.48
2828,82,3,716.07,0,2148.21
2829,132,1,1515.14,0.1,1363.63
2829,54,1,954.56,0,954.56
2829,102,3,1655.92,0.1,4470.98
2830,8,3,1531.1,0.2,3674.64
2830,145,2,1799.29,0.1,3238.72
2831,276,1,2930.01,0,2930.01
2831,224,3,1630.29,0.2,3912.7
2831,220,1,2980.59,0,2980.59
2832,229,2,1081.83,0.2,1730.93
2833,203,3,4122.66,0.1,11131.18
2833,221,3,3628.31,0,10884.93
2833,213,1,2436.3,0.2,1949.04
2833,218,2,693.44,0.1,1248.19
2833,72,3,694.52,0,2083.56
2834,25,3,2807.38,0.1,7579.93
2834,274,1,2974.84,0.1,2677.36
2834,281,3,914.17,0,2742.51
2834,57,3,924.14,0.1,2495.18
2834,36,2,649.16,0,1298.32
2835,76,2,3589.68,0,7179.36
2836,155,1,2767.71,0.1,2490.94
2837,139,2,3351.42,0,6702.84
2838,139,1,3351.42,0.1,3016.28
2839,78,2,3855.59,0,7711.18
2839,124,2,319.5,0.2,511.2
2839,56,3,886.8,0.2,2128.32
2839,239,2,3599.71,0.2,5759.54
2840,137,1,1005.84,0,1005.84
2840,145,1,1799.29,0.1,1619.36
2840,192,2,1974.7,0,3949.4
2841,200,3,456.13,0.1,1231.55
2841,123,2,823.42,0.1,1482.16
2842,266,1,1513.44,0,1513.44
2843,136,1,835.08,0,835.08
2843,281,1,914.17,0,914.17
2843,196,2,415.32,0,830.64
2843,2,2,162.86,0.2,260.58
2843,72,3,694.52,0.1,1875.2
2844,293,3,3384.67,0.2,8123.21
2844,228,2,4818.58,0.2,7709.73
2844,255,1,634.26,0.1,570.83
2844,129,1,2531.28,0,2531.28
2845,164,1,816.74,0,816.74
2846,28,3,626.91,0,1880.73
2846,270,1,3310.85,0.1,2979.76
2847,65,3,4314.56,0.2,10354.94
2848,299,3,2527.49,0.1,6824.22
2849,254,2,1160.5,0,2321
2849,105,1,985.57,0.1,887.01
2849,78,2,3855.59,0.1,6940.06
2850,231,3,671.34,0.2,1611.22
2850,89,2,130.17,0.1,234.31
2850,56,1,886.8,0.1,798.12
2851,106,2,1023.38,0.1,1842.08
2852,133,2,4617.75,0.2,7388.4
2853,215,3,3807.34,0,11422.02
2853,60,2,4674.62,0.1,8414.32
2854,265,3,3805.03,0.2,9132.07
2854,226,2,2658.25,0.1,4784.85
2854,105,1,985.57,0.2,788.46
2855,3,3,1407.01,0.2,3376.82
2855,59,3,2724.81,0.1,7356.99
2855,115,3,2411.4,0.2,5787.36
2855,176,1,4859.23,0,4859.23
2856,127,2,4510.8,0.1,8119.44
2856,17,3,2227.3,0,6681.9
2856,253,2,655.15,0,1310.3
2856,298,3,2955.32,0.2,7092.77
2857,89,1,130.17,0.1,117.15
2858,171,2,226.42,0.2,362.27
2859,22,2,3109.21,0,6218.42
2860,275,2,1095.75,0.1,1972.35
2861,55,3,4758.22,0,14274.66
2861,37,3,3070.15,0,9210.45
2861,216,3,1354.53,0.1,3657.23
2862,35,1,147.11,0.1,132.4
2862,121,3,2781.54,0.2,6675.7
2862,81,1,709.48,0,709.48
2862,157,2,1420.43,0.2,2272.69
2862,149,2,4047.23,0.1,7285.01
2863,201,3,3328.08,0.2,7987.39
2863,117,2,2823.36,0.1,5082.05
2864,8,3,1531.1,0.2,3674.64
2865,260,3,4129.31,0,12387.93
2865,113,1,180.63,0.2,144.5
2865,125,3,1471.63,0.2,3531.91
2866,24,3,4661.82,0.1,12586.91
2866,261,1,3503.75,0.2,2803
2866,79,3,2449.85,0,7349.55
2867,66,3,610.55,0,1831.65
2867,277,1,3435.47,0.1,3091.92
2868,102,1,1655.92,0.2,1324.74
2868,55,3,4758.22,0,14274.66
2868,34,3,3132.01,0.2,7516.82
2869,142,2,2632.44,0,5264.88
2869,41,1,4424.05,0,4424.05
2869,217,3,1838.37,0.2,4412.09
2869,282,2,3926.46,0,7852.92
2870,247,3,2671.22,0.2,6410.93
2871,52,3,4453.5,0,13360.5
2871,256,1,340.75,0.2,272.6
2871,240,2,1075.21,0,2150.42
2871,201,3,3328.08,0.1,8985.82
2871,82,3,716.07,0.2,1718.57
2872,25,3,2807.38,0.1,7579.93
2873,186,3,4809.64,0,14428.92
2874,134,1,1581.19,0.1,1423.07
2875,161,3,2773.7,0.2,6656.88
2875,64,3,2393.81,0.1,6463.29
2876,49,1,1365.91,0.1,1229.32
2876,239,1,3599.71,0.1,3239.74
2876,112,3,2686.4,0.2,6447.36
2877,242,3,4351.59,0.1,11749.29
2878,245,3,4842.81,0.1,13075.59
2878,195,2,1333.33,0,2666.66
2878,118,1,2699.14,0.2,2159.31
2878,154,1,3505.06,0.1,3154.55
2878,113,2,180.63,0.1,325.13
2879,18,1,534.95,0,534.95
2879,29,1,708.63,0.1,637.77
2879,289,1,1989.64,0.1,1790.68
2879,251,2,148.83,0,297.66
2880,99,3,648.26,0,1944.78
2880,184,1,3022.86,0.2,2418.29
2880,151,1,4406.48,0.2,3525.18
2880,247,2,2671.22,0.2,4273.95
2880,18,1,534.95,0,534.95
2881,144,1,2500.85,0,2500.85
2881,286,3,3079.76,0,9239.28
2882,183,1,2480.1,0,2480.1
2882,210,3,161.58,0.2,387.79
2882,168,2,1435,0.2,2296
2882,223,1,3793.34,0.1,3414.01
2882,160,3,961.86,0.2,2308.46
2883,199,3,1706.15,0.2,4094.76
2883,87,3,2631.45,0.2,6315.48
2883,268,3,4342.22,0.1,11723.99
2884,85,2,4346.15,0.2,6953.84
2884,180,1,655.78,0.2,524.62
2884,38,3,1830.1,0,5490.3
2884,188,2,270.55,0.2,432.88
2884,56,1,886.8,0.2,709.44
2885,109,2,500.73,0.2,801.17
2885,251,3,148.83,0.2,357.19
2885,280,2,990.64,0.1,1783.15
2886,10,3,4384.24,0.1,11837.45
2886,159,3,807.72,0.1,2180.84
2887,63,2,4344.14,0.2,6950.62
2887,253,1,655.15,0.2,524.12
2887,32,1,3229.2,0,3229.2
2887,14,3,4246.91,0.1,11466.66
2887,278,2,2540.74,0,5081.48
2888,10,2,4384.24,0.1,7891.63
2889,5,3,4696.11,0,14088.33
2889,23,3,4414.98,0.1,11920.45
2889,146,1,1738.9,0,1738.9
2889,240,3,1075.21,0.1,2903.07
2890,175,1,797.23,0.2,637.78
2890,178,1,113.25,0,113.25
2890,7,2,2977.47,0.1,5359.45
2890,14,3,4246.91,0.2,10192.58
2891,88,3,555.9,0,1667.7
2892,53,1,4303.7,0,4303.7
2892,18,1,534.95,0.1,481.46
2892,93,2,4086.52,0.2,6538.43
2893,125,2,1471.63,0,2943.26
2893,200,1,456.13,0,456.13
2893,230,3,1046.39,0,3139.17
2894,85,3,4346.15,0.1,11734.6
2894,267,1,4752.35,0.1,4277.12
2894,237,1,3100.61,0.1,2790.55
2895,295,3,2343.7,0.1,6327.99
2896,183,3,2480.1,0.1,6696.27
2897,273,2,4036.68,0.2,6458.69
2897,207,2,4279.16,0,8558.32
2897,90,2,183.24,0.2,293.18
2897,120,3,2696.47,0.1,7280.47
2898,171,2,226.42,0,452.84
2898,189,3,2918.36,0.1,7879.57
2898,223,1,3793.34,0.2,3034.67
2898,117,1,2823.36,0,2823.36
2899,299,2,2527.49,0.2,4043.98
2899,158,1,3200.7,0,3200.7
2899,257,2,4439.91,0.2,7103.86
2899,285,2,2791.44,0.2,4466.3
2899,205,1,1317.26,0,1317.26
2900,272,3,1711.82,0.1,4621.91
2900,154,3,3505.06,0.1,9463.66
2901,23,3,4414.98,0,13244.94
2902,220,2,2980.59,0.2,4768.94
2902,58,2,3807.05,0,7614.1
2902,204,3,2819.85,0.2,6767.64
2902,203,2,4122.66,0.1,7420.79
2903,157,2,1420.43,0.2,2272.69
2903,293,3,3384.67,0.1,9138.61
2904,97,2,1334.43,0.1,2401.97
2904,132,2,1515.14,0.2,2424.22
2904,118,1,2699.14,0.1,2429.23
2905,102,1,1655.92,0.1,1490.33
2905,95,3,1944.44,0.1,5249.99
2905,46,2,3061.47,0,6122.94
2906,80,2,2157.78,0,4315.56
2907,78,1,3855.59,0.2,3084.47
2907,141,3,1689.08,0.2,4053.79
2907,191,1,2272.49,0,2272.49
2908,227,1,4186.52,0,4186.52
2908,32,1,3229.2,0.1,2906.28
2908,38,1,1830.1,0.1,1647.09
2909,277,2,3435.47,0.2,5496.75
2910,223,1,3793.34,0.1,3414.01
2910,47,3,2238.71,0.2,5372.9
2911,124,1,319.5,0.1,287.55
2912,158,2,3200.7,0.1,5761.26
2912,174,2,4378.44,0.2,7005.5
2912,48,3,1103.95,0.2,2649.48
2912,210,3,161.58,0,484.74
2913,252,2,3127.93,0,6255.86
2913,167,3,3968.26,0.2,9523.82
2913,173,1,3917.1,0.2,3133.68
2914,292,2,4156.58,0,8313.16
2914,125,3,1471.63,0,4414.89
2914,148,3,2047.04,0,6141.12
2915,196,3,415.32,0,1245.96
2916,247,1,2671.22,0,2671.22
2917,194,2,2773.23,0.2,4437.17
2917,227,1,4186.52,0.2,3349.22
2918,192,3,1974.7,0.2,4739.28
2918,155,1,2767.71,0.2,2214.17
2918,220,2,2980.59,0.2,4768.94
2919,177,1,1279.69,0.2,1023.75
2919,295,2,2343.7,0.1,4218.66
2919,51,2,3723.25,0.2,5957.2
2919,88,3,555.9,0.1,1500.93
2919,37,2,3070.15,0.1,5526.27
2920,30,3,4638.28,0.1,12523.36
2921,263,1,3765.62,0.1,3389.06
2921,237,3,3100.61,0,9301.83
2922,212,2,3691.31,0.2,5906.1
2922,128,2,4900.43,0.1,8820.77
2923,213,1,2436.3,0.1,2192.67
2924,241,3,4140.57,0,12421.71
2925,69,1,2395.28,0.1,2155.75
2925,113,1,180.63,0,180.63
2926,74,1,3005.42,0,3005.42
2926,255,2,634.26,0,1268.52
2926,241,2,4140.57,0,8281.14
2927,73,2,4378.53,0.2,7005.65
2927,164,2,816.74,0.1,1470.13
2927,269,1,4355.56,0.1,3920
2928,129,1,2531.28,0,2531.28
2928,122,1,1254.11,0.2,1003.29
2929,143,3,2349.66,0.1,6344.08
2929,9,2,2541.75,0.1,4575.15
2930,55,2,4758.22,0,9516.44
2930,170,1,2123.49,0,2123.49
2930,126,1,1025.69,0.2,820.55
2930,206,3,789.54,0,2368.62
2931,9,3,2541.75,0.2,6100.2
2931,163,1,3977.99,0,3977.99
2931,10,2,4384.24,0.1,7891.63
2932,172,1,4013.49,0,4013.49
2932,26,3,1802.56,0.2,4326.14
2932,284,3,1844.85,0.1,4981.09
2932,239,3,3599.71,0.1,9719.22
2932,159,2,807.72,0.1,1453.9
2933,246,2,358.61,0.2,573.78
2933,39,1,1788.8,0.2,1431.04
2934,229,3,1081.83,0,3245.49
2934,8,2,1531.1,0.2,2449.76
2934,291,3,850.79,0,2552.37
2934,261,3,3503.75,0.2,8409
2935,176,2,4859.23,0,9718.46
2935,253,2,655.15,0.2,1048.24
2935,199,3,1706.15,0.1,4606.61
2936,260,2,4129.31,0.1,7432.76
2936,117,3,2823.36,0,8470.08
2936,21,3,2599.67,0.1,7019.11
2936,68,2,998.72,0.2,1597.95
2936,67,1,1384.47,0,1384.47
2937,33,1,1950.06,0.2,1560.05
2937,183,2,2480.1,0.1,4464.18
2938,190,1,1962.53,0,1962.53
2939,129,2,2531.28,0.2,4050.05
2939,300,2,3405.97,0,6811.94
2939,230,3,1046.39,0.2,2511.34
2939,15,2,2876.77,0,5753.54
2940,184,1,3022.86,0,3022.86
2940,90,1,183.24,0.2,146.59
2941,32,3,3229.2,0.1,8718.84
2941,293,1,3384.67,0.2,2707.74
2942,57,1,924.14,0.1,831.73
2942,171,1,226.42,0.1,203.78
2942,239,3,3599.71,0,10799.13
2943,16,3,3952.33,0,11856.99
2943,200,2,456.13,0.2,729.81
2943,195,3,1333.33,0.1,3599.99
2943,182,3,2659.11,0,7977.33
2944,48,2,1103.95,0,2207.9
2944,50,1,4334.05,0.1,3900.65
2945,127,1,4510.8,0.2,3608.64
2945,61,1,3565.73,0.1,3209.16
2945,223,1,3793.34,0,3793.34
2945,187,1,4233.39,0.2,3386.71
2946,146,3,1738.9,0,5216.7
2946,74,2,3005.42,0.2,4808.67
2946,167,1,3968.26,0,3968.26
2946,114,1,2450.58,0.1,2205.52
2946,99,2,648.26,0,1296.52
2947,250,2,2498.75,0,4997.5
2947,65,2,4314.56,0.2,6903.3
2947,32,2,3229.2,0.2,5166.72
2947,248,2,1314.7,0.1,2366.46
2948,149,3,4047.23,0,12141.69
2948,294,3,294.39,0.2,706.54
2948,245,3,4842.81,0,14528.43
2949,279,1,347.7,0.2,278.16
2950,118,3,2699.14,0.1,7287.68
2950,230,2,1046.39,0.1,1883.5
2951,247,3,2671.22,0,8013.66
2951,145,1,1799.29,0,1799.29
2951,235,3,1157.47,0,3472.41
2951,281,2,914.17,0.1,1645.51
2951,38,1,1830.1,0,1830.1
2952,4,2,4485.44,0,8970.88
2952,37,3,3070.15,0.1,8289.41
2952,148,3,2047.04,0.1,5527.01
2952,247,2,2671.22,0,5342.44
2953,106,2,1023.38,0,2046.76
2953,62,2,2655.9,0.1,4780.62
2953,170,3,2123.49,0.1,5733.42
2953,142,2,2632.44,0.1,4738.39
2954,50,1,4334.05,0.2,3467.24
2954,15,3,2876.77,0.2,6904.25
2955,83,1,4022.4,0.2,3217.92
2955,74,1,3005.42,0.1,2704.88
2956,119,3,822.62,0.2,1974.29
2956,161,3,2773.7,0,8321.1
2956,73,1,4378.53,0.2,3502.82
2956,111,2,132.09,0.1,237.76
2956,256,1,340.75,0.2,272.6
2957,167,1,3968.26,0,3968.26
2957,106,2,1023.38,0.2,1637.41
2958,282,2,3926.46,0,7852.92
2958,158,1,3200.7,0,3200.7
2958,278,1,2540.74,0.2,2032.59
2958,82,2,716.07,0.1,1288.93
2958,37,1,3070.15,0.2,2456.12
2959,265,2,3805.03,0.1,6849.05
2960,46,3,3061.47,0.1,8265.97
2960,171,1,226.42,0.1,203.78
2960,275,1,1095.75,0.1,986.18
2961,152,2,888.12,0,1776.24
2961,142,1,2632.44,0.1,2369.2
2961,154,2,3505.06,0,7010.12
2961,280,3,990.64,0.2,2377.54
2962,208,1,2962.16,0,2962.16
2962,140,1,2103.47,0.2,1682.78
2962,222,1,3519.57,0.1,3167.61
2963,157,2,1420.43,0,2840.86
2963,208,3,2962.16,0.2,7109.18
2963,293,1,3384.67,0.1,3046.2
2963,207,1,4279.16,0.2,3423.33
2963,176,1,4859.23,0,4859.23
2964,189,2,2918.36,0.1,5253.05
2965,230,1,1046.39,0.2,837.11
2965,47,2,2238.71,0,4477.42
2965,202,2,1540.48,0.1,2772.86
2966,161,3,2773.7,0.2,6656.88
2966,99,2,648.26,0.2,1037.22
2966,107,3,171.93,0,515.79
2966,204,2,2819.85,0.2,4511.76
2967,71,1,3792.47,0,3792.47
2967,31,1,3542.58,0.1,3188.32
2967,226,1,2658.25,0.2,2126.6
2967,106,3,1023.38,0.2,2456.11
2968,119,2,822.62,0.1,1480.72
2968,128,2,4900.43,0.1,8820.77
2968,250,1,2498.75,0,2498.75
2969,185,3,1406.51,0.1,3797.58
2969,113,1,180.63,0.2,144.5
2969,105,3,985.57,0,2956.71
2969,8,1,1531.1,0,1531.1
2969,163,3,3977.99,0,11933.97
2970,202,2,1540.48,0,3080.96
2970,224,3,1630.29,0.1,4401.78
2970,90,3,183.24,0,549.72
2970,192,2,1974.7,0,3949.4
2971,291,1,850.79,0,850.79
2971,255,2,634.26,0.2,1014.82
2971,87,2,2631.45,0.2,4210.32
2972,132,1,1515.14,0.1,1363.63
2972,137,3,1005.84,0,3017.52
2972,228,1,4818.58,0.2,3854.86
2972,5,1,4696.11,0.2,3756.89
2972,62,3,2655.9,0.1,7170.93
2973,117,1,2823.36,0,2823.36
2973,103,3,1726.45,0.2,4143.48
2973,245,3,4842.81,0.1,13075.59
2974,19,1,175.58,0.2,140.46
2974,193,1,4029.85,0,4029.85
2974,18,1,534.95,0.1,481.46
2974,242,1,4351.59,0.2,3481.27
2975,102,2,1655.92,0.2,2649.47
2975,20,3,670.4,0.2,1608.96
2975,297,2,4780.41,0.2,7648.66
2975,230,3,1046.39,0.1,2825.25
2976,133,1,4617.75,0,4617.75
2976,168,1,1435,0,1435
2977,107,3,171.93,0,515.79
2977,110,2,478.85,0.1,861.93
2977,49,1,1365.91,0,1365.91
2977,6,3,905.68,0.1,2445.34
2978,300,2,3405.97,0.1,6130.75
2978,43,2,241.69,0.2,386.7
2978,159,2,807.72,0,1615.44
2978,200,3,456.13,0.2,1094.71
2978,276,1,2930.01,0,2930.01
2979,230,2,1046.39,0,2092.78
2979,221,2,3628.31,0.1,6530.96
2980,222,1,3519.57,0.1,3167.61
2980,118,2,2699.14,0,5398.28
2980,186,1,4809.64,0.1,4328.68
2980,257,3,4439.91,0.2,10655.78
2980,291,3,850.79,0.1,2297.13
2981,99,3,648.26,0,1944.78
2982,284,1,1844.85,0.1,1660.37
2982,118,2,2699.14,0.1,4858.45
2982,295,1,2343.7,0,2343.7
2983,170,3,2123.49,0.2,5096.38
2983,135,1,1279.65,0.1,1151.69
2983,48,3,1103.95,0,3311.85
2984,153,1,4053.91,0.2,3243.13
2984,155,1,2767.71,0,2767.71
2984,18,1,534.95,0.1,481.46
2984,72,1,694.52,0.1,625.07
2984,270,1,3310.85,0.2,2648.68
2985,88,2,555.9,0,1111.8
2985,223,2,3793.34,0.1,6828.01
2986,66,2,610.55,0.1,1098.99
2986,296,2,693.33,0,1386.66
2986,262,1,579.31,0,579.31
2986,45,3,2210.75,0,6632.25
2986,208,2,2962.16,0,5924.32
2987,40,2,1192.17,0,2384.34
2988,15,3,2876.77,0.1,7767.28
2988,44,3,3885.07,0.2,9324.17
2989,45,1,2210.75,0.1,1989.67
2989,181,3,3568.87,0.1,9635.95
2989,135,3,1279.65,0.1,3455.06
2990,227,2,4186.52,0,8373.04
2990,240,3,1075.21,0.2,2580.5
2990,109,2,500.73,0.2,801.17
2990,201,3,3328.08,0,9984.24
2990,4,2,4485.44,0.2,7176.7
2991,270,1,3310.85,0.1,2979.76
2991,193,2,4029.85,0.1,7253.73
2992,100,3,4054.92,0.1,10948.28
2992,284,1,1844.85,0.1,1660.37
2992,253,2,655.15,0.2,1048.24
2993,295,2,2343.7,0.2,3749.92
2993,52,3,4453.5,0.1,12024.45
2993,151,2,4406.48,0.2,7050.37
2994,40,2,1192.17,0.1,2145.91
2994,4,2,4485.44,0,8970.88
2995,205,3,1317.26,0.1,3556.6
2995,261,1,3503.75,0,3503.75
2995,76,1,3589.68,0.1,3230.71
2995,84,1,3865.55,0.1,3479
2995,13,1,3075.58,0.2,2460.46
2996,106,2,1023.38,0.1,1842.08
2997,183,1,2480.1,0,2480.1
2997,96,2,4243.67,0.2,6789.87
2997,195,2,1333.33,0.2,2133.33
2998,126,1,1025.69,0.1,923.12
2998,201,2,3328.08,0.1,5990.54
2998,68,2,998.72,0.2,1597.95
2999,16,1,3952.33,0.2,3161.86
3000,70,3,2565.16,0.2,6156.38
3001,21,1,2599.67,0,2599.67
3001,156,1,4614.81,0.1,4153.33
3001,151,2,4406.48,0,8812.96
3001,27,1,4687.97,0.1,4219.17
3001,137,3,1005.84,0.1,2715.77
3002,89,1,130.17,0.1,117.15
3002,148,1,2047.04,0.2,1637.63
3002,132,1,1515.14,0,1515.14
3002,226,2,2658.25,0.2,4253.2
3002,278,3,2540.74,0.2,6097.78
3003,253,3,655.15,0,1965.45
3003,115,2,2411.4,0.1,4340.52
3004,109,2,500.73,0.2,801.17
3004,281,1,914.17,0,914.17
3004,291,3,850.79,0.2,2041.9
3004,10,3,4384.24,0,13152.72
3005,97,2,1334.43,0,2668.86
3006,192,3,1974.7,0,5924.1
3006,116,1,4729.75,0,4729.75
3006,169,1,4666.14,0,4666.14
3006,114,2,2450.58,0.2,3920.93
3006,56,3,886.8,0.1,2394.36
3007,220,1,2980.59,0,2980.59
3008,121,3,2781.54,0,8344.62
3008,6,2,905.68,0.1,1630.22
3009,249,3,2443.3,0,7329.9
3009,200,2,456.13,0,912.26
3010,60,2,4674.62,0.1,8414.32
3010,35,1,147.11,0.2,117.69
3010,188,3,270.55,0.1,730.49
3011,260,1,4129.31,0.1,3716.38
3011,69,1,2395.28,0.1,2155.75
3011,202,1,1540.48,0,1540.48
3011,52,2,4453.5,0.2,7125.6
3011,219,1,134.79,0,134.79
3012,256,2,340.75,0.2,545.2
3012,29,1,708.63,0,708.63
3012,105,2,985.57,0,1971.14
3012,121,1,2781.54,0,2781.54
3012,95,3,1944.44,0.2,4666.66
3013,49,1,1365.91,0.2,1092.73
3014,125,3,1471.63,0.1,3973.4
3015,66,2,610.55,0.1,1098.99
3015,189,1,2918.36,0,2918.36
3015,82,2,716.07,0,1432.14
3015,49,3,1365.91,0,4097.73
3015,291,1,850.79,0,850.79
3016,220,1,2980.59,0.1,2682.53
3016,106,1,1023.38,0.1,921.04
3016,142,2,2632.44,0,5264.88
3016,47,3,2238.71,0,6716.13
3017,202,3,1540.48,0,4621.44
3018,31,3,3542.58,0.1,9564.97
3018,250,3,2498.75,0.1,6746.62
3019,261,2,3503.75,0,7007.5
3019,86,3,4925.27,0,14775.81
3020,246,2,358.61,0.2,573.78
3020,157,1,1420.43,0.2,1136.34
3020,284,1,1844.85,0.1,1660.37
3021,276,1,2930.01,0.1,2637.01
3021,269,2,4355.56,0.2,6968.9
3021,284,3,1844.85,0.1,4981.09
3021,232,2,3920.49,0.1,7056.88
3021,96,2,4243.67,0,8487.34
3022,168,2,1435,0,2870
3022,261,3,3503.75,0,10511.25
3022,54,3,954.56,0.1,2577.31
3022,17,3,2227.3,0,6681.9
3022,67,3,1384.47,0.2,3322.73
3023,295,2,2343.7,0,4687.4
3023,107,1,171.93,0,171.93
3024,228,3,4818.58,0.2,11564.59
3024,154,1,3505.06,0.2,2804.05
3024,254,2,1160.5,0,2321
3024,13,2,3075.58,0.2,4920.93
3025,83,3,4022.4,0,12067.2
3026,160,3,961.86,0.2,2308.46
3026,54,3,954.56,0.2,2290.94
3026,227,2,4186.52,0.1,7535.74
3026,81,2,709.48,0.1,1277.06
3026,33,3,1950.06,0.1,5265.16
3027,91,1,1308.63,0.1,1177.77
3027,112,1,2686.4,0,2686.4
3027,237,3,3100.61,0.2,7441.46
3027,233,3,3048.45,0.2,7316.28
3027,95,1,1944.44,0.1,1750
3028,60,3,4674.62,0.2,11219.09
3029,188,1,270.55,0.1,243.5
3029,133,2,4617.75,0.1,8311.95
3029,280,2,990.64,0.2,1585.02
3029,206,2,789.54,0,1579.08
3030,11,2,4126.24,0.1,7427.23
3030,17,2,2227.3,0.1,4009.14
3030,48,2,1103.95,0,2207.9
3031,61,3,3565.73,0,10697.19
3031,253,2,655.15,0,1310.3
3031,185,2,1406.51,0.1,2531.72
3032,266,1,1513.44,0,1513.44
3032,188,3,270.55,0,811.65
3032,143,2,2349.66,0.2,3759.46
3033,117,3,2823.36,0.1,7623.07
3034,169,1,4666.14,0.2,3732.91
3034,190,1,1962.53,0.2,1570.02
3034,208,2,2962.16,0,5924.32
3034,17,2,2227.3,0.1,4009.14
3035,28,1,626.91,0.2,501.53
3035,277,1,3435.47,0.1,3091.92
3036,256,2,340.75,0.1,613.35
3037,242,3,4351.59,0.2,10443.82
3037,253,3,655.15,0.1,1768.9
3037,188,1,270.55,0.1,243.5
3037,258,2,3042.51,0.2,4868.02
3038,99,3,648.26,0,1944.78
3039,214,3,956.15,0.1,2581.61
3039,146,2,1738.9,0.1,3130.02
3039,1,3,1571.14,0.1,4242.08
3039,179,2,3748.16,0.2,5997.06
3040,127,1,4510.8,0,4510.8
3040,148,2,2047.04,0.1,3684.67
3040,111,3,132.09,0.1,356.64
3040,10,3,4384.24,0,13152.72
3040,204,1,2819.85,0.1,2537.86
3041,33,3,1950.06,0.2,4680.14
3041,62,2,2655.9,0.1,4780.62
3041,79,3,2449.85,0,7349.55
3041,138,2,1616.24,0.1,2909.23
3041,16,1,3952.33,0.1,3557.1
3042,255,2,634.26,0,1268.52
3042,288,1,4205.02,0,4205.02
3043,256,1,340.75,0.1,306.68
3043,295,3,2343.7,0.2,5624.88
3043,280,2,990.64,0,1981.28
3044,280,1,990.64,0.2,792.51
3044,78,1,3855.59,0.1,3470.03
3044,113,3,180.63,0.1,487.7
3045,227,3,4186.52,0,12559.56
3045,201,2,3328.08,0.2,5324.93
3045,131,1,2349.61,0.1,2114.65
3045,177,2,1279.69,0,2559.38
3046,178,3,113.25,0.1,305.78
3046,83,3,4022.4,0,12067.2
3046,4,1,4485.44,0,4485.44
3046,192,2,1974.7,0.1,3554.46
3047,286,3,3079.76,0.1,8315.35
3047,288,3,4205.02,0.1,11353.55
3047,44,3,3885.07,0.2,9324.17
3047,125,1,1471.63,0.2,1177.3
3047,279,1,347.7,0.2,278.16
3048,275,2,1095.75,0.2,1753.2
3049,19,2,175.58,0.1,316.04
3049,289,2,1989.64,0.2,3183.42
3049,123,3,823.42,0.2,1976.21
3049,285,2,2791.44,0,5582.88
3049,15,1,2876.77,0,2876.77
3050,288,1,4205.02,0,4205.02
3050,57,2,924.14,0,1848.28
3050,16,3,3952.33,0.2,9485.59
3051,2,2,162.86,0,325.72
3051,1,1,1571.14,0,1571.14
3052,151,1,4406.48,0,4406.48
3053,130,3,3052.06,0.2,7324.94
3053,110,3,478.85,0.1,1292.9
3053,249,2,2443.3,0,4886.6
3054,17,1,2227.3,0.1,2004.57
3054,264,1,490.72,0,490.72
3054,8,2,1531.1,0.1,2755.98
3055,140,2,2103.47,0,4206.94
3055,55,1,4758.22,0.1,4282.4
3055,37,3,3070.15,0.1,8289.41
3055,191,3,2272.49,0.1,6135.72
3056,45,3,2210.75,0,6632.25
3056,277,1,3435.47,0.1,3091.92
3057,8,1,1531.1,0.1,1377.99
3057,181,1,3568.87,0,3568.87
3057,88,3,555.9,0.1,1500.93
3057,215,2,3807.34,0.1,6853.21
3058,201,1,3328.08,0.1,2995.27
3058,1,3,1571.14,0.1,4242.08
3058,248,1,1314.7,0.2,1051.76
3059,287,1,4626.22,0.2,3700.98
3059,279,2,347.7,0.1,625.86
3060,181,1,3568.87,0.2,2855.1
3060,273,3,4036.68,0,12110.04
3061,296,2,693.33,0.2,1109.33
3061,286,2,3079.76,0.1,5543.57
3061,85,1,4346.15,0.1,3911.53
3061,48,1,1103.95,0.1,993.56
3061,269,1,4355.56,0.2,3484.45
3062,142,3,2632.44,0.2,6317.86
3062,161,1,2773.7,0.2,2218.96
3062,233,1,3048.45,0.2,2438.76
3062,29,3,708.63,0.1,1913.3
3062,144,1,2500.85,0.1,2250.76
3063,26,2,1802.56,0.1,3244.61
3063,103,3,1726.45,0,5179.35
3064,33,1,1950.06,0.1,1755.05
3064,87,2,2631.45,0,5262.9
3064,275,2,1095.75,0.1,1972.35
3064,119,3,822.62,0.2,1974.29
3065,155,1,2767.71,0.2,2214.17
3065,126,3,1025.69,0.1,2769.36
3065,217,1,1838.37,0.1,1654.53
3065,73,3,4378.53,0.2,10508.47
3065,57,1,924.14,0,924.14
3066,186,2,4809.64,0,9619.28
3066,282,1,3926.46,0.1,3533.81
3066,252,3,3127.93,0,9383.79
3066,27,1,4687.97,0.1,4219.17
3067,175,1,797.23,0.1,717.51
3068,195,1,1333.33,0.1,1200
3068,94,1,2572.33,0,2572.33
3068,283,1,1366.35,0.2,1093.08
3069,123,1,823.42,0.1,741.08
3069,30,3,4638.28,0.2,11131.87
3069,210,3,161.58,0.1,436.27
3069,156,3,4614.81,0.2,11075.54
3069,28,3,626.91,0,1880.73
3070,23,1,4414.98,0,4414.98
3071,55,2,4758.22,0.2,7613.15
3071,112,3,2686.4,0.1,7253.28
3071,128,2,4900.43,0,9800.86
3071,62,2,2655.9,0.2,4249.44
3071,215,1,3807.34,0.1,3426.61
3072,13,3,3075.58,0,9226.74
3072,246,3,358.61,0.2,860.66
3072,145,1,1799.29,0,1799.29
3073,111,1,132.09,0.1,118.88
3074,147,2,1158.14,0.2,1853.02
3074,226,3,2658.25,0.1,7177.28
3075,112,2,2686.4,0.1,4835.52
3075,149,1,4047.23,0.1,3642.51
3075,274,2,2974.84,0.1,5354.71
3076,65,2,4314.56,0,8629.12
3076,48,1,1103.95,0.2,883.16
3077,84,3,3865.55,0,11596.65
3077,42,2,1883.45,0.1,3390.21
3078,68,3,998.72,0.2,2396.93
3078,257,1,4439.91,0.2,3551.93
3078,272,3,1711.82,0,5135.46
3078,2,3,162.86,0,488.58
3078,11,2,4126.24,0.1,7427.23
3079,153,3,4053.91,0.1,10945.56
3080,45,2,2210.75,0.1,3979.35
3080,136,3,835.08,0.2,2004.19
3080,204,3,2819.85,0.2,6767.64
3081,273,2,4036.68,0.2,6458.69
3081,207,2,4279.16,0.1,7702.49
3082,31,2,3542.58,0.2,5668.13
3082,231,1,671.34,0.2,537.07
3083,36,1,649.16,0.2,519.33
3084,186,1,4809.64,0.2,3847.71
3084,277,3,3435.47,0,10306.41
3084,140,1,2103.47,0,2103.47
3084,3,2,1407.01,0.2,2251.22
3084,203,2,4122.66,0,8245.32
3085,77,3,3082.83,0.1,8323.64
3085,11,1,4126.24,0.2,3300.99
3085,216,2,1354.53,0.1,2438.15
3086,93,1,4086.52,0.1,3677.87
3086,279,1,347.7,0.1,312.93
3086,66,3,610.55,0.1,1648.48
3086,181,2,3568.87,0.1,6423.97
3086,58,2,3807.05,0.1,6852.69
3087,128,2,4900.43,0.1,8820.77
3088,74,3,3005.42,0.2,7213.01
3088,61,2,3565.73,0.2,5705.17
3088,286,3,3079.76,0,9239.28
3088,275,2,1095.75,0.1,1972.35
3088,270,2,3310.85,0.1,5959.53
3089,125,3,1471.63,0,4414.89
3089,55,2,4758.22,0.2,7613.15
3089,300,2,3405.97,0.2,5449.55
3089,127,1,4510.8,0.1,4059.72
3089,148,1,2047.04,0.1,1842.34
3090,161,1,2773.7,0.1,2496.33
3091,198,2,2228.32,0.1,4010.98
3091,253,3,655.15,0.1,1768.9
3092,9,3,2541.75,0,7625.25
3093,66,1,610.55,0.1,549.5
3093,216,2,1354.53,0.1,2438.15
3093,149,3,4047.23,0.1,10927.52
3093,170,3,2123.49,0.1,5733.42
3094,110,3,478.85,0.2,1149.24
3094,14,2,4246.91,0,8493.82
3095,222,3,3519.57,0.2,8446.97
3096,7,1,2977.47,0.1,2679.72
3096,85,1,4346.15,0.1,3911.53
3097,108,3,3213.87,0.2,7713.29
3097,63,3,4344.14,0,13032.42
3097,157,1,1420.43,0.1,1278.39
3097,277,2,3435.47,0.2,5496.75
3098,36,1,649.16,0.2,519.33
3098,155,2,2767.71,0.2,4428.34
3098,282,2,3926.46,0.1,7067.63
3099,80,3,2157.78,0.2,5178.67
3099,71,1,3792.47,0.1,3413.22
3099,231,1,671.34,0.1,604.21
3099,134,2,1581.19,0.2,2529.9
3099,17,2,2227.3,0.1,4009.14
3100,266,3,1513.44,0.2,3632.26
3101,213,2,2436.3,0,4872.6
3101,39,3,1788.8,0,5366.4
3102,44,3,3885.07,0,11655.21
3103,141,3,1689.08,0.1,4560.52
3104,124,3,319.5,0.2,766.8
3104,71,3,3792.47,0.1,10239.67
3104,131,2,2349.61,0,4699.22
3104,89,1,130.17,0.1,117.15
3105,10,2,4384.24,0.1,7891.63
3105,260,3,4129.31,0.2,9910.34
3105,74,1,3005.42,0,3005.42
3105,8,1,1531.1,0.2,1224.88
3105,4,3,4485.44,0,13456.32
3106,113,2,180.63,0.2,289.01
3107,81,1,709.48,0.1,638.53
3107,218,2,693.44,0.1,1248.19
3107,100,1,4054.92,0.2,3243.94
3107,115,1,2411.4,0.2,1929.12
3108,115,3,2411.4,0.1,6510.78
3108,237,2,3100.61,0,6201.22
3109,24,3,4661.82,0.2,11188.37
3109,158,2,3200.7,0.1,5761.26
3109,246,2,358.61,0.1,645.5
3109,146,1,1738.9,0,1738.9
3110,271,2,4563.65,0.2,7301.84
3111,30,1,4638.28,0.2,3710.62
3111,200,2,456.13,0,912.26
3111,250,1,2498.75,0.2,1999
3111,72,3,694.52,0.1,1875.2
3111,142,3,2632.44,0,7897.32
3112,26,2,1802.56,0,3605.12
3113,258,1,3042.51,0.2,2434.01
3113,134,3,1581.19,0.2,3794.86
3113,231,3,671.34,0.2,1611.22
3113,173,3,3917.1,0.2,9401.04
3113,146,3,1738.9,0,5216.7
3114,81,2,709.48,0,1418.96
3114,138,1,1616.24,0,1616.24
3114,264,2,490.72,0,981.44
3115,237,2,3100.61,0,6201.22
3115,216,2,1354.53,0.1,2438.15
3116,224,1,1630.29,0,1630.29
3116,59,2,2724.81,0.1,4904.66
3116,147,1,1158.14,0.2,926.51
3117,176,3,4859.23,0,14577.69
3118,88,2,555.9,0.1,1000.62
3118,116,2,4729.75,0,9459.5
3118,78,2,3855.59,0.2,6168.94
3118,92,1,1893.48,0,1893.48
3118,274,3,2974.84,0.1,8032.07
3119,239,2,3599.71,0.1,6479.48
3119,138,2,1616.24,0.1,2909.23
3119,67,3,1384.47,0.1,3738.07
3119,256,3,340.75,0,1022.25
3120,183,3,2480.1,0,7440.3
3120,107,3,171.93,0.1,464.21
3121,88,2,555.9,0.1,1000.62
3121,247,2,2671.22,0.2,4273.95
3122,33,1,1950.06,0.1,1755.05
3123,288,3,4205.02,0.1,11353.55
3123,31,1,3542.58,0,3542.58
3123,236,1,3037.97,0.1,2734.17
3123,188,1,270.55,0,270.55
3123,47,1,2238.71,0,2238.71
3124,221,3,3628.31,0.2,8707.94
3124,210,3,161.58,0,484.74
3124,186,2,4809.64,0.2,7695.42
3124,50,2,4334.05,0.2,6934.48
3125,59,1,2724.81,0.1,2452.33
3125,189,1,2918.36,0.2,2334.69
3126,79,2,2449.85,0.1,4409.73
3126,153,3,4053.91,0.1,10945.56
3127,5,2,4696.11,0.1,8453
3127,86,2,4925.27,0,9850.54
3127,90,3,183.24,0,549.72
3127,87,1,2631.45,0,2631.45
3127,200,2,456.13,0.2,729.81
3128,236,3,3037.97,0.2,7291.13
3129,22,1,3109.21,0,3109.21
3129,110,3,478.85,0,1436.55
3129,48,1,1103.95,0.2,883.16
3129,292,1,4156.58,0,4156.58
3129,118,2,2699.14,0.2,4318.62
3130,227,1,4186.52,0,4186.52
3130,45,3,2210.75,0,6632.25
3130,272,2,1711.82,0.1,3081.28
3130,163,1,3977.99,0.1,3580.19
3131,275,3,1095.75,0,3287.25
3131,165,1,1745.41,0,1745.41
3132,131,2,2349.61,0.1,4229.3
3132,68,2,998.72,0.1,1797.7
3132,271,2,4563.65,0,9127.3
3132,99,3,648.26,0.1,1750.3
3133,197,1,3435.53,0,3435.53
3134,29,1,708.63,0.2,566.9
3134,20,2,670.4,0.2,1072.64
3134,9,3,2541.75,0,7625.25
3134,161,1,2773.7,0.2,2218.96
3134,229,1,1081.83,0.2,865.46
3135,269,2,4355.56,0.1,7840.01
3136,264,1,490.72,0.1,441.65
3136,116,1,4729.75,0,4729.75
3137,158,3,3200.7,0.2,7681.68
3137,67,3,1384.47,0,4153.41
3137,278,1,2540.74,0,2540.74
3137,213,1,2436.3,0.2,1949.04
3137,119,1,822.62,0,822.62
3138,142,1,2632.44,0,2632.44
3138,32,3,3229.2,0,9687.6
3139,34,2,3132.01,0.2,5011.22
3139,53,3,4303.7,0.1,11619.99
3139,239,1,3599.71,0.2,2879.77
3139,233,2,3048.45,0,6096.9
3139,141,2,1689.08,0.2,2702.53
3140,16,3,3952.33,0.2,9485.59
3141,48,1,1103.95,0,1103.95
3141,98,2,1535.92,0,3071.84
3141,247,2,2671.22,0.1,4808.2
3141,194,1,2773.23,0.2,2218.58
3142,278,3,2540.74,0.1,6860
3143,187,1,4233.39,0.1,3810.05
3143,154,1,3505.06,0,3505.06
3143,34,1,3132.01,0,3132.01
3143,51,1,3723.25,0.2,2978.6
3143,295,2,2343.7,0,4687.4
3144,101,2,3677.55,0.1,6619.59
3144,267,1,4752.35,0,4752.35
3144,47,2,2238.71,0,4477.42
3144,198,1,2228.32,0,2228.32
3145,37,1,3070.15,0.2,2456.12
3145,41,2,4424.05,0.1,7963.29
3145,192,2,1974.7,0.2,3159.52
3145,113,3,180.63,0.2,433.51
3145,74,3,3005.42,0,9016.26
3146,285,1,2791.44,0.2,2233.15
3147,292,3,4156.58,0,12469.74
3147,126,1,1025.69,0,1025.69
3148,57,3,924.14,0,2772.42
3148,231,1,671.34,0,671.34
3148,151,3,4406.48,0,13219.44
3149,180,2,655.78,0.2,1049.25
3149,251,1,148.83,0.2,119.06
3149,128,3,4900.43,0.2,11761.03
3150,80,3,2157.78,0,6473.34
3150,16,2,3952.33,0.2,6323.73
3150,201,2,3328.08,0,6656.16
3150,137,2,1005.84,0.1,1810.51
3150,15,2,2876.77,0,5753.54
3151,50,3,4334.05,0.1,11701.94
3151,7,1,2977.47,0,2977.47
3151,131,3,2349.61,0.2,5639.06
3152,185,2,1406.51,0,2813.02
3152,47,1,2238.71,0.1,2014.84
3153,120,3,2696.47,0.1,7280.47
3153,23,2,4414.98,0.2,7063.97
3153,210,1,161.58,0.2,129.26
3153,246,2,358.61,0,717.22
3154,78,1,3855.59,0.2,3084.47
3154,6,3,905.68,0,2717.04
3154,72,2,694.52,0.1,1250.14
3154,294,3,294.39,0.2,706.54
3154,101,3,3677.55,0.2,8826.12
3155,130,2,3052.06,0.1,5493.71
3156,146,3,1738.9,0.1,4695.03
3156,51,3,3723.25,0.1,10052.77
3156,188,3,270.55,0.1,730.49
3156,13,3,3075.58,0.1,8304.07
3156,34,3,3132.01,0.1,8456.43
3157,129,3,2531.28,0,7593.84
3157,248,3,1314.7,0.1,3549.69
3157,61,1,3565.73,0.1,3209.16
3157,57,3,924.14,0.2,2217.94
3157,2,2,162.86,0.1,293.15
3158,97,1,1334.43,0.2,1067.54
3158,15,3,2876.77,0.1,7767.28
3159,89,1,130.17,0.1,117.15
3159,283,1,1366.35,0.1,1229.71
3159,153,2,4053.91,0.1,7297.04
3159,6,2,905.68,0,1811.36
3159,71,3,3792.47,0.1,10239.67
3160,45,1,2210.75,0,2210.75
3160,71,2,3792.47,0.1,6826.45
3160,294,1,294.39,0.2,235.51
3160,41,3,4424.05,0.2,10617.72
3161,95,2,1944.44,0,3888.88
3162,214,1,956.15,0.2,764.92
3162,148,3,2047.04,0.1,5527.01
3163,44,2,3885.07,0.2,6216.11
3163,125,1,1471.63,0.1,1324.47
3163,288,3,4205.02,0.1,11353.55
3163,278,1,2540.74,0.2,2032.59
3164,177,3,1279.69,0.2,3071.26
3165,30,1,4638.28,0.1,4174.45
3166,277,3,3435.47,0.2,8245.13
3166,268,1,4342.22,0.1,3908
3166,270,2,3310.85,0.1,5959.53
3166,78,2,3855.59,0.2,6168.94
3166,182,2,2659.11,0.1,4786.4
3167,5,3,4696.11,0.1,12679.5
3167,222,3,3519.57,0.2,8446.97
3167,240,3,1075.21,0.2,2580.5
3167,123,1,823.42,0,823.42
3167,146,3,1738.9,0,5216.7
3168,146,3,1738.9,0.2,4173.36
3168,298,1,2955.32,0.1,2659.79
3168,221,2,3628.31,0.2,5805.3
3168,158,3,3200.7,0.2,7681.68
3169,115,2,2411.4,0,4822.8
3169,40,3,1192.17,0,3576.51
3169,172,1,4013.49,0,4013.49
3169,39,1,1788.8,0,1788.8
3169,299,3,2527.49,0.1,6824.22
3170,50,2,4334.05,0,8668.1
3170,138,3,1616.24,0,4848.72
3170,219,1,134.79,0,134.79
3170,12,1,1645.78,0.2,1316.62
3171,112,2,2686.4,0.1,4835.52
3171,131,1,2349.61,0.1,2114.65
3171,146,1,1738.9,0,1738.9
3171,62,3,2655.9,0.1,7170.93
3171,145,3,1799.29,0,5397.87
3172,201,3,3328.08,0.1,8985.82
3173,110,1,478.85,0.2,383.08
3173,154,1,3505.06,0.1,3154.55
3173,190,2,1962.53,0.1,3532.55
3173,168,2,1435,0.1,2583
3173,11,1,4126.24,0.1,3713.62
3174,90,1,183.24,0.1,164.92
3174,258,2,3042.51,0.1,5476.52
3174,220,1,2980.59,0.1,2682.53
3174,76,3,3589.68,0,10769.04
3174,99,1,648.26,0.2,518.61
3175,119,2,822.62,0.1,1480.72
3175,293,3,3384.67,0.2,8123.21
3175,217,3,1838.37,0,5515.11
3175,186,2,4809.64,0.2,7695.42
3176,253,1,655.15,0,655.15
3177,269,1,4355.56,0.1,3920
3177,220,3,2980.59,0.2,7153.42
3177,91,1,1308.63,0.2,1046.9
3177,155,2,2767.71,0,5535.42
3177,241,3,4140.57,0.2,9937.37
3178,219,3,134.79,0.1,363.93
3178,27,2,4687.97,0.1,8438.35
3179,13,1,3075.58,0,3075.58
3179,82,1,716.07,0,716.07
3179,273,2,4036.68,0.2,6458.69
3180,30,2,4638.28,0,9276.56
3180,91,2,1308.63,0.2,2093.81
3180,68,1,998.72,0.1,898.85
3180,47,2,2238.71,0.1,4029.68
3181,221,1,3628.31,0,3628.31
3181,39,3,1788.8,0.2,4293.12
3181,222,2,3519.57,0,7039.14
3181,200,3,456.13,0.2,1094.71
3182,242,1,4351.59,0,4351.59
3182,278,1,2540.74,0.2,2032.59
3183,287,1,4626.22,0,4626.22
3183,271,1,4563.65,0,4563.65
3183,191,1,2272.49,0.2,1817.99
3183,11,1,4126.24,0,4126.24
3183,184,1,3022.86,0.1,2720.57
3184,273,3,4036.68,0.1,10899.04
3185,49,1,1365.91,0,1365.91
3185,12,2,1645.78,0.2,2633.25
3185,212,2,3691.31,0.1,6644.36
3185,57,2,924.14,0.2,1478.62
3186,119,2,822.62,0.1,1480.72
3186,144,1,2500.85,0.1,2250.76
3187,40,1,1192.17,0.1,1072.95
3187,148,3,2047.04,0,6141.12
3187,23,3,4414.98,0.2,10595.95
3188,295,2,2343.7,0,4687.4
3188,13,1,3075.58,0,3075.58
3189,91,3,1308.63,0,3925.89
3189,186,1,4809.64,0,4809.64
3190,276,1,2930.01,0.1,2637.01
3190,88,1,555.9,0,555.9
3190,182,2,2659.11,0.2,4254.58
3190,218,2,693.44,0.2,1109.5
3190,131,2,2349.61,0,4699.22
3191,111,3,132.09,0,396.27
3191,286,1,3079.76,0.1,2771.78
3191,185,3,1406.51,0.2,3375.62
3191,41,3,4424.05,0.1,11944.94
3191,190,2,1962.53,0.1,3532.55
3192,173,2,3917.1,0.1,7050.78
3192,189,2,2918.36,0.1,5253.05
3192,131,3,2349.61,0.2,5639.06
3192,228,3,4818.58,0.1,13010.17
3193,260,2,4129.31,0,8258.62
3193,284,3,1844.85,0,5534.55
3194,185,1,1406.51,0,1406.51
3194,261,3,3503.75,0.1,9460.12
3195,67,1,1384.47,0.1,1246.02
3195,51,2,3723.25,0,7446.5
3195,161,1,2773.7,0,2773.7
3196,275,2,1095.75,0,2191.5
3196,62,2,2655.9,0.1,4780.62
3197,13,2,3075.58,0.1,5536.04
3197,95,1,1944.44,0.2,1555.55
3198,138,1,1616.24,0.2,1292.99
3199,232,1,3920.49,0,3920.49
3199,247,2,2671.22,0.1,4808.2
3199,180,1,655.78,0,655.78
3199,127,3,4510.8,0.2,10825.92
3200,161,1,2773.7,0.2,2218.96
3201,10,3,4384.24,0.2,10522.18
3201,157,1,1420.43,0.2,1136.34
3202,23,3,4414.98,0.2,10595.95
3202,212,3,3691.31,0.1,9966.54
3202,154,3,3505.06,0.2,8412.14
3202,190,2,1962.53,0.1,3532.55
3203,182,2,2659.11,0,5318.22
3203,197,2,3435.53,0,6871.06
3203,172,3,4013.49,0.1,10836.42
3203,3,1,1407.01,0.2,1125.61
3204,77,3,3082.83,0.2,7398.79
3205,72,3,694.52,0.1,1875.2
3206,26,2,1802.56,0.2,2884.1
3206,22,3,3109.21,0.2,7462.1
3206,263,1,3765.62,0.2,3012.5
3207,230,3,1046.39,0.1,2825.25
3207,290,2,1966.47,0,3932.94
3208,195,3,1333.33,0,3999.99
3208,241,2,4140.57,0.1,7453.03
3208,158,3,3200.7,0.2,7681.68
3209,138,2,1616.24,0.1,2909.23
3209,8,2,1531.1,0,3062.2
3209,117,3,2823.36,0,8470.08
3209,91,1,1308.63,0.1,1177.77
3209,257,2,4439.91,0,8879.82
3210,195,3,1333.33,0,3999.99
3210,280,2,990.64,0,1981.28
3211,146,3,1738.9,0.1,4695.03
3211,222,2,3519.57,0,7039.14
3211,91,2,1308.63,0.1,2355.53
3211,119,3,822.62,0.2,1974.29
3211,89,1,130.17,0,130.17
3212,86,2,4925.27,0.1,8865.49
3212,91,1,1308.63,0.1,1177.77
3212,207,3,4279.16,0,12837.48
3212,180,3,655.78,0.1,1770.61
3213,214,3,956.15,0,2868.45
3213,103,2,1726.45,0.1,3107.61
3214,49,3,1365.91,0.1,3687.96
3214,84,1,3865.55,0.1,3479
3215,265,3,3805.03,0,11415.09
3215,174,3,4378.44,0,13135.32
3215,216,1,1354.53,0.1,1219.08
3215,154,3,3505.06,0.2,8412.14
3216,294,3,294.39,0.1,794.85
3216,175,2,797.23,0.1,1435.01
3216,82,1,716.07,0.2,572.86
3216,195,2,1333.33,0.1,2399.99
3216,29,2,708.63,0.2,1133.81
3217,96,3,4243.67,0,12731.01
3217,254,1,1160.5,0.2,928.4
3217,197,3,3435.53,0.1,9275.93
3218,97,3,1334.43,0.2,3202.63
3218,285,1,2791.44,0.2,2233.15
3218,172,3,4013.49,0.1,10836.42
3218,115,2,2411.4,0.2,3858.24
3219,293,1,3384.67,0,3384.67
3219,80,1,2157.78,0.2,1726.22
3220,70,1,2565.16,0.2,2052.13
3220,211,2,2468.4,0,4936.8
3221,207,3,4279.16,0.1,11553.73
3221,163,1,3977.99,0.1,3580.19
3221,156,2,4614.81,0,9229.62
3221,43,2,241.69,0,483.38
3222,48,2,1103.95,0.2,1766.32
3223,212,1,3691.31,0.1,3322.18
3224,207,3,4279.16,0.1,11553.73
3224,105,3,985.57,0.2,2365.37
3224,172,3,4013.49,0.2,9632.38
3224,157,2,1420.43,0.1,2556.77
3225,136,2,835.08,0.2,1336.13
3226,46,3,3061.47,0.1,8265.97
3227,250,2,2498.75,0.1,4497.75
3227,183,3,2480.1,0,7440.3
3227,29,1,708.63,0.2,566.9
3227,287,3,4626.22,0.2,11102.93
3228,33,2,1950.06,0,3900.12
3229,216,1,1354.53,0.1,1219.08
3229,277,1,3435.47,0,3435.47
3229,273,2,4036.68,0.1,7266.02
3229,159,2,807.72,0.1,1453.9
3230,285,1,2791.44,0.2,2233.15
3230,55,2,4758.22,0.2,7613.15
3230,93,1,4086.52,0,4086.52
3231,93,1,4086.52,0.2,3269.22
3231,134,1,1581.19,0.1,1423.07
3232,110,3,478.85,0.2,1149.24
3232,186,1,4809.64,0,4809.64
3232,208,1,2962.16,0.2,2369.73
3232,16,3,3952.33,0,11856.99
3233,93,1,4086.52,0,4086.52
3233,32,3,3229.2,0.2,7750.08
3233,31,1,3542.58,0.2,2834.06
3234,210,2,161.58,0.1,290.84
3235,155,3,2767.71,0.1,7472.82
3236,144,2,2500.85,0,5001.7
3236,108,3,3213.87,0,9641.61
3237,195,3,1333.33,0.1,3599.99
3238,124,2,319.5,0,639
3238,289,2,1989.64,0.2,3183.42
3238,258,2,3042.51,0,6085.02
3238,18,2,534.95,0,1069.9
3238,223,2,3793.34,0.1,6828.01
3239,139,3,3351.42,0.2,8043.41
3239,87,2,2631.45,0.2,4210.32
3240,50,1,4334.05,0,4334.05
3240,70,1,2565.16,0.1,2308.64
3240,12,3,1645.78,0.2,3949.87
3240,32,1,3229.2,0.1,2906.28
3240,295,2,2343.7,0.2,3749.92
3241,15,2,2876.77,0.1,5178.19
3241,273,2,4036.68,0.1,7266.02
3242,128,2,4900.43,0,9800.86
3242,187,1,4233.39,0,4233.39
3242,191,2,2272.49,0.1,4090.48
3243,17,3,2227.3,0.2,5345.52
3243,102,2,1655.92,0,3311.84
3243,200,1,456.13,0.1,410.52
3243,274,3,2974.84,0.2,7139.62
3244,289,3,1989.64,0.2,4775.14
3244,170,1,2123.49,0.2,1698.79
3244,111,2,132.09,0.1,237.76
3244,145,1,1799.29,0,1799.29
3244,270,1,3310.85,0.1,2979.76
3245,119,3,822.62,0,2467.86
3246,162,2,3712.96,0,7425.92
3246,194,3,2773.23,0,8319.69
3246,230,1,1046.39,0,1046.39
3246,251,2,148.83,0.2,238.13
3247,98,1,1535.92,0.2,1228.74
3248,170,3,2123.49,0.1,5733.42
3249,64,1,2393.81,0.1,2154.43
3249,176,2,4859.23,0.2,7774.77
3249,232,3,3920.49,0.1,10585.32
3249,180,1,655.78,0,655.78
3250,299,2,2527.49,0.1,4549.48
3250,183,3,2480.1,0.2,5952.24
3251,201,1,3328.08,0,3328.08
3251,88,3,555.9,0.2,1334.16
3251,218,3,693.44,0.2,1664.26
3251,192,1,1974.7,0,1974.7
3252,126,2,1025.69,0.2,1641.1
3252,139,1,3351.42,0.1,3016.28
3253,246,3,358.61,0.2,860.66
3253,99,3,648.26,0.2,1555.82
3253,171,2,226.42,0,452.84
3254,144,3,2500.85,0.1,6752.29
3254,76,2,3589.68,0.1,6461.42
3254,82,3,716.07,0.2,1718.57
3254,209,3,4282.34,0.2,10277.62
3255,274,1,2974.84,0,2974.84
3255,286,2,3079.76,0.1,5543.57
3255,215,1,3807.34,0.2,3045.87
3256,79,2,2449.85,0.1,4409.73
3256,138,3,1616.24,0,4848.72
3257,93,1,4086.52,0,4086.52
3257,184,3,3022.86,0,9068.58
3257,211,3,2468.4,0.2,5924.16
3257,119,1,822.62,0.2,658.1
3257,297,2,4780.41,0,9560.82
3258,275,2,1095.75,0,2191.5
3258,173,2,3917.1,0.1,7050.78
3258,2,2,162.86,0,325.72
3258,51,3,3723.25,0.1,10052.77
3258,228,1,4818.58,0.1,4336.72
3259,136,3,835.08,0.1,2254.72
3259,230,2,1046.39,0,2092.78
3259,265,2,3805.03,0.1,6849.05
3259,84,3,3865.55,0.1,10436.99
3259,212,1,3691.31,0,3691.31
3260,181,2,3568.87,0,7137.74
3260,153,1,4053.91,0,4053.91
3260,129,3,2531.28,0,7593.84
3261,19,3,175.58,0,526.74
3262,46,3,3061.47,0,9184.41
3262,253,2,655.15,0.1,1179.27
3262,129,1,2531.28,0,2531.28
3262,185,2,1406.51,0.1,2531.72
3262,122,3,1254.11,0.2,3009.86
3263,299,1,2527.49,0,2527.49
3263,231,2,671.34,0,1342.68
3263,234,1,1752.01,0,1752.01
3263,11,3,4126.24,0.1,11140.85
3264,300,3,3405.97,0.2,8174.33
3264,73,1,4378.53,0,4378.53
3265,114,1,2450.58,0.1,2205.52
3265,235,3,1157.47,0,3472.41
3265,243,2,2564.2,0.2,4102.72
3265,233,1,3048.45,0,3048.45
3265,198,2,2228.32,0.1,4010.98
3266,275,2,1095.75,0.2,1753.2
3266,107,2,171.93,0.2,275.09
3266,37,2,3070.15,0.2,4912.24
3267,83,2,4022.4,0,8044.8
3267,72,3,694.52,0.2,1666.85
3268,100,3,4054.92,0.2,9731.81
3269,211,2,2468.4,0.2,3949.44
3269,220,3,2980.59,0.2,7153.42
3269,262,2,579.31,0.1,1042.76
3269,40,1,1192.17,0,1192.17
3269,19,3,175.58,0,526.74
3270,154,1,3505.06,0.1,3154.55
3270,163,3,3977.99,0.2,9547.18
3270,30,1,4638.28,0.1,4174.45
3270,15,1,2876.77,0,2876.77
3271,57,1,924.14,0.2,739.31
3271,220,1,2980.59,0.1,2682.53
3271,170,2,2123.49,0.2,3397.58
3271,284,3,1844.85,0,5534.55
3272,45,3,2210.75,0.2,5305.8
3272,136,1,835.08,0,835.08
3272,71,2,3792.47,0.2,6067.95
3272,258,1,3042.51,0,3042.51
3273,151,1,4406.48,0.2,3525.18
3273,243,1,2564.2,0.2,2051.36
3273,259,3,2977.48,0,8932.44
3274,49,3,1365.91,0.1,3687.96
3274,107,3,171.93,0.1,464.21
3274,244,3,3623.71,0.2,8696.9
3274,20,2,670.4,0,1340.8
3275,156,3,4614.81,0,13844.43
3275,37,3,3070.15,0.2,7368.36
3276,140,3,2103.47,0.2,5048.33
3276,61,1,3565.73,0,3565.73
3276,277,1,3435.47,0.2,2748.38
3276,1,2,1571.14,0.2,2513.82
3277,248,1,1314.7,0.2,1051.76
3277,279,2,347.7,0,695.4
3277,259,3,2977.48,0.2,7145.95
3277,20,2,670.4,0.1,1206.72
3277,267,3,4752.35,0,14257.05
3278,108,1,3213.87,0.1,2892.48
3278,47,1,2238.71,0.2,1790.97
3278,12,2,1645.78,0.2,2633.25
3278,137,1,1005.84,0.1,905.26
3279,10,2,4384.24,0.1,7891.63
3280,56,1,886.8,0.2,709.44
3280,298,1,2955.32,0,2955.32
3281,294,3,294.39,0,883.17
3282,41,2,4424.05,0,8848.1
3283,166,3,1655.44,0.1,4469.69
3283,217,2,1838.37,0.2,2941.39
3284,4,1,4485.44,0.1,4036.9
3284,29,2,708.63,0,1417.26
3284,160,3,961.86,0.2,2308.46
3285,106,1,1023.38,0,1023.38
3286,16,3,3952.33,0.1,10671.29
3286,133,2,4617.75,0.1,8311.95
3286,50,3,4334.05,0,13002.15
3286,219,1,134.79,0.1,121.31
3286,89,3,130.17,0.2,312.41
3287,148,1,2047.04,0,2047.04
3287,198,1,2228.32,0,2228.32
3287,114,1,2450.58,0.1,2205.52
3287,132,3,1515.14,0.2,3636.34
3288,61,1,3565.73,0.2,2852.58
3288,74,3,3005.42,0.1,8114.63
3288,258,2,3042.51,0.1,5476.52
3288,112,1,2686.4,0.2,2149.12
3289,59,1,2724.81,0.2,2179.85
3289,246,3,358.61,0.1,968.25
3289,33,3,1950.06,0.2,4680.14
3289,92,2,1893.48,0.2,3029.57
3289,295,1,2343.7,0.2,1874.96
3290,9,2,2541.75,0.1,4575.15
3290,12,2,1645.78,0.2,2633.25
3290,191,1,2272.49,0.1,2045.24
3291,65,2,4314.56,0,8629.12
3291,271,2,4563.65,0.1,8214.57
3291,140,2,2103.47,0.1,3786.25
3291,284,3,1844.85,0.2,4427.64
3291,237,3,3100.61,0,9301.83
3292,215,3,3807.34,0,11422.02
3292,1,1,1571.14,0.2,1256.91
3292,223,2,3793.34,0.2,6069.34
3292,39,3,1788.8,0.2,4293.12
3293,117,1,2823.36,0.2,2258.69
3293,251,3,148.83,0.2,357.19
3293,64,3,2393.81,0.2,5745.14
3293,39,2,1788.8,0.1,3219.84
3294,138,3,1616.24,0.1,4363.85
3294,16,2,3952.33,0,7904.66
3294,146,1,1738.9,0.2,1391.12
3294,286,3,3079.76,0,9239.28
3295,103,2,1726.45,0.2,2762.32
3295,238,2,2511.77,0.2,4018.83
3295,222,2,3519.57,0.2,5631.31
3296,205,2,1317.26,0,2634.52
3297,134,3,1581.19,0,4743.57
3298,44,3,3885.07,0,11655.21
3298,187,3,4233.39,0.2,10160.14
3298,121,3,2781.54,0.2,6675.7
3299,229,2,1081.83,0,2163.66
3299,276,2,2930.01,0,5860.02
3300,34,2,3132.01,0,6264.02
3301,165,2,1745.41,0.2,2792.66
3301,274,2,2974.84,0.1,5354.71
3301,68,3,998.72,0,2996.16
3301,190,1,1962.53,0.1,1766.28
3302,275,2,1095.75,0,2191.5
3303,251,2,148.83,0.1,267.89
3303,43,1,241.69,0,241.69
3304,24,1,4661.82,0.1,4195.64
3304,147,2,1158.14,0,2316.28
3305,33,2,1950.06,0.1,3510.11
3305,260,3,4129.31,0.2,9910.34
3306,67,1,1384.47,0.2,1107.58
3307,208,1,2962.16,0.2,2369.73
3307,86,2,4925.27,0.2,7880.43
3307,73,2,4378.53,0,8757.06
3307,289,3,1989.64,0.2,4775.14
3307,290,1,1966.47,0.2,1573.18
3308,150,3,1188.32,0,3564.96
3309,164,1,816.74,0.1,735.07
3309,280,2,990.64,0.1,1783.15
3309,282,2,3926.46,0,7852.92
3309,31,1,3542.58,0,3542.58
3310,94,2,2572.33,0.1,4630.19
3310,35,1,147.11,0,147.11
3311,252,2,3127.93,0.2,5004.69
3311,124,3,319.5,0.2,766.8
3311,288,1,4205.02,0.2,3364.02
3312,5,1,4696.11,0.1,4226.5
3312,41,2,4424.05,0,8848.1
3313,211,3,2468.4,0.2,5924.16
3313,99,3,648.26,0.1,1750.3
3313,170,3,2123.49,0.1,5733.42
3313,262,2,579.31,0,1158.62
3314,246,2,358.61,0.2,573.78
3314,228,3,4818.58,0.1,13010.17
3314,193,1,4029.85,0,4029.85
3314,23,1,4414.98,0.2,3531.98
3314,59,2,2724.81,0.1,4904.66
3315,75,3,3915.6,0.1,10572.12
3316,262,2,579.31,0.1,1042.76
3317,149,3,4047.23,0.2,9713.35
3317,175,3,797.23,0.2,1913.35
3317,196,3,415.32,0.1,1121.36
3317,106,1,1023.38,0.2,818.7
3317,224,2,1630.29,0.1,2934.52
3318,174,2,4378.44,0,8756.88
3318,96,1,4243.67,0.1,3819.3
3318,210,3,161.58,0.2,387.79
3319,111,3,132.09,0.1,356.64
3319,144,1,2500.85,0.1,2250.76
3319,214,1,956.15,0.2,764.92
3319,254,1,1160.5,0,1160.5
3319,101,2,3677.55,0,7355.1
3320,32,2,3229.2,0.2,5166.72
3321,230,1,1046.39,0,1046.39
3321,128,1,4900.43,0.2,3920.34
3322,147,1,1158.14,0.1,1042.33
3322,232,3,3920.49,0,11761.47
3322,60,2,4674.62,0,9349.24
3322,106,1,1023.38,0.1,921.04
3323,112,1,2686.4,0,2686.4
3323,182,3,2659.11,0,7977.33
3323,223,2,3793.34,0,7586.68
3323,180,2,655.78,0,1311.56
3324,254,2,1160.5,0.1,2088.9
3324,121,3,2781.54,0.2,6675.7
3324,138,3,1616.24,0,4848.72
3324,27,3,4687.97,0.2,11251.13
3324,54,2,954.56,0,1909.12
3325,57,1,924.14,0.1,831.73
3326,122,3,1254.11,0.1,3386.1
3326,130,3,3052.06,0.1,8240.56
3326,40,3,1192.17,0.2,2861.21
3326,116,1,4729.75,0.2,3783.8
3327,31,3,3542.58,0,10627.74
3327,187,3,4233.39,0,12700.17
3327,71,1,3792.47,0.2,3033.98
3327,154,3,3505.06,0,10515.18
3327,290,2,1966.47,0.2,3146.35
3328,79,1,2449.85,0,2449.85
3328,101,3,3677.55,0,11032.65
3329,198,2,2228.32,0,4456.64
3329,238,2,2511.77,0.1,4521.19
3329,164,3,816.74,0.1,2205.2
3329,29,3,708.63,0,2125.89
3330,184,1,3022.86,0,3022.86
3331,167,3,3968.26,0.2,9523.82
3331,275,3,1095.75,0.1,2958.53
3332,126,1,1025.69,0.2,820.55
3332,38,1,1830.1,0,1830.1
3332,187,2,4233.39,0,8466.78
3333,250,1,2498.75,0,2498.75
3334,237,3,3100.61,0.2,7441.46
3334,231,3,671.34,0,2014.02
3334,165,2,1745.41,0.2,2792.66
3335,6,1,905.68,0.2,724.54
3335,29,2,708.63,0.2,1133.81
3335,66,2,610.55,0.2,976.88
3335,200,2,456.13,0.1,821.03
3336,248,1,1314.7,0.2,1051.76
3336,229,1,1081.83,0.1,973.65
3337,30,1,4638.28,0,4638.28
3337,136,1,835.08,0.1,751.57
3337,75,2,3915.6,0.2,6264.96
3337,292,3,4156.58,0.1,11222.77
3338,252,1,3127.93,0.1,2815.14
3338,6,3,905.68,0,2717.04
3338,232,3,3920.49,0.2,9409.18
3339,20,2,670.4,0,1340.8
3339,56,3,886.8,0.2,2128.32
3339,60,2,4674.62,0.1,8414.32
3339,165,1,1745.41,0.1,1570.87
3340,220,3,2980.59,0,8941.77
3340,195,1,1333.33,0,1333.33
3340,148,1,2047.04,0.1,1842.34
3340,285,2,2791.44,0.1,5024.59
3341,116,1,4729.75,0,4729.75
3341,134,2,1581.19,0.2,2529.9
3341,91,1,1308.63,0.2,1046.9
3342,299,1,2527.49,0.2,2021.99
3342,50,1,4334.05,0.2,3467.24
3342,69,1,2395.28,0.2,1916.22
3342,234,2,1752.01,0.1,3153.62
3342,277,1,3435.47,0.2,2748.38
3343,215,3,3807.34,0.1,10279.82
3343,96,3,4243.67,0.2,10184.81
3344,213,2,2436.3,0.2,3898.08
3344,51,3,3723.25,0.2,8935.8
3344,260,2,4129.31,0.1,7432.76
3344,258,1,3042.51,0.1,2738.26
3344,189,3,2918.36,0.1,7879.57
3345,217,1,1838.37,0,1838.37
3345,35,2,147.11,0.1,264.8
3346,51,3,3723.25,0.1,10052.77
3346,29,1,708.63,0,708.63
3346,131,2,2349.61,0.1,4229.3
3346,127,3,4510.8,0,13532.4
3346,174,2,4378.44,0,8756.88
3347,227,2,4186.52,0.1,7535.74
3347,48,2,1103.95,0.1,1987.11
3347,256,1,340.75,0.1,306.68
3347,171,3,226.42,0.2,543.41
3348,228,2,4818.58,0,9637.16
3348,12,1,1645.78,0,1645.78
3348,276,2,2930.01,0.2,4688.02
3348,31,2,3542.58,0,7085.16
3349,43,3,241.69,0.2,580.06
3349,217,2,1838.37,0,3676.74
3349,28,2,626.91,0.2,1003.06
3350,211,3,2468.4,0.1,6664.68
3351,8,1,1531.1,0,1531.1
3351,138,2,1616.24,0.2,2585.98
3352,245,1,4842.81,0.1,4358.53
3352,65,2,4314.56,0.1,7766.21
3352,124,1,319.5,0.1,287.55
3352,152,2,888.12,0.2,1420.99
3352,43,2,241.69,0.2,386.7
3353,158,3,3200.7,0.1,8641.89
3354,114,3,2450.58,0,7351.74
3354,243,2,2564.2,0.1,4615.56
3354,287,2,4626.22,0,9252.44
3354,135,2,1279.65,0,2559.3
3355,212,1,3691.31,0.1,3322.18
3355,6,3,905.68,0.1,2445.34
3356,253,2,655.15,0.1,1179.27
3356,199,2,1706.15,0,3412.3
3356,213,1,2436.3,0.1,2192.67
3356,232,1,3920.49,0,3920.49
3356,282,2,3926.46,0.2,6282.34
3357,36,3,649.16,0,1947.48
3357,53,3,4303.7,0.2,10328.88
3357,25,3,2807.38,0.1,7579.93
3358,163,3,3977.99,0.2,9547.18
3358,5,3,4696.11,0.2,11270.66
3358,196,1,415.32,0.1,373.79
3358,132,2,1515.14,0.1,2727.25
3358,30,2,4638.28,0.2,7421.25
3359,33,1,1950.06,0,1950.06
3359,188,2,270.55,0.2,432.88
3359,183,2,2480.1,0,4960.2
3359,236,1,3037.97,0.2,2430.38
3360,260,2,4129.31,0.1,7432.76
3360,80,3,2157.78,0.2,5178.67
3361,179,2,3748.16,0.2,5997.06
3362,213,3,2436.3,0,7308.9
3362,167,3,3968.26,0.2,9523.82
3362,296,3,693.33,0.1,1871.99
3362,278,2,2540.74,0.1,4573.33
3362,60,2,4674.62,0.1,8414.32
3363,207,3,4279.16,0.1,11553.73
3363,250,2,2498.75,0,4997.5
3363,288,1,4205.02,0.1,3784.52
3364,267,2,4752.35,0.2,7603.76
3364,228,2,4818.58,0.2,7709.73
3365,206,1,789.54,0,789.54
3365,39,3,1788.8,0.1,4829.76
3365,111,1,132.09,0.2,105.67
3365,155,3,2767.71,0.1,7472.82
3366,214,2,956.15,0,1912.3
3366,260,2,4129.31,0.1,7432.76
3366,197,2,3435.53,0.2,5496.85
3367,156,3,4614.81,0.1,12459.99
3367,98,1,1535.92,0.1,1382.33
3367,49,2,1365.91,0.1,2458.64
3367,295,3,2343.7,0,7031.1
3368,99,1,648.26,0.2,518.61
3368,272,3,1711.82,0.2,4108.37
3368,86,2,4925.27,0.2,7880.43
3368,145,1,1799.29,0.2,1439.43
3369,65,1,4314.56,0,4314.56
3369,273,2,4036.68,0.2,6458.69
3369,281,2,914.17,0.2,1462.67
3369,106,3,1023.38,0,3070.14
3370,112,2,2686.4,0,5372.8
3370,243,3,2564.2,0.2,6154.08
3371,267,3,4752.35,0,14257.05
3372,130,2,3052.06,0,6104.12
3372,15,2,2876.77,0.1,5178.19
3373,36,3,649.16,0.1,1752.73
3373,247,2,2671.22,0.2,4273.95
3373,22,2,3109.21,0,6218.42
3373,104,2,4507.94,0.1,8114.29
3373,29,3,708.63,0.1,1913.3
3374,122,2,1254.11,0.2,2006.58
3374,161,1,2773.7,0.2,2218.96
3374,273,2,4036.68,0.1,7266.02
3374,212,1,3691.31,0.1,3322.18
3374,252,1,3127.93,0.1,2815.14
3375,53,1,4303.7,0.1,3873.33
3375,178,2,113.25,0,226.5
3375,201,3,3328.08,0,9984.24
3375,227,1,4186.52,0,4186.52
3375,25,3,2807.38,0,8422.14
3376,69,2,2395.28,0.1,4311.5
3376,289,2,1989.64,0,3979.28
3376,54,3,954.56,0.1,2577.31
3376,45,1,2210.75,0,2210.75
3376,172,3,4013.49,0,12040.47
3377,82,1,716.07,0.2,572.86
3377,286,2,3079.76,0.1,5543.57
3377,186,2,4809.64,0.1,8657.35
3378,55,2,4758.22,0.1,8564.8
3378,236,2,3037.97,0.2,4860.75
3379,96,2,4243.67,0.2,6789.87
3380,99,2,648.26,0.1,1166.87
3381,51,2,3723.25,0,7446.5
3381,173,3,3917.1,0,11751.3
3381,136,1,835.08,0.1,751.57
3381,272,1,1711.82,0.2,1369.46
3381,243,1,2564.2,0.1,2307.78
3382,185,3,1406.51,0.1,3797.58
3383,56,3,886.8,0.2,2128.32
3383,166,1,1655.44,0.1,1489.9
3383,293,3,3384.67,0.2,8123.21
3383,98,2,1535.92,0,3071.84
3383,127,3,4510.8,0.1,12179.16
3384,33,3,1950.06,0.2,4680.14
3384,80,1,2157.78,0,2157.78
3384,183,2,2480.1,0.2,3968.16
3385,175,3,797.23,0,2391.69
3385,291,1,850.79,0,850.79
3385,267,1,4752.35,0.1,4277.12
3385,43,2,241.69,0.2,386.7
3385,153,1,4053.91,0.2,3243.13
3386,137,1,1005.84,0.2,804.67
3386,198,3,2228.32,0.1,6016.46
3386,6,1,905.68,0,905.68
3387,242,3,4351.59,0,13054.77
3387,143,2,2349.66,0.1,4229.39
3387,174,2,4378.44,0.1,7881.19
3387,280,1,990.64,0.2,792.51
3388,180,2,655.78,0.1,1180.4
3388,65,2,4314.56,0,8629.12
3389,66,3,610.55,0,1831.65
3389,295,2,2343.7,0.2,3749.92
3389,272,3,1711.82,0.2,4108.37
3389,241,2,4140.57,0.2,6624.91
3389,197,1,3435.53,0,3435.53
3390,122,3,1254.11,0,3762.33
3390,91,1,1308.63,0,1308.63
3390,131,2,2349.61,0.2,3759.38
3391,153,2,4053.91,0,8107.82
3391,119,3,822.62,0.2,1974.29
3391,40,1,1192.17,0.2,953.74
3391,52,3,4453.5,0.1,12024.45
3391,15,1,2876.77,0.2,2301.42
3392,41,1,4424.05,0.1,3981.65
3392,184,1,3022.86,0.2,2418.29
3392,290,2,1966.47,0.1,3539.65
3392,188,2,270.55,0.2,432.88
3393,140,3,2103.47,0.2,5048.33
3394,53,1,4303.7,0.1,3873.33
3394,102,2,1655.92,0,3311.84
3394,120,2,2696.47,0.2,4314.35
3394,166,1,1655.44,0,1655.44
3394,61,1,3565.73,0,3565.73
3395,164,3,816.74,0.1,2205.2
3395,110,3,478.85,0,1436.55
3395,39,2,1788.8,0,3577.6
3395,240,2,1075.21,0,2150.42
3396,288,2,4205.02,0.1,7569.04
3396,133,1,4617.75,0.1,4155.98
3396,5,3,4696.11,0.2,11270.66
3396,10,3,4384.24,0.1,11837.45
3397,236,2,3037.97,0,6075.94
3397,278,3,2540.74,0,7622.22
3397,273,1,4036.68,0,4036.68
3397,209,2,4282.34,0.1,7708.21
3398,189,2,2918.36,0,5836.72
3398,102,3,1655.92,0.2,3974.21
3398,169,3,4666.14,0.1,12598.58
3398,156,2,4614.81,0,9229.62
3398,210,3,161.58,0.1,436.27
3399,205,3,1317.26,0.1,3556.6
3399,164,2,816.74,0,1633.48
3399,170,3,2123.49,0.2,5096.38
3399,52,1,4453.5,0.2,3562.8
3399,219,2,134.79,0,269.58
3400,91,3,1308.63,0,3925.89
3401,150,3,1188.32,0,3564.96
3401,290,3,1966.47,0.2,4719.53
3401,20,3,670.4,0.2,1608.96
3402,173,1,3917.1,0.1,3525.39
3402,250,2,2498.75,0.1,4497.75
3402,117,1,2823.36,0.2,2258.69
3403,212,2,3691.31,0.1,6644.36
3403,292,2,4156.58,0.1,7481.84
3403,37,2,3070.15,0.2,4912.24
3403,242,3,4351.59,0.2,10443.82
3404,65,1,4314.56,0,4314.56
3404,26,1,1802.56,0.2,1442.05
3404,31,2,3542.58,0.2,5668.13
3404,272,2,1711.82,0,3423.64
3404,167,3,3968.26,0.1,10714.3
3405,212,1,3691.31,0.1,3322.18
3405,8,2,1531.1,0.2,2449.76
3405,277,2,3435.47,0.2,5496.75
3405,237,1,3100.61,0.2,2480.49
3405,103,1,1726.45,0,1726.45
3406,10,2,4384.24,0.2,7014.78
3407,127,1,4510.8,0.2,3608.64
3407,261,1,3503.75,0.2,2803
3407,202,3,1540.48,0.2,3697.15
3407,80,2,2157.78,0.2,3452.45
3407,50,1,4334.05,0.2,3467.24
3408,51,1,3723.25,0,3723.25
3408,50,3,4334.05,0.2,10401.72
3408,269,1,4355.56,0.1,3920
3409,258,1,3042.51,0.1,2738.26
3409,229,3,1081.83,0.1,2920.94
3409,123,3,823.42,0.2,1976.21
3409,204,2,2819.85,0.2,4511.76
3409,236,2,3037.97,0.1,5468.35
3410,170,2,2123.49,0,4246.98
3411,37,3,3070.15,0.2,7368.36
3411,288,2,4205.02,0,8410.04
3412,41,3,4424.05,0.2,10617.72
3412,226,1,2658.25,0,2658.25
3412,16,3,3952.33,0.2,9485.59
3412,2,1,162.86,0,162.86
3413,127,3,4510.8,0,13532.4
3414,161,1,2773.7,0,2773.7
3414,59,1,2724.81,0.1,2452.33
3414,49,1,1365.91,0.1,1229.32
3414,239,2,3599.71,0.1,6479.48
3414,162,3,3712.96,0.1,10024.99
3415,56,2,886.8,0.2,1418.88
3416,104,1,4507.94,0.1,4057.15
3416,100,2,4054.92,0,8109.84
3417,190,3,1962.53,0.1,5298.83
3417,207,3,4279.16,0.1,11553.73
3418,297,1,4780.41,0.1,4302.37
3418,173,3,3917.1,0.1,10576.17
3419,56,2,886.8,0,1773.6
3419,203,1,4122.66,0.1,3710.39
3419,120,3,2696.47,0.2,6471.53
3419,153,1,4053.91,0,4053.91
3419,119,1,822.62,0.2,658.1
3420,153,2,4053.91,0,8107.82
3420,17,1,2227.3,0.2,1781.84
3421,7,3,2977.47,0,8932.41
3421,218,1,693.44,0.1,624.1
3421,10,1,4384.24,0.1,3945.82
3422,49,3,1365.91,0,4097.73
3423,125,3,1471.63,0,4414.89
3424,167,3,3968.26,0.1,10714.3
3425,213,3,2436.3,0.1,6578.01
3425,77,3,3082.83,0.1,8323.64
3425,158,2,3200.7,0,6401.4
3426,168,1,1435,0.1,1291.5
3426,45,2,2210.75,0.1,3979.35
3426,171,3,226.42,0,679.26
3426,160,1,961.86,0.1,865.67
3426,134,1,1581.19,0,1581.19
3427,54,1,954.56,0.1,859.1
3427,247,3,2671.22,0,8013.66
3427,126,3,1025.69,0.2,2461.66
3427,106,3,1023.38,0.1,2763.13
3427,234,1,1752.01,0,1752.01
3428,295,1,2343.7,0.2,1874.96
3428,265,1,3805.03,0.2,3044.02
3429,298,1,2955.32,0.2,2364.26
3429,155,3,2767.71,0.2,6642.5
3429,119,2,822.62,0.2,1316.19
3429,9,3,2541.75,0,7625.25
3429,195,3,1333.33,0.2,3199.99
3430,299,1,2527.49,0.1,2274.74
3430,42,3,1883.45,0,5650.35
3430,116,3,4729.75,0.1,12770.33
3430,19,2,175.58,0.1,316.04
3431,63,1,4344.14,0.2,3475.31
3431,120,1,2696.47,0,2696.47
3431,124,2,319.5,0.1,575.1
3431,229,1,1081.83,0,1081.83
3431,161,1,2773.7,0,2773.7
3432,104,2,4507.94,0.1,8114.29
3433,70,1,2565.16,0.2,2052.13
3433,111,3,132.09,0.2,317.02
3433,169,1,4666.14,0.2,3732.91
3433,293,3,3384.67,0.1,9138.61
3433,50,1,4334.05,0,4334.05
3434,145,3,1799.29,0.2,4318.3
3435,204,3,2819.85,0.1,7613.59
3436,43,3,241.69,0.1,652.56
3436,224,1,1630.29,0,1630.29
3436,198,3,2228.32,0.2,5347.97
3437,212,3,3691.31,0,11073.93
3438,191,2,2272.49,0,4544.98
3439,286,1,3079.76,0.1,2771.78
3439,151,2,4406.48,0.1,7931.66
3439,248,1,1314.7,0,1314.7
3439,90,3,183.24,0.1,494.75
3440,118,1,2699.14,0,2699.14
3440,240,1,1075.21,0,1075.21
3440,195,3,1333.33,0.2,3199.99
3440,271,3,4563.65,0.1,12321.85
3440,24,3,4661.82,0,13985.46
3441,265,1,3805.03,0.2,3044.02
3441,186,1,4809.64,0.2,3847.71
3442,121,2,2781.54,0.1,5006.77
3442,257,2,4439.91,0.1,7991.84
3442,251,1,148.83,0.1,133.95
3442,183,2,2480.1,0.1,4464.18
3443,28,1,626.91,0.1,564.22
3443,283,2,1366.35,0,2732.7
3443,89,2,130.17,0.1,234.31
3443,243,2,2564.2,0.2,4102.72
3444,139,3,3351.42,0.1,9048.83
3444,300,2,3405.97,0.2,5449.55
3444,296,2,693.33,0.2,1109.33
3445,189,2,2918.36,0.2,4669.38
3446,61,2,3565.73,0.1,6418.31
3446,291,3,850.79,0,2552.37
3447,151,1,4406.48,0,4406.48
3447,16,3,3952.33,0.2,9485.59
3447,243,3,2564.2,0,7692.6
3448,134,1,1581.19,0.1,1423.07
3448,229,2,1081.83,0,2163.66
3448,53,3,4303.7,0,12911.1
3449,47,1,2238.71,0.2,1790.97
3449,217,3,1838.37,0.1,4963.6
3449,185,2,1406.51,0.1,2531.72
3449,116,2,4729.75,0.1,8513.55
3449,177,3,1279.69,0.1,3455.16
3450,247,3,2671.22,0.1,7212.29
3450,12,1,1645.78,0.1,1481.2
3450,63,1,4344.14,0.1,3909.73
3450,38,3,1830.1,0.1,4941.27
3450,122,3,1254.11,0,3762.33
3451,82,1,716.07,0.2,572.86
3451,81,1,709.48,0.1,638.53
3452,241,2,4140.57,0.2,6624.91
3452,146,3,1738.9,0.1,4695.03
3452,187,3,4233.39,0,12700.17
3452,156,3,4614.81,0.2,11075.54
3452,276,2,2930.01,0.1,5274.02
3453,4,1,4485.44,0.2,3588.35
3453,221,2,3628.31,0.1,6530.96
3453,205,3,1317.26,0.2,3161.42
3454,53,1,4303.7,0.2,3442.96
3454,186,3,4809.64,0,14428.92
3454,50,2,4334.05,0.2,6934.48
3455,184,3,3022.86,0.1,8161.72
3455,201,3,3328.08,0.2,7987.39
3455,224,2,1630.29,0.2,2608.46
3456,221,3,3628.31,0.2,8707.94
3456,144,3,2500.85,0,7502.55
3456,145,1,1799.29,0,1799.29
3456,192,1,1974.7,0.1,1777.23
3456,235,3,1157.47,0.1,3125.17
3457,251,3,148.83,0,446.49
3457,17,1,2227.3,0,2227.3
3457,30,2,4638.28,0.1,8348.9
3457,200,3,456.13,0,1368.39
3458,300,2,3405.97,0,6811.94
3458,254,3,1160.5,0.1,3133.35
3458,155,2,2767.71,0,5535.42
3458,129,3,2531.28,0.2,6075.07
3458,189,1,2918.36,0.2,2334.69
3459,111,3,132.09,0,396.27
3459,168,2,1435,0.2,2296
3459,235,2,1157.47,0.1,2083.45
3459,91,1,1308.63,0.1,1177.77
3459,85,2,4346.15,0,8692.3
3460,98,3,1535.92,0.2,3686.21
3461,7,1,2977.47,0.1,2679.72
3461,178,3,113.25,0.2,271.8
3461,89,2,130.17,0.2,208.27
3461,107,1,171.93,0.1,154.74
3461,35,1,147.11,0.2,117.69
3462,147,1,1158.14,0,1158.14
3463,218,1,693.44,0.1,624.1
3463,132,1,1515.14,0,1515.14
3463,36,2,649.16,0,1298.32
3464,241,3,4140.57,0.1,11179.54
3464,286,1,3079.76,0,3079.76
3464,51,1,3723.25,0,3723.25
3465,149,3,4047.23,0.1,10927.52
3466,217,2,1838.37,0,3676.74
3466,175,2,797.23,0,1594.46
3466,192,2,1974.7,0.1,3554.46
3467,169,2,4666.14,0.2,7465.82
3467,41,1,4424.05,0.2,3539.24
3468,129,3,2531.28,0,7593.84
3468,206,2,789.54,0,1579.08
3468,261,1,3503.75,0.2,2803
3468,185,1,1406.51,0.2,1125.21
3468,124,1,319.5,0.2,255.6
3469,254,1,1160.5,0,1160.5
3469,113,3,180.63,0.1,487.7
3469,26,3,1802.56,0.2,4326.14
3469,51,2,3723.25,0.1,6701.85
3470,226,2,2658.25,0,5316.5
3470,299,3,2527.49,0,7582.47
3470,235,1,1157.47,0.2,925.98
3470,176,3,4859.23,0,14577.69
3470,104,1,4507.94,0.2,3606.35
3471,130,1,3052.06,0.1,2746.85
3471,48,3,1103.95,0.2,2649.48
3471,184,3,3022.86,0.2,7254.86
3472,11,1,4126.24,0.1,3713.62
3472,211,3,2468.4,0,7405.2
3473,221,2,3628.31,0,7256.62
3473,251,3,148.83,0.2,357.19
3473,201,3,3328.08,0.1,8985.82
3473,41,3,4424.05,0,13272.15
3473,63,3,4344.14,0.2,10425.94
3474,218,1,693.44,0,693.44
3475,17,3,2227.3,0,6681.9
3475,220,1,2980.59,0,2980.59
3475,256,2,340.75,0,681.5
3475,204,3,2819.85,0,8459.55
3476,278,2,2540.74,0.2,4065.18
3477,49,3,1365.91,0.1,3687.96
3477,250,3,2498.75,0,7496.25
3477,3,1,1407.01,0.2,1125.61
3477,177,1,1279.69,0,1279.69
3477,173,3,3917.1,0.2,9401.04
3478,291,1,850.79,0.2,680.63
3478,103,1,1726.45,0.1,1553.81
3479,228,1,4818.58,0.1,4336.72
3479,97,2,1334.43,0,2668.86
3479,291,2,850.79,0.1,1531.42
3480,93,3,4086.52,0,12259.56
3480,163,3,3977.99,0.1,10740.57
3481,208,3,2962.16,0,8886.48
3481,113,1,180.63,0,180.63
3481,57,1,924.14,0.2,739.31
3482,251,2,148.83,0.2,238.13
3482,255,3,634.26,0.2,1522.22
3483,262,3,579.31,0.1,1564.14
3483,200,1,456.13,0.2,364.9
3483,236,1,3037.97,0.1,2734.17
3484,196,1,415.32,0.2,332.26
3484,288,2,4205.02,0.1,7569.04
3484,181,1,3568.87,0.2,2855.1
3484,49,3,1365.91,0.2,3278.18
3485,226,3,2658.25,0,7974.75
3485,61,1,3565.73,0,3565.73
3485,117,3,2823.36,0.1,7623.07
3486,219,1,134.79,0.1,121.31
3486,140,3,2103.47,0.1,5679.37
3487,44,1,3885.07,0.2,3108.06
3487,49,2,1365.91,0.1,2458.64
3487,174,3,4378.44,0.2,10508.26
3488,73,2,4378.53,0,8757.06
3489,25,2,2807.38,0,5614.76
3489,90,2,183.24,0.2,293.18
3490,273,2,4036.68,0.2,6458.69
3491,177,1,1279.69,0,1279.69
3491,18,3,534.95,0.2,1283.88
3492,279,2,347.7,0,695.4
3492,7,3,2977.47,0,8932.41
3492,106,1,1023.38,0.2,818.7
3492,57,3,924.14,0.1,2495.18
3492,202,1,1540.48,0.2,1232.38
3493,150,3,1188.32,0.2,2851.97
3494,198,1,2228.32,0.1,2005.49
3495,1,2,1571.14,0.2,2513.82
3495,68,3,998.72,0.1,2696.54
3496,17,3,2227.3,0.2,5345.52
3496,260,1,4129.31,0.2,3303.45
3497,253,1,655.15,0.1,589.63
3497,246,2,358.61,0,717.22
3497,158,2,3200.7,0.1,5761.26
3498,86,2,4925.27,0.1,8865.49
3499,73,2,4378.53,0,8757.06
3499,117,3,2823.36,0,8470.08
3499,22,3,3109.21,0.2,7462.1
3499,221,1,3628.31,0.1,3265.48
3500,280,3,990.64,0,2971.92
3500,156,1,4614.81,0.1,4153.33
3500,300,3,3405.97,0.1,9196.12
3500,84,3,3865.55,0.1,10436.99
3501,27,3,4687.97,0.1,12657.52
3501,240,3,1075.21,0,3225.63
3502,253,3,655.15,0.2,1572.36
3502,126,3,1025.69,0.2,2461.66
3502,213,3,2436.3,0.2,5847.12
3502,128,1,4900.43,0.1,4410.39
3503,109,2,500.73,0,1001.46
3503,18,3,534.95,0.2,1283.88
3503,190,2,1962.53,0.2,3140.05
3503,115,1,2411.4,0,2411.4
3504,267,1,4752.35,0.1,4277.12
3504,96,2,4243.67,0,8487.34
3505,36,2,649.16,0,1298.32
3505,251,1,148.83,0.1,133.95
3505,221,2,3628.31,0.2,5805.3
3505,24,2,4661.82,0,9323.64
3505,178,3,113.25,0.2,271.8
3506,280,2,990.64,0.2,1585.02
3506,3,3,1407.01,0,4221.03
3506,212,2,3691.31,0,7382.62
3506,142,2,2632.44,0,5264.88
3506,154,3,3505.06,0,10515.18
3507,31,3,3542.58,0,10627.74
3507,244,2,3623.71,0.1,6522.68
3508,59,2,2724.81,0,5449.62
3509,186,3,4809.64,0.1,12986.03
3509,151,1,4406.48,0,4406.48
3509,162,2,3712.96,0.1,6683.33
3509,66,3,610.55,0.1,1648.48
3510,76,2,3589.68,0.2,5743.49
3510,186,3,4809.64,0.1,12986.03
3510,145,3,1799.29,0,5397.87
3510,283,2,1366.35,0,2732.7
3510,193,2,4029.85,0.2,6447.76
3511,66,3,610.55,0,1831.65
3511,78,2,3855.59,0.1,6940.06
3512,34,3,3132.01,0,9396.03
3512,140,1,2103.47,0.1,1893.12
3512,105,2,985.57,0.2,1576.91
3513,15,1,2876.77,0.2,2301.42
3514,102,3,1655.92,0,4967.76
3514,222,2,3519.57,0.2,5631.31
3515,63,3,4344.14,0.2,10425.94
3516,143,2,2349.66,0.1,4229.39
3516,93,2,4086.52,0.2,6538.43
3516,176,1,4859.23,0.1,4373.31
3516,53,3,4303.7,0.2,10328.88
3516,198,1,2228.32,0.1,2005.49
3517,199,2,1706.15,0.2,2729.84
3517,275,2,1095.75,0,2191.5
3517,90,2,183.24,0.1,329.83
3517,239,2,3599.71,0.2,5759.54
3518,256,1,340.75,0,340.75
3518,229,3,1081.83,0.1,2920.94
3518,91,1,1308.63,0.1,1177.77
3518,113,3,180.63,0.2,433.51
3518,92,3,1893.48,0.2,4544.35
3519,9,3,2541.75,0.2,6100.2
3519,60,2,4674.62,0.2,7479.39
3520,79,3,2449.85,0,7349.55
3520,62,2,2655.9,0.1,4780.62
3521,96,2,4243.67,0,8487.34
3521,110,3,478.85,0.1,1292.9
3521,67,1,1384.47,0,1384.47
3521,45,3,2210.75,0,6632.25
3521,199,2,1706.15,0,3412.3
3522,18,2,534.95,0.2,855.92
3522,13,3,3075.58,0.2,7381.39
3522,10,1,4384.24,0.2,3507.39
3522,262,2,579.31,0,1158.62
3522,200,2,456.13,0.2,729.81
3523,167,1,3968.26,0.2,3174.61
3523,134,3,1581.19,0.1,4269.21
3524,39,3,1788.8,0.2,4293.12
3524,30,3,4638.28,0,13914.84
3524,234,2,1752.01,0,3504.02
3525,60,2,4674.62,0.2,7479.39
3526,207,3,4279.16,0.2,10269.98
3526,209,2,4282.34,0.2,6851.74
3526,35,1,147.11,0.2,117.69
3527,143,2,2349.66,0.2,3759.46
3528,36,3,649.16,0.2,1557.98
3528,196,1,415.32,0.2,332.26
3529,76,1,3589.68,0.1,3230.71
3529,134,1,1581.19,0,1581.19
3529,174,3,4378.44,0.2,10508.26
3529,296,2,693.33,0.2,1109.33
3529,140,1,2103.47,0,2103.47
3530,91,1,1308.63,0.1,1177.77
3531,233,3,3048.45,0.1,8230.81
3531,275,3,1095.75,0.2,2629.8
3531,94,1,2572.33,0,2572.33
3532,24,1,4661.82,0,4661.82
3532,81,1,709.48,0.1,638.53
3532,298,3,2955.32,0,8865.96
3532,194,2,2773.23,0.2,4437.17
3533,198,1,2228.32,0.1,2005.49
3533,220,2,2980.59,0.1,5365.06
3533,58,1,3807.05,0,3807.05
3534,127,2,4510.8,0.2,7217.28
3534,103,1,1726.45,0.1,1553.81
3534,99,3,648.26,0,1944.78
3534,233,2,3048.45,0,6096.9
3535,193,3,4029.85,0.2,9671.64
3535,27,2,4687.97,0,9375.94
3535,262,2,579.31,0.2,926.9
3536,289,2,1989.64,0,3979.28
3537,180,1,655.78,0,655.78
3537,10,1,4384.24,0.2,3507.39
3537,71,3,3792.47,0.2,9101.93
3537,145,1,1799.29,0.2,1439.43
3537,257,2,4439.91,0.1,7991.84
3538,149,2,4047.23,0.1,7285.01
3538,198,3,2228.32,0.1,6016.46
3538,106,3,1023.38,0,3070.14
3539,117,2,2823.36,0.2,4517.38
3539,270,1,3310.85,0.1,2979.76
3539,142,2,2632.44,0,5264.88
3539,264,1,490.72,0.2,392.58
3539,209,3,4282.34,0,12847.02
3540,14,2,4246.91,0.1,7644.44
3540,195,3,1333.33,0.1,3599.99
3540,198,3,2228.32,0.1,6016.46
3540,65,2,4314.56,0.2,6903.3
3540,134,2,1581.19,0.1,2846.14
3541,40,3,1192.17,0.1,3218.86
3541,76,2,3589.68,0.1,6461.42
3541,90,1,183.24,0.1,164.92
3541,237,3,3100.61,0,9301.83
3541,292,2,4156.58,0.1,7481.84
3542,101,1,3677.55,0,3677.55
3543,240,3,1075.21,0.1,2903.07
3543,131,1,2349.61,0.1,2114.65
3544,283,2,1366.35,0.2,2186.16
3544,48,3,1103.95,0,3311.85
3545,276,3,2930.01,0.2,7032.02
3545,157,2,1420.43,0,2840.86
3546,174,1,4378.44,0,4378.44
3546,245,1,4842.81,0.1,4358.53
3546,219,1,134.79,0.2,107.83
3546,42,3,1883.45,0.2,4520.28
3546,4,3,4485.44,0,13456.32
3547,3,1,1407.01,0.2,1125.61
3547,242,2,4351.59,0.1,7832.86
3547,46,3,3061.47,0.1,8265.97
3547,229,3,1081.83,0.2,2596.39
3547,174,1,4378.44,0.2,3502.75
3548,14,2,4246.91,0.2,6795.06
3548,204,1,2819.85,0.1,2537.86
3548,124,3,319.5,0.1,862.65
3549,255,1,634.26,0,634.26
3549,266,2,1513.44,0.2,2421.5
3550,221,3,3628.31,0,10884.93
3550,235,2,1157.47,0,2314.94
3550,69,1,2395.28,0,2395.28
3551,275,2,1095.75,0,2191.5
3551,205,3,1317.26,0,3951.78
3551,248,1,1314.7,0,1314.7
3552,248,1,1314.7,0.1,1183.23
3552,197,3,3435.53,0,10306.59
3552,227,2,4186.52,0.2,6698.43
3552,94,1,2572.33,0.2,2057.86
3553,181,1,3568.87,0.2,2855.1
3553,60,1,4674.62,0.1,4207.16
3553,124,3,319.5,0.1,862.65
3553,112,2,2686.4,0,5372.8
3554,81,1,709.48,0.2,567.58
3554,138,2,1616.24,0,3232.48
3554,173,3,3917.1,0.1,10576.17
3555,234,2,1752.01,0.2,2803.22
3555,118,3,2699.14,0,8097.42
3555,48,2,1103.95,0.1,1987.11
3556,229,2,1081.83,0.2,1730.93
3556,29,3,708.63,0,2125.89
3556,31,1,3542.58,0.1,3188.32
3556,237,1,3100.61,0.2,2480.49
3557,89,2,130.17,0.1,234.31
3557,277,1,3435.47,0,3435.47
3557,206,2,789.54,0.2,1263.26
3557,246,3,358.61,0.1,968.25
3558,192,3,1974.7,0.1,5331.69
3559,198,2,2228.32,0.1,4010.98
3559,48,3,1103.95,0.1,2980.67
3560,94,2,2572.33,0.2,4115.73
3561,217,2,1838.37,0,3676.74
3561,290,2,1966.47,0.1,3539.65
3561,55,2,4758.22,0.2,7613.15
3562,253,1,655.15,0.1,589.63
3562,4,1,4485.44,0.1,4036.9
3562,175,3,797.23,0.1,2152.52
3562,56,1,886.8,0.2,709.44
3562,126,3,1025.69,0.2,2461.66
3563,108,2,3213.87,0.2,5142.19
3564,91,1,1308.63,0.2,1046.9
3564,232,1,3920.49,0.2,3136.39
3564,32,2,3229.2,0.1,5812.56
3565,2,3,162.86,0.1,439.72
3565,95,3,1944.44,0.2,4666.66
3566,46,2,3061.47,0.2,4898.35
3567,258,2,3042.51,0.1,5476.52
3567,90,3,183.24,0.2,439.78
3568,23,2,4414.98,0.2,7063.97
3568,165,1,1745.41,0,1745.41
3568,226,3,2658.25,0,7974.75
3569,123,2,823.42,0.2,1317.47
3569,77,3,3082.83,0.1,8323.64
3569,262,3,579.31,0.1,1564.14
3570,161,3,2773.7,0,8321.1
3571,181,2,3568.87,0.2,5710.19
3571,4,3,4485.44,0,13456.32
3572,251,1,148.83,0.2,119.06
3572,194,2,2773.23,0,5546.46
3572,197,3,3435.53,0.1,9275.93
3572,283,2,1366.35,0.2,2186.16
3573,23,2,4414.98,0,8829.96
3573,173,3,3917.1,0.1,10576.17
3574,190,2,1962.53,0,3925.06
3574,48,1,1103.95,0.1,993.56
3574,111,3,132.09,0.1,356.64
3574,300,2,3405.97,0.1,6130.75
3575,143,1,2349.66,0.2,1879.73
3575,265,1,3805.03,0.1,3424.53
3575,210,3,161.58,0.1,436.27
3575,201,2,3328.08,0.1,5990.54
3576,173,2,3917.1,0,7834.2
3576,21,2,2599.67,0,5199.34
3577,62,1,2655.9,0,2655.9
3577,122,1,1254.11,0.2,1003.29
3577,195,2,1333.33,0.1,2399.99
3577,233,2,3048.45,0.2,4877.52
3578,59,1,2724.81,0,2724.81
3578,277,1,3435.47,0,3435.47
3578,83,2,4022.4,0,8044.8
3579,209,2,4282.34,0,8564.68
3579,122,1,1254.11,0.2,1003.29
3579,8,2,1531.1,0,3062.2
3580,5,3,4696.11,0,14088.33
3581,294,1,294.39,0.2,235.51
3581,110,3,478.85,0,1436.55
3582,197,1,3435.53,0.2,2748.42
3582,215,2,3807.34,0.1,6853.21
3582,147,2,1158.14,0.2,1853.02
3583,41,1,4424.05,0,4424.05
3583,189,1,2918.36,0.2,2334.69
3583,282,2,3926.46,0.2,6282.34
3584,202,3,1540.48,0,4621.44
3585,295,1,2343.7,0,2343.7
3585,144,3,2500.85,0,7502.55
3585,56,1,886.8,0,886.8
3585,30,1,4638.28,0.2,3710.62
3586,163,2,3977.99,0.1,7160.38
3586,280,3,990.64,0,2971.92
3586,262,1,579.31,0,579.31
3587,149,2,4047.23,0.2,6475.57
3587,278,3,2540.74,0.2,6097.78
3588,245,3,4842.81,0.2,11622.74
3588,18,3,534.95,0.2,1283.88
3588,235,2,1157.47,0.2,1851.95
3588,33,3,1950.06,0.2,4680.14
3588,228,1,4818.58,0.1,4336.72
3589,291,2,850.79,0,1701.58
3589,214,3,956.15,0.2,2294.76
3590,125,2,1471.63,0.1,2648.93
3590,284,1,1844.85,0.1,1660.37
3590,178,3,113.25,0.1,305.78
3590,282,3,3926.46,0,11779.38
3591,122,1,1254.11,0.1,1128.7
3591,279,2,347.7,0,695.4
3591,77,1,3082.83,0.1,2774.55
3591,42,1,1883.45,0.2,1506.76
3592,132,3,1515.14,0.1,4090.88
3592,212,2,3691.31,0.1,6644.36
3592,40,2,1192.17,0,2384.34
3593,124,3,319.5,0,958.5
3593,273,1,4036.68,0.2,3229.34
3593,149,3,4047.23,0.2,9713.35
3593,55,3,4758.22,0.2,11419.73
3593,184,3,3022.86,0.2,7254.86
3594,221,2,3628.31,0,7256.62
3594,42,3,1883.45,0.2,4520.28
3594,77,2,3082.83,0.1,5549.09
3595,293,3,3384.67,0.2,8123.21
3595,284,3,1844.85,0,5534.55
3595,200,2,456.13,0.2,729.81
3595,208,2,2962.16,0,5924.32
3595,125,3,1471.63,0.2,3531.91
3596,263,3,3765.62,0.2,9037.49
3596,81,3,709.48,0.1,1915.6
3596,31,2,3542.58,0.1,6376.64
3596,244,2,3623.71,0.2,5797.94
3596,152,2,888.12,0.1,1598.62
3597,142,1,2632.44,0.1,2369.2
3597,105,1,985.57,0.2,788.46
3597,7,1,2977.47,0,2977.47
3597,122,1,1254.11,0.1,1128.7
3597,275,2,1095.75,0.1,1972.35
3598,149,3,4047.23,0.2,9713.35
3598,113,1,180.63,0.2,144.5
3598,95,2,1944.44,0,3888.88
3598,137,3,1005.84,0,3017.52
3599,146,1,1738.9,0,1738.9
3599,257,2,4439.91,0.1,7991.84
3600,133,2,4617.75,0,9235.5
3600,180,1,655.78,0.2,524.62
3600,23,1,4414.98,0.1,3973.48
3600,270,3,3310.85,0,9932.55
3600,231,2,671.34,0.2,1074.14
3601,56,1,886.8,0.2,709.44
3601,182,1,2659.11,0.2,2127.29
3601,4,2,4485.44,0.2,7176.7
3601,206,3,789.54,0,2368.62
3602,193,2,4029.85,0.2,6447.76
3603,164,1,816.74,0,816.74
3603,188,1,270.55,0.2,216.44
3603,9,2,2541.75,0,5083.5
3604,202,3,1540.48,0,4621.44
3604,197,1,3435.53,0.2,2748.42
3604,198,2,2228.32,0.1,4010.98
3604,27,1,4687.97,0.2,3750.38
3605,102,3,1655.92,0,4967.76
3605,161,3,2773.7,0,8321.1
3605,84,2,3865.55,0.2,6184.88
3606,184,3,3022.86,0.1,8161.72
3607,73,2,4378.53,0.2,7005.65
3607,156,2,4614.81,0.1,8306.66
3607,94,2,2572.33,0,5144.66
3607,96,3,4243.67,0,12731.01
3607,290,2,1966.47,0,3932.94
3608,240,3,1075.21,0.1,2903.07
3608,186,1,4809.64,0.1,4328.68
3608,289,1,1989.64,0.2,1591.71
3608,171,1,226.42,0.2,181.14
3608,41,2,4424.05,0.1,7963.29
3609,163,2,3977.99,0.1,7160.38
3609,37,2,3070.15,0,6140.3
3609,292,1,4156.58,0.2,3325.26
3609,113,2,180.63,0.2,289.01
3610,141,3,1689.08,0.2,4053.79
3610,189,1,2918.36,0.1,2626.52
3610,262,2,579.31,0,1158.62
3611,21,1,2599.67,0.1,2339.7
3611,298,2,2955.32,0.2,4728.51
3611,40,3,1192.17,0,3576.51
3611,240,2,1075.21,0,2150.42
3612,133,1,4617.75,0.1,4155.98
3612,137,2,1005.84,0.2,1609.34
3612,211,2,2468.4,0.1,4443.12
3612,80,3,2157.78,0.1,5826.01
3612,243,2,2564.2,0,5128.4
3613,153,3,4053.91,0.2,9729.38
3613,130,1,3052.06,0,3052.06
3613,6,1,905.68,0.2,724.54
3613,264,3,490.72,0.1,1324.94
3613,240,2,1075.21,0.2,1720.34
3614,280,2,990.64,0.2,1585.02
3614,29,1,708.63,0.1,637.77
3614,268,1,4342.22,0.1,3908
3615,244,1,3623.71,0.1,3261.34
3615,69,2,2395.28,0,4790.56
3615,38,3,1830.1,0,5490.3
3616,234,2,1752.01,0.1,3153.62
3617,166,2,1655.44,0,3310.88
3617,59,2,2724.81,0,5449.62
3617,76,2,3589.68,0.2,5743.49
3617,35,1,147.11,0,147.11
3618,287,2,4626.22,0.2,7401.95
3618,88,3,555.9,0,1667.7
3618,198,1,2228.32,0.2,1782.66
3619,198,1,2228.32,0,2228.32
3619,69,3,2395.28,0,7185.84
3619,42,2,1883.45,0.1,3390.21
3619,272,3,1711.82,0,5135.46
3620,192,2,1974.7,0,3949.4
3620,124,2,319.5,0,639
3621,274,1,2974.84,0,2974.84
3621,81,1,709.48,0.1,638.53
3621,121,2,2781.54,0.2,4450.46
3622,103,1,1726.45,0,1726.45
3622,114,1,2450.58,0.1,2205.52
3622,19,3,175.58,0,526.74
3623,214,2,956.15,0,1912.3
3623,6,2,905.68,0.1,1630.22
3624,225,2,841.46,0.1,1514.63
3624,136,2,835.08,0,1670.16
3624,77,1,3082.83,0.2,2466.26
3624,164,1,816.74,0.2,653.39
3624,35,3,147.11,0.2,353.06
3625,226,1,2658.25,0.1,2392.43
3625,262,3,579.31,0.2,1390.34
3625,228,2,4818.58,0.1,8673.44
3626,213,1,2436.3,0.2,1949.04
3627,7,3,2977.47,0,8932.41
3627,120,2,2696.47,0.1,4853.65
3627,249,3,2443.3,0.2,5863.92
3628,216,2,1354.53,0,2709.06
3628,208,3,2962.16,0,8886.48
3628,140,3,2103.47,0.1,5679.37
3628,237,2,3100.61,0.1,5581.1
3628,48,2,1103.95,0.1,1987.11
3629,13,3,3075.58,0.1,8304.07
3630,97,3,1334.43,0,4003.29
3631,292,1,4156.58,0.2,3325.26
3631,192,3,1974.7,0,5924.1
3632,118,2,2699.14,0.2,4318.62
3632,38,2,1830.1,0.1,3294.18
3632,187,3,4233.39,0.2,10160.14
3632,265,3,3805.03,0.1,10273.58
3632,235,1,1157.47,0,1157.47
3633,166,3,1655.44,0.1,4469.69
3633,195,2,1333.33,0.1,2399.99
3633,222,3,3519.57,0.1,9502.84
3633,196,2,415.32,0,830.64
3633,2,1,162.86,0.1,146.57
3634,252,2,3127.93,0.2,5004.69
3634,254,3,1160.5,0.2,2785.2
3634,188,3,270.55,0.2,649.32
3634,233,2,3048.45,0,6096.9
3635,263,1,3765.62,0.2,3012.5
3635,167,3,3968.26,0,11904.78
3635,136,2,835.08,0,1670.16
3635,206,2,789.54,0,1579.08
3636,21,2,2599.67,0.1,4679.41
3637,123,2,823.42,0,1646.84
3637,56,1,886.8,0.2,709.44
3637,16,1,3952.33,0,3952.33
3638,178,3,113.25,0,339.75
3638,137,2,1005.84,0.2,1609.34
3638,292,3,4156.58,0.2,9975.79
3638,4,2,4485.44,0,8970.88
3638,236,1,3037.97,0.1,2734.17
3639,288,3,4205.02,0.2,10092.05
3639,58,1,3807.05,0.1,3426.35
3639,201,2,3328.08,0.1,5990.54
3639,89,1,130.17,0.2,104.14
3640,85,3,4346.15,0.2,10430.76
3641,20,3,670.4,0.1,1810.08
3641,95,1,1944.44,0.1,1750
3641,234,2,1752.01,0.2,2803.22
3641,286,2,3079.76,0.2,4927.62
3642,51,1,3723.25,0.2,2978.6
3642,264,1,490.72,0,490.72
3643,150,2,1188.32,0.1,2138.98
3643,57,3,924.14,0.1,2495.18
3643,202,3,1540.48,0.1,4159.3
3643,174,1,4378.44,0.2,3502.75
3643,44,2,3885.07,0.1,6993.13
3644,15,2,2876.77,0,5753.54
3644,254,3,1160.5,0.2,2785.2
3644,216,3,1354.53,0.2,3250.87
3645,286,1,3079.76,0.1,2771.78
3645,145,1,1799.29,0.2,1439.43
3645,177,2,1279.69,0,2559.38
3645,130,3,3052.06,0.1,8240.56
3645,47,3,2238.71,0.1,6044.52
3646,220,3,2980.59,0.2,7153.42
3646,274,3,2974.84,0.1,8032.07
3646,297,1,4780.41,0,4780.41
3647,285,3,2791.44,0.2,6699.46
3647,196,2,415.32,0,830.64
3647,151,3,4406.48,0.1,11897.5
3647,31,2,3542.58,0,7085.16
3648,3,1,1407.01,0.1,1266.31
3648,222,3,3519.57,0,10558.71
3648,190,1,1962.53,0,1962.53
3648,111,2,132.09,0,264.18
3649,25,1,2807.38,0,2807.38
3649,266,1,1513.44,0.1,1362.1
3649,168,1,1435,0.1,1291.5
3649,199,1,1706.15,0.2,1364.92
3649,8,2,1531.1,0.2,2449.76
3650,278,3,2540.74,0.1,6860
3650,154,1,3505.06,0.2,2804.05
3650,130,2,3052.06,0.1,5493.71
3650,128,3,4900.43,0,14701.29
3650,211,1,2468.4,0.1,2221.56
3651,283,3,1366.35,0.2,3279.24
3651,75,3,3915.6,0,11746.8
3651,197,1,3435.53,0.1,3091.98
3651,187,3,4233.39,0.1,11430.15
3651,61,1,3565.73,0.2,2852.58
3652,92,1,1893.48,0,1893.48
3652,264,3,490.72,0,1472.16
3652,197,3,3435.53,0.1,9275.93
3652,211,2,2468.4,0.1,4443.12
3653,102,3,1655.92,0,4967.76
3654,224,1,1630.29,0,1630.29
3654,111,1,132.09,0.2,105.67
3655,240,1,1075.21,0,1075.21
3655,183,1,2480.1,0.1,2232.09
3656,134,3,1581.19,0,4743.57
3656,277,1,3435.47,0,3435.47
3657,197,2,3435.53,0,6871.06
3657,204,2,2819.85,0.1,5075.73
3657,255,1,634.26,0.2,507.41
3657,178,1,113.25,0.2,90.6
3658,147,2,1158.14,0,2316.28
3658,148,3,2047.04,0,6141.12
3658,229,3,1081.83,0,3245.49
3658,260,1,4129.31,0.1,3716.38
3659,167,2,3968.26,0.2,6349.22
3659,265,1,3805.03,0.2,3044.02
3659,271,3,4563.65,0,13690.95
3659,136,2,835.08,0,1670.16
3660,203,1,4122.66,0.1,3710.39
3660,66,1,610.55,0.2,488.44
3660,194,1,2773.23,0,2773.23
3660,79,1,2449.85,0.2,1959.88
3660,300,2,3405.97,0.2,5449.55
3661,244,3,3623.71,0,10871.13
3661,165,1,1745.41,0.1,1570.87
3662,168,3,1435,0,4305
3662,174,3,4378.44,0.1,11821.79
3662,100,1,4054.92,0.1,3649.43
3663,275,3,1095.75,0.1,2958.53
3663,110,1,478.85,0,478.85
3663,10,1,4384.24,0,4384.24
3664,215,1,3807.34,0.2,3045.87
3664,122,2,1254.11,0,2508.22
3665,297,2,4780.41,0,9560.82
3665,242,3,4351.59,0.1,11749.29
3666,290,1,1966.47,0.2,1573.18
3667,265,2,3805.03,0,7610.06
3667,243,3,2564.2,0,7692.6
3668,232,3,3920.49,0,11761.47
3668,213,2,2436.3,0,4872.6
3668,47,3,2238.71,0.1,6044.52
3668,296,1,693.33,0.1,624
3669,5,3,4696.11,0,14088.33
3669,81,2,709.48,0.1,1277.06
3670,179,3,3748.16,0.1,10120.03
3671,26,1,1802.56,0,1802.56
3671,96,2,4243.67,0,8487.34
3672,216,1,1354.53,0.2,1083.62
3672,253,2,655.15,0,1310.3
3672,38,2,1830.1,0.1,3294.18
3673,183,1,2480.1,0.1,2232.09
3673,193,2,4029.85,0,8059.7
3674,198,2,2228.32,0.2,3565.31
3674,62,2,2655.9,0.1,4780.62
3674,95,1,1944.44,0.1,1750
3674,46,2,3061.47,0.1,5510.65
3674,60,2,4674.62,0.1,8414.32
3675,218,2,693.44,0.1,1248.19
3675,89,1,130.17,0.1,117.15
3676,106,2,1023.38,0.1,1842.08
3676,137,1,1005.84,0.1,905.26
3677,91,1,1308.63,0,1308.63
3678,7,2,2977.47,0.1,5359.45
3678,136,2,835.08,0.1,1503.14
3678,119,3,822.62,0,2467.86
3678,181,1,3568.87,0.1,3211.98
3679,186,2,4809.64,0,9619.28
3680,265,2,3805.03,0.2,6088.05
3681,192,2,1974.7,0,3949.4
3682,43,3,241.69,0.1,652.56
3682,86,2,4925.27,0.1,8865.49
3682,162,1,3712.96,0,3712.96
3682,289,2,1989.64,0.1,3581.35
3683,200,3,456.13,0,1368.39
3683,76,3,3589.68,0,10769.04
3683,231,3,671.34,0,2014.02
3684,112,1,2686.4,0,2686.4
3684,2,1,162.86,0.1,146.57
3685,248,3,1314.7,0.1,3549.69
3685,274,3,2974.84,0.2,7139.62
3685,213,1,2436.3,0,2436.3
3685,129,2,2531.28,0.1,4556.3
3686,117,2,2823.36,0,5646.72
3686,113,3,180.63,0.1,487.7
3686,226,3,2658.25,0.2,6379.8
3686,270,2,3310.85,0.1,5959.53
3687,75,2,3915.6,0.1,7048.08
3687,165,1,1745.41,0.2,1396.33
3688,177,3,1279.69,0.2,3071.26
3688,126,1,1025.69,0,1025.69
3689,80,1,2157.78,0,2157.78
3689,257,2,4439.91,0.1,7991.84
3690,187,1,4233.39,0,4233.39
3690,190,1,1962.53,0,1962.53
3691,199,1,1706.15,0.1,1535.54
3691,246,2,358.61,0.2,573.78
3691,58,3,3807.05,0,11421.15
3691,133,2,4617.75,0.1,8311.95
3691,291,1,850.79,0.1,765.71
3692,28,2,626.91,0.1,1128.44
3692,71,1,3792.47,0.2,3033.98
3693,243,2,2564.2,0.1,4615.56
3693,236,1,3037.97,0.2,2430.38
3693,280,1,990.64,0.1,891.58
3693,277,1,3435.47,0,3435.47
3694,37,3,3070.15,0,9210.45
3694,58,2,3807.05,0.1,6852.69
3694,285,1,2791.44,0.1,2512.3
3695,179,3,3748.16,0.1,10120.03
3695,264,3,490.72,0.2,1177.73
3696,159,3,807.72,0.2,1938.53
3696,82,1,716.07,0.1,644.46
3696,54,2,954.56,0.1,1718.21
3696,189,3,2918.36,0.1,7879.57
3697,158,1,3200.7,0.1,2880.63
3698,24,3,4661.82,0,13985.46
3698,77,3,3082.83,0.2,7398.79
3699,89,3,130.17,0.2,312.41
3699,105,2,985.57,0.1,1774.03
3699,60,2,4674.62,0.2,7479.39
3699,117,1,2823.36,0.2,2258.69
3700,175,2,797.23,0.2,1275.57
3700,97,3,1334.43,0,4003.29
3701,11,3,4126.24,0.2,9902.98
3702,239,1,3599.71,0,3599.71
3702,177,3,1279.69,0.2,3071.26
3703,256,1,340.75,0.2,272.6
3703,156,1,4614.81,0,4614.81
3703,145,2,1799.29,0,3598.58
3704,60,2,4674.62,0.1,8414.32
3704,257,3,4439.91,0.1,11987.76
3704,24,1,4661.82,0.2,3729.46
3704,171,2,226.42,0.1,407.56
3704,286,2,3079.76,0.1,5543.57
3705,269,2,4355.56,0,8711.12
3705,160,2,961.86,0.2,1538.98
3705,89,3,130.17,0,390.51
3705,268,3,4342.22,0.2,10421.33
3706,133,2,4617.75,0.2,7388.4
3706,250,3,2498.75,0.2,5997
3706,47,2,2238.71,0,4477.42
3706,163,1,3977.99,0,3977.99
3706,149,1,4047.23,0.1,3642.51
3707,76,1,3589.68,0.1,3230.71
3707,201,1,3328.08,0,3328.08
3707,73,2,4378.53,0.2,7005.65
3707,177,2,1279.69,0.1,2303.44
3708,80,3,2157.78,0.2,5178.67
3708,19,1,175.58,0,175.58
3708,282,2,3926.46,0.2,6282.34
3708,73,2,4378.53,0,8757.06
3709,139,3,3351.42,0,10054.26
3709,28,2,626.91,0.1,1128.44
3709,26,3,1802.56,0.1,4866.91
3709,262,2,579.31,0.1,1042.76
3710,70,3,2565.16,0.2,6156.38
3710,258,2,3042.51,0,6085.02
3710,187,1,4233.39,0.2,3386.71
3710,1,2,1571.14,0.1,2828.05
3710,113,3,180.63,0.1,487.7
3711,2,2,162.86,0.2,260.58
3711,203,3,4122.66,0,12367.98
3711,79,2,2449.85,0.2,3919.76
3711,297,2,4780.41,0,9560.82
3711,233,1,3048.45,0.1,2743.61
3712,100,1,4054.92,0.2,3243.94
3713,136,1,835.08,0.2,668.06
3713,25,1,2807.38,0.2,2245.9
3713,216,2,1354.53,0,2709.06
3714,209,1,4282.34,0,4282.34
3714,186,3,4809.64,0,14428.92
3714,99,1,648.26,0.1,583.43
3715,297,2,4780.41,0.2,7648.66
3715,162,1,3712.96,0.2,2970.37
3715,280,1,990.64,0.1,891.58
3715,207,3,4279.16,0,12837.48
3716,141,1,1689.08,0.1,1520.17
3716,39,2,1788.8,0,3577.6
3717,268,3,4342.22,0.1,11723.99
3717,217,3,1838.37,0.1,4963.6
3717,95,1,1944.44,0,1944.44
3717,105,1,985.57,0.2,788.46
3717,171,2,226.42,0,452.84
3718,138,3,1616.24,0.2,3878.98
3718,157,3,1420.43,0.1,3835.16
3718,53,1,4303.7,0,4303.7
3718,136,1,835.08,0,835.08
3718,187,2,4233.39,0.2,6773.42
3719,225,3,841.46,0.2,2019.5
3719,104,3,4507.94,0.1,12171.44
3719,64,3,2393.81,0.1,6463.29
3719,279,2,347.7,0.1,625.86
3719,93,2,4086.52,0.1,7355.74
3720,24,1,4661.82,0.2,3729.46
3721,259,3,2977.48,0,8932.44
3721,16,1,3952.33,0.1,3557.1
3721,33,1,1950.06,0,1950.06
3721,76,1,3589.68,0.2,2871.74
3722,243,3,2564.2,0.1,6923.34
3722,108,2,3213.87,0.1,5784.97
3722,264,2,490.72,0,981.44
3722,123,1,823.42,0.1,741.08
3723,8,3,1531.1,0.2,3674.64
3723,32,2,3229.2,0.1,5812.56
3723,233,3,3048.45,0,9145.35
3723,211,1,2468.4,0,2468.4
3724,241,2,4140.57,0.1,7453.03
3724,191,2,2272.49,0.1,4090.48
3724,274,1,2974.84,0.1,2677.36
3724,238,3,2511.77,0.2,6028.25
3724,248,1,1314.7,0.1,1183.23
3725,24,3,4661.82,0,13985.46
3725,293,3,3384.67,0.2,8123.21
3725,197,2,3435.53,0.1,6183.95
3726,105,2,985.57,0.2,1576.91
3726,228,2,4818.58,0,9637.16
3726,41,1,4424.05,0.2,3539.24
3726,272,2,1711.82,0,3423.64
3726,298,1,2955.32,0.2,2364.26
3727,194,1,2773.23,0.1,2495.91
3727,273,1,4036.68,0.1,3633.01
3728,171,3,226.42,0,679.26
3728,153,3,4053.91,0,12161.73
3728,139,2,3351.42,0,6702.84
3728,250,2,2498.75,0,4997.5
3729,121,3,2781.54,0,8344.62
3729,261,1,3503.75,0.2,2803
3729,231,1,671.34,0.1,604.21
3730,28,3,626.91,0.2,1504.58
3730,155,1,2767.71,0,2767.71
3730,77,3,3082.83,0.2,7398.79
3730,10,1,4384.24,0.2,3507.39
3730,70,1,2565.16,0.1,2308.64
3731,201,3,3328.08,0.2,7987.39
3731,207,3,4279.16,0.1,11553.73
3731,127,1,4510.8,0.1,4059.72
3731,183,2,2480.1,0.2,3968.16
3732,122,1,1254.11,0.1,1128.7
3732,130,1,3052.06,0.1,2746.85
3732,271,3,4563.65,0.1,12321.85
3732,261,3,3503.75,0,10511.25
3732,43,2,241.69,0.2,386.7
3733,78,1,3855.59,0.1,3470.03
3733,19,3,175.58,0.2,421.39
3733,195,3,1333.33,0,3999.99
3733,87,3,2631.45,0,7894.35
3733,40,2,1192.17,0.1,2145.91
3734,143,3,2349.66,0.2,5639.18
3734,187,1,4233.39,0.2,3386.71
3734,11,3,4126.24,0,12378.72
3735,284,2,1844.85,0,3689.7
3735,106,3,1023.38,0.2,2456.11
3735,198,2,2228.32,0,4456.64
3736,265,1,3805.03,0,3805.03
3736,9,1,2541.75,0.1,2287.58
3737,255,3,634.26,0.1,1712.5
3738,118,1,2699.14,0.2,2159.31
3739,214,2,956.15,0.1,1721.07
3739,224,2,1630.29,0.2,2608.46
3740,175,1,797.23,0,797.23
3740,295,1,2343.7,0.2,1874.96
3740,278,3,2540.74,0.1,6860
3741,181,1,3568.87,0,3568.87
3741,1,2,1571.14,0.2,2513.82
3741,74,1,3005.42,0.2,2404.34
3741,14,1,4246.91,0.2,3397.53
3741,102,1,1655.92,0.1,1490.33
3742,117,2,2823.36,0.1,5082.05
3742,240,1,1075.21,0,1075.21
3742,59,2,2724.81,0,5449.62
3743,286,2,3079.76,0,6159.52
3743,39,2,1788.8,0,3577.6
3743,275,2,1095.75,0,2191.5
3743,59,2,2724.81,0.1,4904.66
3744,121,2,2781.54,0,5563.08
3744,97,2,1334.43,0,2668.86
3744,190,3,1962.53,0.2,4710.07
3744,189,3,2918.36,0.2,7004.06
3745,193,2,4029.85,0,8059.7
3746,114,1,2450.58,0,2450.58
3746,248,1,1314.7,0.1,1183.23
3746,62,2,2655.9,0.2,4249.44
3746,49,3,1365.91,0.2,3278.18
3747,150,1,1188.32,0.2,950.66
3747,106,3,1023.38,0,3070.14
3748,163,2,3977.99,0.1,7160.38
3748,207,3,4279.16,0,12837.48
3748,256,2,340.75,0.1,613.35
3749,42,1,1883.45,0,1883.45
3749,245,2,4842.81,0,9685.62
3749,299,3,2527.49,0.1,6824.22
3749,108,3,3213.87,0.2,7713.29
3749,228,3,4818.58,0.2,11564.59
3750,272,1,1711.82,0,1711.82
3750,56,3,886.8,0.2,2128.32
3750,179,1,3748.16,0.1,3373.34
3750,130,1,3052.06,0.2,2441.65
3751,179,3,3748.16,0,11244.48
3751,32,2,3229.2,0,6458.4
3751,1,2,1571.14,0.2,2513.82
3751,15,2,2876.77,0.2,4602.83
3752,246,2,358.61,0,717.22
3752,165,2,1745.41,0,3490.82
3752,194,1,2773.23,0,2773.23
3752,276,3,2930.01,0.2,7032.02
3752,262,2,579.31,0.1,1042.76
3753,148,1,2047.04,0.2,1637.63
3753,143,3,2349.66,0.2,5639.18
3753,108,1,3213.87,0.1,2892.48
3753,104,1,4507.94,0.1,4057.15
3754,85,3,4346.15,0,13038.45
3755,182,2,2659.11,0.1,4786.4
3755,221,3,3628.31,0,10884.93
3755,64,2,2393.81,0,4787.62
3755,23,1,4414.98,0.2,3531.98
3755,79,1,2449.85,0.1,2204.86
3756,255,3,634.26,0,1902.78
3757,22,2,3109.21,0.1,5596.58
3757,122,3,1254.11,0,3762.33
3757,254,2,1160.5,0,2321
3758,119,3,822.62,0.2,1974.29
3759,38,3,1830.1,0.2,4392.24
3759,251,3,148.83,0.1,401.84
3759,103,2,1726.45,0,3452.9
3760,199,3,1706.15,0.1,4606.61
3760,146,2,1738.9,0,3477.8
3760,21,1,2599.67,0.2,2079.74
3761,63,2,4344.14,0,8688.28
3761,102,2,1655.92,0.1,2980.66
3762,285,2,2791.44,0,5582.88
3762,89,2,130.17,0.1,234.31
3762,137,3,1005.84,0.2,2414.02
3762,295,2,2343.7,0,4687.4
3763,83,2,4022.4,0,8044.8
3763,179,1,3748.16,0,3748.16
3764,95,2,1944.44,0.2,3111.1
3764,152,2,888.12,0.1,1598.62
3764,202,1,1540.48,0.1,1386.43
3764,165,3,1745.41,0,5236.23
3764,197,2,3435.53,0,6871.06
3765,261,1,3503.75,0,3503.75
3765,22,1,3109.21,0,3109.21
3765,40,3,1192.17,0.1,3218.86
3765,262,3,579.31,0.2,1390.34
3766,4,1,4485.44,0.1,4036.9
3766,86,1,4925.27,0.2,3940.22
3766,21,2,2599.67,0.2,4159.47
3766,135,2,1279.65,0,2559.3
3766,201,2,3328.08,0,6656.16
3767,228,3,4818.58,0.2,11564.59
3768,63,1,4344.14,0.1,3909.73
3768,12,2,1645.78,0.1,2962.4
3768,77,3,3082.83,0,9248.49
3768,46,3,3061.47,0.1,8265.97
3768,266,2,1513.44,0,3026.88
3769,15,2,2876.77,0.2,4602.83
3769,251,1,148.83,0.1,133.95
3769,57,3,924.14,0,2772.42
3769,268,3,4342.22,0.1,11723.99
3769,290,2,1966.47,0.1,3539.65
3770,139,3,3351.42,0.1,9048.83
3771,2,1,162.86,0.2,130.29
3771,241,2,4140.57,0.2,6624.91
3772,220,1,2980.59,0,2980.59
3772,89,1,130.17,0.2,104.14
3772,102,2,1655.92,0.1,2980.66
3772,32,1,3229.2,0.2,2583.36
3773,96,3,4243.67,0,12731.01
3773,284,2,1844.85,0.1,3320.73
3774,178,2,113.25,0.2,181.2
3774,165,2,1745.41,0,3490.82
3775,138,1,1616.24,0,1616.24
3775,240,1,1075.21,0.1,967.69
3776,245,3,4842.81,0.1,13075.59
3777,202,3,1540.48,0.1,4159.3
3777,97,1,1334.43,0.1,1200.99
3778,168,3,1435,0.2,3444
3778,266,1,1513.44,0.1,1362.1
3778,28,2,626.91,0,1253.82
3778,275,1,1095.75,0,1095.75
3779,49,2,1365.91,0.2,2185.46
3779,54,1,954.56,0.1,859.1
3779,163,3,3977.99,0.2,9547.18
3779,144,3,2500.85,0.1,6752.29
3780,157,3,1420.43,0.2,3409.03
3780,155,1,2767.71,0,2767.71
3780,152,2,888.12,0.1,1598.62
3780,7,1,2977.47,0.1,2679.72
3781,109,2,500.73,0,1001.46
3781,193,1,4029.85,0.1,3626.86
3781,118,3,2699.14,0,8097.42
3782,221,2,3628.31,0.2,5805.3
3782,95,3,1944.44,0.2,4666.66
3783,135,2,1279.65,0.1,2303.37
3783,57,1,924.14,0.1,831.73
3783,179,1,3748.16,0.2,2998.53
3783,100,2,4054.92,0.2,6487.87
3783,259,1,2977.48,0.2,2381.98
3784,170,2,2123.49,0.1,3822.28
3784,233,1,3048.45,0.1,2743.61
3785,17,3,2227.3,0.2,5345.52
3786,111,3,132.09,0.1,356.64
3786,145,1,1799.29,0.2,1439.43
3787,213,1,2436.3,0.2,1949.04
3787,177,3,1279.69,0,3839.07
3787,82,1,716.07,0.2,572.86
3787,159,3,807.72,0.1,2180.84
3787,212,3,3691.31,0,11073.93
3788,45,1,2210.75,0.2,1768.6
3789,287,1,4626.22,0,4626.22
3789,75,3,3915.6,0,11746.8
3789,251,2,148.83,0,297.66
3789,209,2,4282.34,0.2,6851.74
3789,260,3,4129.31,0.2,9910.34
3790,250,3,2498.75,0,7496.25
3790,258,1,3042.51,0.2,2434.01
3790,245,2,4842.81,0.1,8717.06
3790,233,1,3048.45,0,3048.45
3791,72,3,694.52,0.2,1666.85
3791,152,3,888.12,0,2664.36
3791,167,3,3968.26,0.1,10714.3
3791,292,1,4156.58,0,4156.58
3792,296,2,693.33,0.1,1247.99
3792,167,1,3968.26,0.2,3174.61
3792,156,3,4614.81,0.1,12459.99
3792,273,1,4036.68,0.2,3229.34
3792,194,1,2773.23,0,2773.23
3793,271,3,4563.65,0.1,12321.85
3793,39,2,1788.8,0.1,3219.84
3794,175,1,797.23,0.2,637.78
3794,186,2,4809.64,0.1,8657.35
3795,272,2,1711.82,0,3423.64
3795,223,2,3793.34,0.1,6828.01
3795,27,3,4687.97,0.2,11251.13
3796,213,3,2436.3,0.2,5847.12
3796,230,1,1046.39,0,1046.39
3797,243,2,2564.2,0.1,4615.56
3798,106,1,1023.38,0.1,921.04
3799,242,3,4351.59,0.2,10443.82
3799,54,1,954.56,0.1,859.1
3799,18,3,534.95,0.1,1444.37
3799,252,2,3127.93,0.1,5630.27
3799,280,3,990.64,0,2971.92
3800,37,2,3070.15,0.2,4912.24
3800,204,1,2819.85,0.2,2255.88
3800,284,2,1844.85,0,3689.7
3800,88,1,555.9,0.2,444.72
3800,153,3,4053.91,0,12161.73
3801,230,2,1046.39,0.1,1883.5
3801,81,2,709.48,0.1,1277.06
3801,200,1,456.13,0.1,410.52
3801,258,1,3042.51,0.2,2434.01
3801,202,2,1540.48,0,3080.96
3802,25,3,2807.38,0,8422.14
3803,282,2,3926.46,0,7852.92
3803,189,1,2918.36,0.1,2626.52
3803,120,1,2696.47,0,2696.47
3803,130,2,3052.06,0,6104.12
3804,103,1,1726.45,0.2,1381.16
3804,42,1,1883.45,0,1883.45
3804,204,2,2819.85,0.1,5075.73
3805,43,2,241.69,0.1,435.04
3805,84,3,3865.55,0.1,10436.99
3805,138,2,1616.24,0,3232.48
3805,125,2,1471.63,0.2,2354.61
3806,74,3,3005.42,0,9016.26
3807,80,3,2157.78,0.1,5826.01
3807,125,2,1471.63,0.2,2354.61
3807,293,1,3384.67,0,3384.67
3807,270,1,3310.85,0,3310.85
3807,292,1,4156.58,0,4156.58
3808,199,2,1706.15,0.1,3071.07
3808,146,2,1738.9,0.1,3130.02
3809,120,3,2696.47,0,8089.41
3809,22,2,3109.21,0,6218.42
3809,116,2,4729.75,0,9459.5
3809,258,3,3042.51,0,9127.53
3809,300,3,3405.97,0.2,8174.33
3810,169,2,4666.14,0.1,8399.05
3810,216,3,1354.53,0,4063.59
3810,63,1,4344.14,0.2,3475.31
3811,165,2,1745.41,0.2,2792.66
3811,200,1,456.13,0.2,364.9
3811,89,2,130.17,0.2,208.27
3811,262,3,579.31,0,1737.93
3812,186,3,4809.64,0.2,11543.14
3812,285,1,2791.44,0,2791.44
3813,189,2,2918.36,0.2,4669.38
3813,125,1,1471.63,0.1,1324.47
3813,46,1,3061.47,0.1,2755.32
3813,245,1,4842.81,0,4842.81
3814,170,3,2123.49,0.1,5733.42
3814,257,1,4439.91,0,4439.91
3814,24,1,4661.82,0.1,4195.64
3815,221,2,3628.31,0,7256.62
3815,19,3,175.58,0.2,421.39
3815,179,1,3748.16,0.2,2998.53
3815,300,2,3405.97,0,6811.94
3816,253,2,655.15,0.2,1048.24
3816,268,2,4342.22,0,8684.44
3816,14,1,4246.91,0.2,3397.53
3817,122,1,1254.11,0,1254.11
3817,250,2,2498.75,0.2,3998
3817,176,2,4859.23,0.2,7774.77
3817,199,1,1706.15,0.2,1364.92
3818,292,1,4156.58,0,4156.58
3818,151,3,4406.48,0.1,11897.5
3818,267,3,4752.35,0.2,11405.64
3818,99,1,648.26,0,648.26
3818,63,3,4344.14,0,13032.42
3819,256,1,340.75,0.1,306.68
3819,122,1,1254.11,0.2,1003.29
3819,211,2,2468.4,0,4936.8
3820,50,2,4334.05,0.2,6934.48
3820,282,1,3926.46,0.2,3141.17
3820,118,1,2699.14,0.2,2159.31
3821,68,2,998.72,0.2,1597.95
3821,18,1,534.95,0.1,481.46
3821,30,3,4638.28,0.1,12523.36
3821,178,2,113.25,0,226.5
3821,266,1,1513.44,0.1,1362.1
3822,242,1,4351.59,0.1,3916.43
3822,109,1,500.73,0,500.73
3822,28,2,626.91,0.2,1003.06
3822,105,3,985.57,0.1,2661.04
3822,161,1,2773.7,0.2,2218.96
3823,40,1,1192.17,0.1,1072.95
3823,117,3,2823.36,0,8470.08
3823,78,3,3855.59,0.1,10410.09
3823,160,1,961.86,0,961.86
3823,220,1,2980.59,0.1,2682.53
3824,278,2,2540.74,0.2,4065.18
3824,176,2,4859.23,0.2,7774.77
3825,217,1,1838.37,0.2,1470.7
3825,196,3,415.32,0,1245.96
3825,163,1,3977.99,0.2,3182.39
3826,42,3,1883.45,0,5650.35
3826,18,3,534.95,0,1604.85
3826,146,1,1738.9,0.1,1565.01
3827,7,3,2977.47,0,8932.41
3827,267,1,4752.35,0.2,3801.88
3828,205,2,1317.26,0.2,2107.62
3828,1,1,1571.14,0.2,1256.91
3828,157,1,1420.43,0.2,1136.34
3829,300,1,3405.97,0.2,2724.78
3829,131,3,2349.61,0.2,5639.06
3830,291,3,850.79,0,2552.37
3830,196,2,415.32,0,830.64
3830,179,1,3748.16,0.2,2998.53
3830,200,3,456.13,0,1368.39
3830,169,3,4666.14,0.1,12598.58
3831,66,1,610.55,0.2,488.44
3831,127,2,4510.8,0.1,8119.44
3831,53,1,4303.7,0.1,3873.33
3831,262,2,579.31,0,1158.62
3832,36,2,649.16,0.2,1038.66
3832,179,1,3748.16,0,3748.16
3833,163,2,3977.99,0,7955.98
3834,50,1,4334.05,0.2,3467.24
3835,237,1,3100.61,0.2,2480.49
3836,37,1,3070.15,0.1,2763.14
3836,237,3,3100.61,0,9301.83
3837,258,2,3042.51,0.2,4868.02
3837,88,1,555.9,0.1,500.31
3837,34,1,3132.01,0,3132.01
3837,207,1,4279.16,0.1,3851.24
3837,247,1,2671.22,0.1,2404.1
3838,185,1,1406.51,0.2,1125.21
3838,141,2,1689.08,0,3378.16
3838,92,1,1893.48,0.2,1514.78
3839,122,2,1254.11,0,2508.22
3839,49,3,1365.91,0,4097.73
3840,52,3,4453.5,0.2,10688.4
3840,87,1,2631.45,0,2631.45
3840,124,1,319.5,0.2,255.6
3840,77,1,3082.83,0.2,2466.26
3840,65,3,4314.56,0.1,11649.31
3841,170,2,2123.49,0.2,3397.58
3841,234,1,1752.01,0.1,1576.81
3841,1,1,1571.14,0.2,1256.91
3841,117,3,2823.36,0.2,6776.06
3841,27,2,4687.97,0.1,8438.35
3842,166,2,1655.44,0.1,2979.79
3842,215,1,3807.34,0.2,3045.87
3842,163,2,3977.99,0.1,7160.38
3842,65,3,4314.56,0.1,11649.31
3842,42,2,1883.45,0.1,3390.21
3843,25,3,2807.38,0.1,7579.93
3843,249,3,2443.3,0,7329.9
3843,112,2,2686.4,0.2,4298.24
3843,296,3,693.33,0.2,1663.99
3844,68,1,998.72,0.2,798.98
3844,115,3,2411.4,0.1,6510.78
3844,66,2,610.55,0.2,976.88
3844,7,3,2977.47,0,8932.41
3844,227,2,4186.52,0.1,7535.74
3845,40,2,1192.17,0.2,1907.47
3845,177,2,1279.69,0.1,2303.44
3845,146,2,1738.9,0,3477.8
3845,13,1,3075.58,0.2,2460.46
3845,36,1,649.16,0.2,519.33
3846,71,3,3792.47,0.1,10239.67
3846,273,3,4036.68,0,12110.04
3846,256,1,340.75,0.1,306.68
3846,208,2,2962.16,0.1,5331.89
3847,3,2,1407.01,0,2814.02
3847,136,2,835.08,0,1670.16
3848,57,2,924.14,0.2,1478.62
3848,171,1,226.42,0,226.42
3848,116,3,4729.75,0,14189.25
3848,193,1,4029.85,0.2,3223.88
3848,209,1,4282.34,0.2,3425.87
3849,252,2,3127.93,0.2,5004.69
3849,297,3,4780.41,0.1,12907.11
3849,82,2,716.07,0,1432.14
3849,259,1,2977.48,0.1,2679.73
3849,227,3,4186.52,0.1,11303.6
3850,112,3,2686.4,0.2,6447.36
3850,79,1,2449.85,0,2449.85
3850,202,1,1540.48,0,1540.48
3850,275,1,1095.75,0.2,876.6
3851,185,3,1406.51,0.2,3375.62
3852,211,2,2468.4,0.1,4443.12
3852,233,1,3048.45,0,3048.45
3852,154,2,3505.06,0.1,6309.11
3852,278,3,2540.74,0.1,6860
3852,57,2,924.14,0.2,1478.62
3853,199,3,1706.15,0.2,4094.76
3854,156,1,4614.81,0.1,4153.33
3854,193,1,4029.85,0.2,3223.88
3854,50,3,4334.05,0.2,10401.72
3855,71,2,3792.47,0.1,6826.45
3855,300,3,3405.97,0,10217.91
3855,50,2,4334.05,0.2,6934.48
3855,28,1,626.91,0.2,501.53
3856,158,3,3200.7,0.1,8641.89
3857,250,3,2498.75,0.2,5997
3857,163,2,3977.99,0.1,7160.38
3858,253,1,655.15,0.1,589.63
3858,227,1,4186.52,0.1,3767.87
3858,272,2,1711.82,0,3423.64
3859,218,3,693.44,0.2,1664.26
3860,65,2,4314.56,0.1,7766.21
3860,220,1,2980.59,0.2,2384.47
3860,222,2,3519.57,0,7039.14
3860,25,1,2807.38,0.2,2245.9
3860,223,1,3793.34,0,3793.34
3861,154,1,3505.06,0.1,3154.55
3861,206,3,789.54,0,2368.62
3861,68,1,998.72,0.2,798.98
3861,130,3,3052.06,0.2,7324.94
3861,33,1,1950.06,0.1,1755.05
3862,10,1,4384.24,0,4384.24
3862,127,1,4510.8,0.2,3608.64
3862,221,1,3628.31,0.2,2902.65
3862,263,1,3765.62,0.2,3012.5
3863,189,3,2918.36,0,8755.08
3863,91,2,1308.63,0,2617.26
3863,300,2,3405.97,0.2,5449.55
3863,49,2,1365.91,0.2,2185.46
3863,41,3,4424.05,0.1,11944.94
3864,162,2,3712.96,0.1,6683.33
3864,132,1,1515.14,0,1515.14
3865,131,2,2349.61,0.2,3759.38
3865,67,1,1384.47,0.2,1107.58
3866,125,3,1471.63,0.2,3531.91
3866,133,2,4617.75,0,9235.5
3867,27,3,4687.97,0,14063.91
3867,39,1,1788.8,0,1788.8
3867,14,1,4246.91,0,4246.91
3867,16,3,3952.33,0,11856.99
3868,285,3,2791.44,0,8374.32
3868,283,1,1366.35,0.1,1229.71
3868,110,2,478.85,0.2,766.16
3868,135,1,1279.65,0,1279.65
3868,143,3,2349.66,0.2,5639.18
3869,89,1,130.17,0.2,104.14
3869,31,2,3542.58,0,7085.16
3869,233,1,3048.45,0,3048.45
3869,98,1,1535.92,0,1535.92
3869,278,3,2540.74,0.2,6097.78
3870,295,3,2343.7,0.2,5624.88
3870,63,2,4344.14,0.1,7819.45
3870,59,3,2724.81,0.1,7356.99
3870,168,3,1435,0.1,3874.5
3871,15,3,2876.77,0,8630.31
3871,172,3,4013.49,0.2,9632.38
3871,190,2,1962.53,0,3925.06
3871,247,3,2671.22,0.2,6410.93
3872,36,2,649.16,0,1298.32
3872,258,3,3042.51,0.2,7302.02
3872,80,2,2157.78,0.2,3452.45
3872,232,3,3920.49,0.2,9409.18
3872,49,3,1365.91,0.2,3278.18
3873,255,2,634.26,0.2,1014.82
3873,31,3,3542.58,0.1,9564.97
3873,69,3,2395.28,0.1,6467.26
3874,124,3,319.5,0.1,862.65
3874,293,1,3384.67,0.2,2707.74
3874,46,2,3061.47,0.2,4898.35
3874,273,2,4036.68,0,8073.36
3874,75,3,3915.6,0.1,10572.12
3875,158,3,3200.7,0,9602.1
3875,82,2,716.07,0.1,1288.93
3875,148,2,2047.04,0.2,3275.26
3875,237,1,3100.61,0,3100.61
3875,106,2,1023.38,0.1,1842.08
3876,245,2,4842.81,0.1,8717.06
3876,119,3,822.62,0,2467.86
3876,235,1,1157.47,0.2,925.98
3876,5,2,4696.11,0,9392.22
3877,246,1,358.61,0,358.61
3877,169,2,4666.14,0.2,7465.82
3877,80,3,2157.78,0.2,5178.67
3877,176,2,4859.23,0,9718.46
3878,5,1,4696.11,0.1,4226.5
3878,212,2,3691.31,0.2,5906.1
3878,76,3,3589.68,0.1,9692.14
3878,70,2,2565.16,0,5130.32
3878,150,2,1188.32,0.1,2138.98
3879,114,3,2450.58,0.2,5881.39
3879,237,1,3100.61,0.1,2790.55
3879,167,2,3968.26,0,7936.52
3880,294,3,294.39,0.2,706.54
3880,196,1,415.32,0.1,373.79
3881,290,1,1966.47,0.2,1573.18
3881,287,3,4626.22,0.2,11102.93
3881,215,1,3807.34,0.1,3426.61
3881,9,2,2541.75,0.1,4575.15
3881,194,2,2773.23,0,5546.46
3882,123,2,823.42,0.2,1317.47
3882,121,3,2781.54,0,8344.62
3882,157,1,1420.43,0,1420.43
3882,147,1,1158.14,0.1,1042.33
3883,101,3,3677.55,0.1,9929.39
3883,105,3,985.57,0.1,2661.04
3883,249,3,2443.3,0,7329.9
3884,259,2,2977.48,0.2,4763.97
3884,33,3,1950.06,0.1,5265.16
3884,29,3,708.63,0,2125.89
3884,95,3,1944.44,0.1,5249.99
3885,188,3,270.55,0.2,649.32
3885,101,2,3677.55,0.2,5884.08
3886,190,1,1962.53,0.1,1766.28
3886,204,3,2819.85,0.2,6767.64
3886,192,3,1974.7,0,5924.1
3886,215,1,3807.34,0.2,3045.87
3886,194,3,2773.23,0,8319.69
3887,35,3,147.11,0.2,353.06
3887,249,3,2443.3,0.2,5863.92
3887,210,1,161.58,0.2,129.26
3887,125,2,1471.63,0,2943.26
3887,30,3,4638.28,0.2,11131.87
3888,74,3,3005.42,0,9016.26
3888,128,2,4900.43,0.2,7840.69
3888,203,3,4122.66,0.2,9894.38
3888,14,3,4246.91,0.2,10192.58
3888,64,2,2393.81,0,4787.62
3889,219,2,134.79,0,269.58
3890,145,2,1799.29,0,3598.58
3890,221,1,3628.31,0.2,2902.65
3891,227,2,4186.52,0,8373.04
3891,197,1,3435.53,0,3435.53
3892,65,2,4314.56,0.2,6903.3
3892,240,1,1075.21,0.2,860.17
3892,209,2,4282.34,0,8564.68
3892,117,2,2823.36,0.1,5082.05
3893,231,2,671.34,0.1,1208.41
3893,112,3,2686.4,0.2,6447.36
3894,143,3,2349.66,0.2,5639.18
3894,36,3,649.16,0,1947.48
3894,288,1,4205.02,0,4205.02
3894,162,2,3712.96,0.1,6683.33
3895,75,1,3915.6,0.2,3132.48
3895,32,3,3229.2,0,9687.6
3895,127,3,4510.8,0,13532.4
3895,102,2,1655.92,0,3311.84
3895,245,1,4842.81,0,4842.81
3896,227,1,4186.52,0.2,3349.22
3897,50,3,4334.05,0.1,11701.94
3897,226,2,2658.25,0.1,4784.85
3897,6,1,905.68,0,905.68
3897,81,2,709.48,0,1418.96
3897,86,3,4925.27,0.1,13298.23
3898,202,1,1540.48,0.2,1232.38
3898,178,2,113.25,0,226.5
3898,269,2,4355.56,0.1,7840.01
3898,22,1,3109.21,0,3109.21
3899,81,3,709.48,0,2128.44
3900,249,1,2443.3,0.2,1954.64
3900,129,3,2531.28,0.2,6075.07
3901,67,1,1384.47,0,1384.47
3901,1,1,1571.14,0.2,1256.91
3901,221,1,3628.31,0.2,2902.65
3901,5,3,4696.11,0.1,12679.5
3902,240,3,1075.21,0,3225.63
3903,39,2,1788.8,0,3577.6
3903,144,3,2500.85,0.1,6752.29
3904,173,1,3917.1,0.2,3133.68
3904,131,3,2349.61,0.2,5639.06
3904,132,2,1515.14,0.2,2424.22
3904,189,3,2918.36,0.1,7879.57
3905,94,3,2572.33,0.1,6945.29
3905,220,1,2980.59,0.1,2682.53
3905,257,2,4439.91,0.2,7103.86
3905,194,3,2773.23,0.1,7487.72
3906,145,3,1799.29,0,5397.87
3906,23,3,4414.98,0.2,10595.95
3907,200,1,456.13,0.2,364.9
3908,249,1,2443.3,0.1,2198.97
3909,146,2,1738.9,0,3477.8
3909,67,1,1384.47,0,1384.47
3909,85,2,4346.15,0,8692.3
3910,197,3,3435.53,0,10306.59
3911,65,1,4314.56,0.1,3883.1
3911,165,2,1745.41,0.1,3141.74
3911,210,3,161.58,0.2,387.79
3911,298,2,2955.32,0.1,5319.58
3912,294,2,294.39,0.1,529.9
3913,52,3,4453.5,0,13360.5
3913,216,2,1354.53,0.2,2167.25
3913,135,3,1279.65,0.1,3455.06
3913,75,1,3915.6,0.2,3132.48
3914,5,3,4696.11,0,14088.33
3914,164,1,816.74,0.2,653.39
3914,229,1,1081.83,0,1081.83
3914,224,1,1630.29,0.1,1467.26
3915,68,2,998.72,0,1997.44
3915,266,3,1513.44,0,4540.32
3915,226,2,2658.25,0.1,4784.85
3915,80,3,2157.78,0.2,5178.67
3915,158,1,3200.7,0.2,2560.56
3916,158,2,3200.7,0.2,5121.12
3916,133,2,4617.75,0.1,8311.95
3917,96,3,4243.67,0.2,10184.81
3917,235,3,1157.47,0,3472.41
3917,277,3,3435.47,0.1,9275.77
3918,26,3,1802.56,0,5407.68
3918,80,3,2157.78,0,6473.34
3918,120,2,2696.47,0.2,4314.35
3918,299,1,2527.49,0.1,2274.74
3919,121,1,2781.54,0.2,2225.23
3920,54,1,954.56,0.1,859.1
3920,237,3,3100.61,0,9301.83
3921,51,2,3723.25,0.2,5957.2
3921,20,3,670.4,0.1,1810.08
3921,89,2,130.17,0.2,208.27
3922,270,2,3310.85,0,6621.7
3923,223,1,3793.34,0.1,3414.01
3923,74,3,3005.42,0.1,8114.63
3923,146,3,1738.9,0.1,4695.03
3924,105,2,985.57,0.1,1774.03
3924,40,1,1192.17,0.2,953.74
3924,86,1,4925.27,0.1,4432.74
3924,71,2,3792.47,0.2,6067.95
3925,242,2,4351.59,0.2,6962.54
3925,295,1,2343.7,0.2,1874.96
3925,81,3,709.48,0.1,1915.6
3925,99,3,648.26,0,1944.78
3926,185,2,1406.51,0,2813.02
3926,140,2,2103.47,0,4206.94
3926,29,3,708.63,0,2125.89
3927,288,2,4205.02,0,8410.04
3927,267,2,4752.35,0.2,7603.76
3927,222,3,3519.57,0.2,8446.97
3927,74,1,3005.42,0.2,2404.34
3928,261,3,3503.75,0.1,9460.12
3928,247,3,2671.22,0.2,6410.93
3929,60,1,4674.62,0,4674.62
3929,149,3,4047.23,0.1,10927.52
3929,126,2,1025.69,0.2,1641.1
3929,88,3,555.9,0.1,1500.93
3930,173,3,3917.1,0,11751.3
3930,45,3,2210.75,0.2,5305.8
3931,21,3,2599.67,0.2,6239.21
3931,295,1,2343.7,0.2,1874.96
3931,75,1,3915.6,0.2,3132.48
3931,89,2,130.17,0.2,208.27
3931,252,3,3127.93,0.1,8445.41
3932,133,1,4617.75,0,4617.75
3932,94,1,2572.33,0.2,2057.86
3933,280,1,990.64,0.2,792.51
3933,141,2,1689.08,0,3378.16
3934,59,2,2724.81,0,5449.62
3934,291,2,850.79,0.2,1361.26
3935,189,1,2918.36,0.2,2334.69
3935,210,1,161.58,0.2,129.26
3935,99,1,648.26,0,648.26
3935,271,1,4563.65,0.1,4107.28
3936,49,3,1365.91,0.1,3687.96
3937,37,3,3070.15,0,9210.45
3938,260,3,4129.31,0,12387.93
3938,91,3,1308.63,0,3925.89
3938,24,1,4661.82,0,4661.82
3938,160,1,961.86,0,961.86
3939,161,2,2773.7,0.1,4992.66
3939,132,3,1515.14,0.2,3636.34
3939,33,2,1950.06,0,3900.12
3939,174,1,4378.44,0.1,3940.6
3940,64,1,2393.81,0,2393.81
3941,173,3,3917.1,0,11751.3
3941,48,3,1103.95,0.1,2980.67
3941,228,3,4818.58,0.2,11564.59
3942,62,3,2655.9,0.1,7170.93
3942,209,3,4282.34,0.2,10277.62
3942,114,2,2450.58,0.1,4411.04
3942,224,3,1630.29,0.1,4401.78
3942,178,2,113.25,0.1,203.85
3943,82,3,716.07,0.2,1718.57
3943,149,2,4047.23,0,8094.46
3944,162,3,3712.96,0,11138.88
3944,158,3,3200.7,0.2,7681.68
3944,184,2,3022.86,0.2,4836.58
3944,261,3,3503.75,0.2,8409
3945,235,3,1157.47,0.2,2777.93
3946,192,1,1974.7,0,1974.7
3947,45,1,2210.75,0.2,1768.6
3948,144,2,2500.85,0.2,4001.36
3948,220,3,2980.59,0,8941.77
3948,96,3,4243.67,0,12731.01
3948,209,3,4282.34,0,12847.02
3949,205,3,1317.26,0.1,3556.6
3950,61,3,3565.73,0.1,9627.47
3950,53,1,4303.7,0.1,3873.33
3951,127,2,4510.8,0,9021.6
3951,182,1,2659.11,0,2659.11
3952,149,3,4047.23,0.2,9713.35
3952,225,2,841.46,0.1,1514.63
3952,111,2,132.09,0,264.18
3953,194,1,2773.23,0.1,2495.91
3954,39,1,1788.8,0.2,1431.04
3954,204,3,2819.85,0.1,7613.59
3954,58,3,3807.05,0.1,10279.04
3955,167,2,3968.26,0.2,6349.22
3956,12,1,1645.78,0,1645.78
3956,212,2,3691.31,0.2,5906.1
3956,243,2,2564.2,0,5128.4
3956,296,2,693.33,0.2,1109.33
3957,37,2,3070.15,0,6140.3
3957,170,1,2123.49,0.1,1911.14
3957,252,3,3127.93,0,9383.79
3958,159,2,807.72,0.1,1453.9
3958,118,2,2699.14,0.1,4858.45
3958,75,3,3915.6,0.2,9397.44
3958,292,3,4156.58,0,12469.74
3958,135,2,1279.65,0.1,2303.37
3959,144,2,2500.85,0,5001.7
3959,188,2,270.55,0.1,486.99
3959,138,3,1616.24,0,4848.72
3959,256,3,340.75,0,1022.25
3959,157,2,1420.43,0,2840.86
3960,127,2,4510.8,0.1,8119.44
3960,258,2,3042.51,0.2,4868.02
3960,9,2,2541.75,0.1,4575.15
3961,14,1,4246.91,0.1,3822.22
3961,64,1,2393.81,0.2,1915.05
3961,2,2,162.86,0.2,260.58
3961,289,1,1989.64,0.1,1790.68
3962,169,1,4666.14,0.2,3732.91
3963,289,2,1989.64,0.1,3581.35
3963,223,2,3793.34,0,7586.68
3963,239,1,3599.71,0,3599.71
3963,228,3,4818.58,0.2,11564.59
3964,45,1,2210.75,0.1,1989.67
3964,11,1,4126.24,0.2,3300.99
3964,84,1,3865.55,0.2,3092.44
3964,224,1,1630.29,0.1,1467.26
3965,40,1,1192.17,0,1192.17
3965,143,3,2349.66,0.1,6344.08
3965,268,2,4342.22,0.2,6947.55
3966,252,2,3127.93,0.1,5630.27
3966,288,3,4205.02,0.2,10092.05
3967,186,1,4809.64,0.2,3847.71
3967,151,2,4406.48,0,8812.96
3967,93,2,4086.52,0,8173.04
3968,209,1,4282.34,0.2,3425.87
3969,274,1,2974.84,0,2974.84
3970,252,1,3127.93,0,3127.93
3970,235,3,1157.47,0.1,3125.17
3970,203,3,4122.66,0.1,11131.18
3970,55,2,4758.22,0.1,8564.8
3971,218,2,693.44,0.2,1109.5
3971,147,2,1158.14,0.1,2084.65
3972,278,3,2540.74,0.1,6860
3972,206,3,789.54,0,2368.62
3972,182,3,2659.11,0.1,7179.6
3972,9,2,2541.75,0.2,4066.8
3972,53,2,4303.7,0,8607.4
3973,148,1,2047.04,0,2047.04
3973,257,1,4439.91,0.1,3995.92
3974,275,1,1095.75,0.1,986.18
3975,4,3,4485.44,0,13456.32
3975,9,1,2541.75,0,2541.75
3975,44,2,3885.07,0,7770.14
3976,82,3,716.07,0,2148.21
3977,110,1,478.85,0,478.85
3977,40,2,1192.17,0,2384.34
3978,130,2,3052.06,0,6104.12
3978,128,1,4900.43,0.2,3920.34
3978,282,1,3926.46,0.1,3533.81
3978,92,3,1893.48,0.2,4544.35
3979,17,2,2227.3,0,4454.6
3979,221,3,3628.31,0.2,8707.94
3979,114,2,2450.58,0.1,4411.04
3980,18,1,534.95,0,534.95
3980,47,1,2238.71,0.2,1790.97
3980,87,1,2631.45,0.1,2368.3
3980,66,3,610.55,0,1831.65
3980,84,3,3865.55,0,11596.65
3981,226,3,2658.25,0.1,7177.28
3981,140,1,2103.47,0,2103.47
3981,260,2,4129.31,0.2,6606.9
3982,52,1,4453.5,0.2,3562.8
3983,115,3,2411.4,0.2,5787.36
3983,180,2,655.78,0,1311.56
3983,87,3,2631.45,0.1,7104.91
3984,163,3,3977.99,0,11933.97
3984,209,1,4282.34,0.1,3854.11
3984,175,1,797.23,0.1,717.51
3984,207,1,4279.16,0.1,3851.24
3985,43,1,241.69,0.2,193.35
3986,169,1,4666.14,0.2,3732.91
3986,238,2,2511.77,0,5023.54
3986,37,2,3070.15,0,6140.3
3986,78,3,3855.59,0.2,9253.42
3986,79,2,2449.85,0.2,3919.76
3987,94,2,2572.33,0.2,4115.73
3988,15,1,2876.77,0.1,2589.09
3989,84,3,3865.55,0.2,9277.32
3990,261,1,3503.75,0,3503.75
3991,215,2,3807.34,0.2,6091.74
3991,152,1,888.12,0.1,799.31
3992,261,2,3503.75,0.1,6306.75
3993,131,2,2349.61,0.1,4229.3
3993,31,2,3542.58,0.2,5668.13
3993,32,3,3229.2,0.1,8718.84
3993,234,2,1752.01,0,3504.02
3994,48,3,1103.95,0,3311.85
3994,298,2,2955.32,0.2,4728.51
3994,87,3,2631.45,0,7894.35
3995,59,1,2724.81,0,2724.81
3995,71,3,3792.47,0.1,10239.67
3995,198,1,2228.32,0.1,2005.49
3995,235,3,1157.47,0.1,3125.17
3996,235,3,1157.47,0.2,2777.93
3996,112,3,2686.4,0,8059.2
3997,39,3,1788.8,0.2,4293.12
3997,67,2,1384.47,0,2768.94
3997,208,3,2962.16,0.2,7109.18
3997,165,3,1745.41,0.2,4188.98
3998,69,3,2395.28,0,7185.84
3998,171,2,226.42,0.1,407.56
3998,35,1,147.11,0.2,117.69
3999,231,1,671.34,0,671.34
3999,258,3,3042.51,0.2,7302.02
3999,211,2,2468.4,0.1,4443.12
4000,18,3,534.95,0,1604.85
4000,152,3,888.12,0.2,2131.49
4000,289,1,1989.64,0.1,1790.68
4000,159,1,807.72,0.2,646.18
4000,69,2,2395.28,0,4790.56
4001,151,1,4406.48,0.1,3965.83
4001,68,1,998.72,0,998.72
4001,118,1,2699.14,0,2699.14
4001,164,1,816.74,0,816.74
4002,90,3,183.24,0.1,494.75
4003,101,1,3677.55,0,3677.55
4003,47,2,2238.71,0.2,3581.94
4003,289,2,1989.64,0,3979.28
4003,234,3,1752.01,0.2,4204.82
4004,14,2,4246.91,0,8493.82
4004,156,1,4614.81,0,4614.81
4004,15,2,2876.77,0.2,4602.83
4005,225,1,841.46,0.1,757.31
4005,59,1,2724.81,0,2724.81
4005,125,3,1471.63,0,4414.89
4006,242,1,4351.59,0.2,3481.27
4006,65,1,4314.56,0.1,3883.1
4006,74,1,3005.42,0.2,2404.34
4006,262,3,579.31,0.1,1564.14
4006,243,1,2564.2,0.1,2307.78
4007,196,1,415.32,0,415.32
4007,62,3,2655.9,0.1,7170.93
4007,13,1,3075.58,0.2,2460.46
4007,8,2,1531.1,0.1,2755.98
4008,148,3,2047.04,0.2,4912.9
4008,98,1,1535.92,0.2,1228.74
4008,258,3,3042.51,0.1,8214.78
4008,93,3,4086.52,0,12259.56
4008,13,3,3075.58,0.2,7381.39
4009,80,3,2157.78,0,6473.34
4010,38,1,1830.1,0.2,1464.08
4010,138,3,1616.24,0.2,3878.98
4010,260,2,4129.31,0.1,7432.76
4010,234,3,1752.01,0.2,4204.82
4010,272,3,1711.82,0.1,4621.91
4011,227,2,4186.52,0.1,7535.74
4011,117,3,2823.36,0.2,6776.06
4012,212,1,3691.31,0.1,3322.18
4012,137,3,1005.84,0.1,2715.77
4013,221,1,3628.31,0.1,3265.48
4013,61,2,3565.73,0.2,5705.17
4013,217,1,1838.37,0,1838.37
4013,65,3,4314.56,0.2,10354.94
4014,26,2,1802.56,0.2,2884.1
4014,184,1,3022.86,0,3022.86
4015,63,1,4344.14,0.2,3475.31
4016,29,1,708.63,0.2,566.9
4016,136,2,835.08,0,1670.16
4016,111,1,132.09,0.2,105.67
4017,189,3,2918.36,0,8755.08
4017,103,2,1726.45,0.1,3107.61
4018,16,3,3952.33,0.2,9485.59
4018,110,1,478.85,0.1,430.97
4019,79,3,2449.85,0,7349.55
4019,244,2,3623.71,0,7247.42
4019,184,2,3022.86,0.2,4836.58
4019,212,1,3691.31,0.1,3322.18
4020,206,1,789.54,0.1,710.59
4020,83,3,4022.4,0.2,9653.76
4021,68,1,998.72,0.1,898.85
4021,198,3,2228.32,0,6684.96
4021,154,1,3505.06,0.1,3154.55
4021,87,3,2631.45,0.1,7104.91
4021,179,1,3748.16,0,3748.16
4022,261,2,3503.75,0.1,6306.75
4022,71,2,3792.47,0.2,6067.95
4022,118,2,2699.14,0,5398.28
4023,110,1,478.85,0,478.85
4023,288,1,4205.02,0.1,3784.52
4024,149,1,4047.23,0.2,3237.78
4024,99,2,648.26,0.1,1166.87
4024,30,2,4638.28,0.2,7421.25
4024,255,3,634.26,0,1902.78
4024,224,2,1630.29,0.2,2608.46
4025,64,1,2393.81,0,2393.81
4025,220,1,2980.59,0,2980.59
4025,6,1,905.68,0.1,815.11
4025,13,2,3075.58,0.2,4920.93
4026,274,2,2974.84,0.2,4759.74
4026,173,3,3917.1,0.1,10576.17
4027,26,1,1802.56,0.2,1442.05
4027,99,3,648.26,0.2,1555.82
4027,49,3,1365.91,0,4097.73
4028,1,2,1571.14,0.2,2513.82
4028,47,2,2238.71,0,4477.42
4028,105,2,985.57,0,1971.14
4028,276,2,2930.01,0,5860.02
4029,234,3,1752.01,0,5256.03
4029,278,2,2540.74,0.1,4573.33
4029,97,2,1334.43,0.1,2401.97
4029,19,3,175.58,0,526.74
4029,189,3,2918.36,0.1,7879.57
4030,74,1,3005.42,0.2,2404.34
4030,294,1,294.39,0.1,264.95
4031,143,3,2349.66,0.2,5639.18
4032,297,1,4780.41,0,4780.41
4032,154,2,3505.06,0.2,5608.1
4033,117,3,2823.36,0.1,7623.07
4033,97,1,1334.43,0,1334.43
4033,54,1,954.56,0,954.56
4033,136,2,835.08,0.1,1503.14
4034,67,2,1384.47,0.2,2215.15
4034,186,3,4809.64,0.2,11543.14
4034,209,3,4282.34,0.1,11562.32
4034,86,1,4925.27,0.2,3940.22
4035,60,1,4674.62,0.2,3739.7
4035,63,2,4344.14,0,8688.28
4035,117,3,2823.36,0,8470.08
4035,91,2,1308.63,0,2617.26
4036,193,3,4029.85,0,12089.55
4036,277,1,3435.47,0,3435.47
4036,207,3,4279.16,0,12837.48
4036,87,2,2631.45,0.2,4210.32
4036,233,1,3048.45,0,3048.45
4037,204,2,2819.85,0.2,4511.76
4037,210,1,161.58,0.1,145.42
4037,132,2,1515.14,0.2,2424.22
4038,22,3,3109.21,0.2,7462.1
4038,129,2,2531.28,0.2,4050.05
4038,103,1,1726.45,0.1,1553.81
4038,268,3,4342.22,0,13026.66
4038,116,2,4729.75,0.2,7567.6
4039,135,1,1279.65,0,1279.65
4039,68,1,998.72,0.2,798.98
4040,194,1,2773.23,0.2,2218.58
4040,77,2,3082.83,0.2,4932.53
4040,174,2,4378.44,0,8756.88
4040,143,1,2349.66,0.1,2114.69
4041,280,1,990.64,0.2,792.51
4041,178,3,113.25,0.2,271.8
4041,104,2,4507.94,0.1,8114.29
4041,212,2,3691.31,0.1,6644.36
4042,252,2,3127.93,0.2,5004.69
4042,245,1,4842.81,0.2,3874.25
4043,74,1,3005.42,0.1,2704.88
4043,17,1,2227.3,0.1,2004.57
4043,23,1,4414.98,0,4414.98
4043,9,3,2541.75,0.1,6862.73
4043,278,2,2540.74,0.1,4573.33
4044,177,1,1279.69,0.1,1151.72
4044,288,3,4205.02,0.2,10092.05
4044,48,2,1103.95,0.2,1766.32
4045,141,1,1689.08,0,1689.08
4045,94,2,2572.33,0.1,4630.19
4045,45,2,2210.75,0.2,3537.2
4045,188,1,270.55,0.1,243.5
4045,184,2,3022.86,0.2,4836.58
4046,244,2,3623.71,0.1,6522.68
4046,165,1,1745.41,0.2,1396.33
4047,57,1,924.14,0.2,739.31
4048,128,2,4900.43,0.1,8820.77
4049,85,2,4346.15,0.2,6953.84
4050,268,3,4342.22,0.2,10421.33
4051,47,2,2238.71,0.1,4029.68
4051,127,2,4510.8,0,9021.6
4051,73,3,4378.53,0.2,10508.47
4052,286,2,3079.76,0.2,4927.62
4053,242,2,4351.59,0.2,6962.54
4053,14,2,4246.91,0.2,6795.06
4053,57,1,924.14,0.2,739.31
4054,33,3,1950.06,0.2,4680.14
4054,209,1,4282.34,0,4282.34
4054,161,3,2773.7,0.1,7488.99
4055,165,1,1745.41,0,1745.41
4056,144,3,2500.85,0.1,6752.29
4056,177,2,1279.69,0.2,2047.5
4057,233,2,3048.45,0.2,4877.52
4057,255,3,634.26,0.2,1522.22
4057,223,2,3793.34,0.1,6828.01
4057,72,3,694.52,0.2,1666.85
4058,232,3,3920.49,0,11761.47
4058,146,1,1738.9,0.2,1391.12
4058,112,2,2686.4,0.2,4298.24
4058,85,2,4346.15,0.2,6953.84
4058,18,1,534.95,0.2,427.96
4059,197,1,3435.53,0.2,2748.42
4059,290,2,1966.47,0.1,3539.65
4059,297,3,4780.41,0,14341.23
4060,265,1,3805.03,0,3805.03
4060,186,3,4809.64,0.2,11543.14
4060,177,3,1279.69,0,3839.07
4060,276,2,2930.01,0.1,5274.02
4060,202,1,1540.48,0,1540.48
4061,112,2,2686.4,0.2,4298.24
4062,27,3,4687.97,0.2,11251.13
4062,268,2,4342.22,0.1,7816
4062,206,2,789.54,0,1579.08
4062,242,2,4351.59,0.2,6962.54
4063,7,2,2977.47,0.2,4763.95
4064,272,2,1711.82,0.1,3081.28
4065,51,1,3723.25,0.1,3350.93
4065,291,2,850.79,0.2,1361.26
4066,110,3,478.85,0.1,1292.9
4067,240,3,1075.21,0.1,2903.07
4067,55,2,4758.22,0,9516.44
4067,202,1,1540.48,0.2,1232.38
4067,60,3,4674.62,0.2,11219.09
4068,174,3,4378.44,0,13135.32
4068,281,3,914.17,0,2742.51
4068,97,3,1334.43,0,4003.29
4069,113,2,180.63,0.1,325.13
4069,248,1,1314.7,0.2,1051.76
4070,122,2,1254.11,0.2,2006.58
4070,274,1,2974.84,0,2974.84
4070,45,3,2210.75,0.2,5305.8
4070,89,3,130.17,0,390.51
4070,75,2,3915.6,0.2,6264.96
4071,256,2,340.75,0.1,613.35
4071,287,2,4626.22,0.2,7401.95
4072,23,1,4414.98,0,4414.98
4072,7,2,2977.47,0,5954.94
4073,32,3,3229.2,0.1,8718.84
4073,272,3,1711.82,0.2,4108.37
4074,71,2,3792.47,0,7584.94
4074,42,2,1883.45,0.1,3390.21
4074,154,1,3505.06,0,3505.06
4075,204,1,2819.85,0,2819.85
4075,220,3,2980.59,0.2,7153.42
4075,41,2,4424.05,0.1,7963.29
4075,254,1,1160.5,0.1,1044.45
4076,135,2,1279.65,0,2559.3
4076,184,2,3022.86,0,6045.72
4077,130,3,3052.06,0,9156.18
4077,270,3,3310.85,0.2,7946.04
4078,237,2,3100.61,0,6201.22
4078,294,3,294.39,0,883.17
4079,41,3,4424.05,0.1,11944.94
4080,285,3,2791.44,0.2,6699.46
4080,22,1,3109.21,0,3109.21
4081,122,2,1254.11,0,2508.22
4081,24,3,4661.82,0.1,12586.91
4081,114,2,2450.58,0.1,4411.04
4081,129,2,2531.28,0.2,4050.05
4081,152,3,888.12,0,2664.36
4082,178,1,113.25,0.1,101.92
4082,256,1,340.75,0,340.75
4082,96,2,4243.67,0,8487.34
4082,179,1,3748.16,0,3748.16
4083,86,1,4925.27,0.2,3940.22
4083,30,2,4638.28,0.1,8348.9
4083,68,2,998.72,0,1997.44
4083,9,3,2541.75,0.2,6100.2
4084,217,1,1838.37,0,1838.37
4084,277,1,3435.47,0,3435.47
4084,285,2,2791.44,0,5582.88
4084,114,1,2450.58,0.2,1960.46
4084,115,1,2411.4,0.2,1929.12
4085,207,2,4279.16,0,8558.32
4085,271,3,4563.65,0.1,12321.85
4085,174,2,4378.44,0,8756.88
4086,180,2,655.78,0.1,1180.4
4086,231,1,671.34,0,671.34
4086,160,1,961.86,0,961.86
4086,101,1,3677.55,0.1,3309.8
4087,140,2,2103.47,0,4206.94
4087,219,2,134.79,0.1,242.62
4088,260,3,4129.31,0.2,9910.34
4089,77,3,3082.83,0.2,7398.79
4089,143,2,2349.66,0.1,4229.39
4089,298,2,2955.32,0,5910.64
4089,209,2,4282.34,0,8564.68
4090,273,3,4036.68,0.1,10899.04
4090,113,2,180.63,0,361.26
4090,232,3,3920.49,0.2,9409.18
4090,18,3,534.95,0.2,1283.88
4090,291,3,850.79,0.1,2297.13
4091,275,3,1095.75,0,3287.25
4092,94,3,2572.33,0.1,6945.29
4092,187,3,4233.39,0.1,11430.15
4092,139,2,3351.42,0.2,5362.27
4092,126,2,1025.69,0.1,1846.24
4092,236,2,3037.97,0.2,4860.75
4093,186,1,4809.64,0,4809.64
4093,9,3,2541.75,0.2,6100.2
4093,75,1,3915.6,0,3915.6
4094,135,2,1279.65,0,2559.3
4094,78,2,3855.59,0,7711.18
4094,115,2,2411.4,0.1,4340.52
4095,223,2,3793.34,0,7586.68
4096,153,2,4053.91,0.2,6486.26
4096,129,3,2531.28,0,7593.84
4097,129,3,2531.28,0.1,6834.46
4097,50,2,4334.05,0.1,7801.29
4097,8,2,1531.1,0.1,2755.98
4097,244,2,3623.71,0.2,5797.94
4098,19,3,175.58,0,526.74
4098,209,2,4282.34,0,8564.68
4098,139,3,3351.42,0,10054.26
4098,214,2,956.15,0,1912.3
4099,40,3,1192.17,0,3576.51
4099,257,3,4439.91,0,13319.73
4099,115,1,2411.4,0.2,1929.12
4099,71,2,3792.47,0,7584.94
4099,90,3,183.24,0,549.72
4100,263,3,3765.62,0.2,9037.49
4100,207,3,4279.16,0.2,10269.98
4100,191,1,2272.49,0,2272.49
4101,286,3,3079.76,0.1,8315.35
4101,84,1,3865.55,0.1,3479
4102,184,1,3022.86,0.1,2720.57
4102,224,2,1630.29,0,3260.58
4102,23,2,4414.98,0,8829.96
4103,173,1,3917.1,0.1,3525.39
4103,62,1,2655.9,0,2655.9
4103,219,1,134.79,0.2,107.83
4104,145,1,1799.29,0,1799.29
4104,198,1,2228.32,0.2,1782.66
4104,84,2,3865.55,0,7731.1
4105,200,2,456.13,0.2,729.81
4105,235,2,1157.47,0,2314.94
4106,131,2,2349.61,0.1,4229.3
4106,245,2,4842.81,0.1,8717.06
4106,169,2,4666.14,0,9332.28
4107,168,3,1435,0.2,3444
4107,3,2,1407.01,0.2,2251.22
4107,180,3,655.78,0.1,1770.61
4107,19,1,175.58,0.1,158.02
4107,164,2,816.74,0,1633.48
4108,196,3,415.32,0.1,1121.36
4108,189,1,2918.36,0.1,2626.52
4109,103,2,1726.45,0.2,2762.32
4109,128,1,4900.43,0.2,3920.34
4110,101,1,3677.55,0.1,3309.8
4110,56,2,886.8,0.2,1418.88
4110,83,3,4022.4,0.1,10860.48
4110,181,2,3568.87,0.2,5710.19
4111,190,1,1962.53,0.1,1766.28
4111,142,1,2632.44,0,2632.44
4111,66,1,610.55,0.2,488.44
4111,124,3,319.5,0.2,766.8
4112,116,2,4729.75,0.1,8513.55
4112,190,2,1962.53,0.2,3140.05
4112,84,2,3865.55,0,7731.1
4113,241,1,4140.57,0,4140.57
4113,124,1,319.5,0.2,255.6
4113,134,1,1581.19,0.1,1423.07
4113,246,2,358.61,0,717.22
4113,49,1,1365.91,0,1365.91
4114,25,2,2807.38,0,5614.76
4114,108,2,3213.87,0.2,5142.19
4114,242,2,4351.59,0,8703.18
4114,30,2,4638.28,0.1,8348.9
4114,297,1,4780.41,0,4780.41
4115,94,1,2572.33,0.1,2315.1
4115,104,2,4507.94,0,9015.88
4115,216,3,1354.53,0.1,3657.23
4115,255,1,634.26,0.1,570.83
4116,282,3,3926.46,0,11779.38
4117,269,1,4355.56,0,4355.56
4117,284,2,1844.85,0,3689.7
4118,141,3,1689.08,0,5067.24
4119,231,3,671.34,0,2014.02
4119,112,3,2686.4,0.1,7253.28
4120,164,3,816.74,0.2,1960.18
4120,165,3,1745.41,0.2,4188.98
4120,172,3,4013.49,0.1,10836.42
4120,252,1,3127.93,0.1,2815.14
4120,147,2,1158.14,0,2316.28
4121,276,3,2930.01,0.2,7032.02
4122,238,3,2511.77,0.2,6028.25
4122,231,1,671.34,0.1,604.21
4123,224,3,1630.29,0,4890.87
4123,206,3,789.54,0,2368.62
4123,73,2,4378.53,0,8757.06
4123,221,2,3628.31,0,7256.62
4124,179,3,3748.16,0.2,8995.58
4124,215,3,3807.34,0,11422.02
4124,98,1,1535.92,0.1,1382.33
4125,271,2,4563.65,0.2,7301.84
4125,291,2,850.79,0.1,1531.42
4125,280,3,990.64,0.2,2377.54
4126,251,3,148.83,0,446.49
4126,188,1,270.55,0.1,243.5
4127,204,1,2819.85,0.1,2537.86
4127,103,3,1726.45,0,5179.35
4127,72,3,694.52,0.1,1875.2
4128,167,3,3968.26,0,11904.78
4128,265,2,3805.03,0.1,6849.05
4128,34,2,3132.01,0.2,5011.22
4128,236,2,3037.97,0.2,4860.75
4129,43,3,241.69,0.2,580.06
4129,205,3,1317.26,0.2,3161.42
4129,40,1,1192.17,0,1192.17
4129,176,2,4859.23,0,9718.46
4129,3,1,1407.01,0.2,1125.61
4130,194,2,2773.23,0.1,4991.81
4130,284,1,1844.85,0.1,1660.37
4131,237,3,3100.61,0.2,7441.46
4131,153,3,4053.91,0.1,10945.56
4131,70,3,2565.16,0.2,6156.38
4132,62,2,2655.9,0,5311.8
4132,86,3,4925.27,0,14775.81
4132,109,1,500.73,0.1,450.66
4133,252,1,3127.93,0,3127.93
4133,46,1,3061.47,0.1,2755.32
4133,83,1,4022.4,0.2,3217.92
4133,47,2,2238.71,0.1,4029.68
4133,300,2,3405.97,0.1,6130.75
4134,241,2,4140.57,0.1,7453.03
4134,233,2,3048.45,0.1,5487.21
4135,166,1,1655.44,0,1655.44
4135,218,3,693.44,0.1,1872.29
4135,252,1,3127.93,0.2,2502.34
4135,256,2,340.75,0,681.5
4135,231,1,671.34,0,671.34
4136,195,2,1333.33,0.2,2133.33
4136,265,3,3805.03,0.2,9132.07
4136,298,3,2955.32,0,8865.96
4137,107,2,171.93,0.2,275.09
4137,125,3,1471.63,0.1,3973.4
4138,40,3,1192.17,0.1,3218.86
4138,257,1,4439.91,0.2,3551.93
4138,153,2,4053.91,0.1,7297.04
4139,29,3,708.63,0.2,1700.71
4140,181,1,3568.87,0.2,2855.1
4140,124,2,319.5,0,639
4140,18,1,534.95,0.2,427.96
4140,285,1,2791.44,0,2791.44
4141,242,3,4351.59,0.1,11749.29
4141,107,2,171.93,0.2,275.09
4141,237,1,3100.61,0.2,2480.49
4142,33,2,1950.06,0.2,3120.1
4142,206,2,789.54,0.1,1421.17
4142,37,2,3070.15,0.2,4912.24
4143,226,2,2658.25,0,5316.5
4143,170,3,2123.49,0.1,5733.42
4143,225,2,841.46,0.2,1346.34
4143,45,1,2210.75,0.1,1989.67
4143,217,1,1838.37,0.1,1654.53
4144,111,3,132.09,0.2,317.02
4144,70,1,2565.16,0.2,2052.13
4144,68,2,998.72,0.1,1797.7
4144,89,2,130.17,0.1,234.31
4144,206,3,789.54,0.1,2131.76
4145,175,2,797.23,0,1594.46
4145,173,1,3917.1,0.1,3525.39
4146,190,3,1962.53,0.2,4710.07
4146,73,1,4378.53,0.1,3940.68
4146,177,3,1279.69,0.1,3455.16
4147,207,3,4279.16,0.2,10269.98
4147,66,2,610.55,0.2,976.88
4147,69,1,2395.28,0,2395.28
4147,165,3,1745.41,0.2,4188.98
4148,25,3,2807.38,0.2,6737.71
4148,253,3,655.15,0,1965.45
4148,215,3,3807.34,0.2,9137.62
4149,237,1,3100.61,0,3100.61
4150,154,3,3505.06,0.1,9463.66
4150,77,2,3082.83,0.2,4932.53
4150,4,1,4485.44,0.1,4036.9
4150,174,3,4378.44,0.1,11821.79
4150,176,2,4859.23,0.1,8746.61
4151,298,1,2955.32,0,2955.32
4151,237,3,3100.61,0.2,7441.46
4151,107,2,171.93,0.2,275.09
4152,142,3,2632.44,0.1,7107.59
4152,300,2,3405.97,0,6811.94
4153,300,3,3405.97,0,10217.91
4153,15,3,2876.77,0.1,7767.28
4153,91,3,1308.63,0.1,3533.3
4154,39,3,1788.8,0,5366.4
4154,188,1,270.55,0.1,243.5
4154,75,3,3915.6,0,11746.8
4154,162,1,3712.96,0.1,3341.66
4155,284,1,1844.85,0.2,1475.88
4155,150,1,1188.32,0,1188.32
4156,142,2,2632.44,0.2,4211.9
4156,83,2,4022.4,0.1,7240.32
4156,276,2,2930.01,0.1,5274.02
4157,167,1,3968.26,0.2,3174.61
4157,108,1,3213.87,0,3213.87
4158,228,2,4818.58,0.2,7709.73
4159,227,3,4186.52,0.2,10047.65
4159,248,1,1314.7,0,1314.7
4160,210,1,161.58,0,161.58
4161,40,2,1192.17,0.2,1907.47
4161,292,2,4156.58,0,8313.16
4162,60,3,4674.62,0.1,12621.47
4163,20,2,670.4,0.1,1206.72
4163,113,3,180.63,0,541.89
4164,265,2,3805.03,0,7610.06
4164,160,1,961.86,0.2,769.49
4164,30,1,4638.28,0.2,3710.62
4164,224,1,1630.29,0.1,1467.26
4164,140,2,2103.47,0.2,3365.55
4165,107,2,171.93,0,343.86
4165,270,2,3310.85,0.1,5959.53
4165,24,2,4661.82,0,9323.64
4165,53,1,4303.7,0.2,3442.96
4165,159,1,807.72,0.2,646.18
4166,23,2,4414.98,0,8829.96
4166,221,3,3628.31,0,10884.93
4167,153,1,4053.91,0,4053.91
4167,21,3,2599.67,0.1,7019.11
4167,284,1,1844.85,0,1844.85
4167,182,1,2659.11,0.1,2393.2
4168,35,2,147.11,0.1,264.8
4168,181,2,3568.87,0,7137.74
4169,204,2,2819.85,0.1,5075.73
4169,37,3,3070.15,0.1,8289.41
4170,296,1,693.33,0.1,624
4170,251,1,148.83,0.1,133.95
4170,175,3,797.23,0.1,2152.52
4170,217,1,1838.37,0,1838.37
4171,152,2,888.12,0,1776.24
4171,243,1,2564.2,0,2564.2
4171,41,2,4424.05,0.2,7078.48
4172,223,2,3793.34,0.1,6828.01
4172,195,2,1333.33,0,2666.66
4172,95,2,1944.44,0.1,3499.99
4173,17,1,2227.3,0.1,2004.57
4173,144,1,2500.85,0.1,2250.76
4173,225,1,841.46,0.1,757.31
4173,210,1,161.58,0.1,145.42
4173,18,2,534.95,0.2,855.92
4174,64,2,2393.81,0.2,3830.1
4174,74,3,3005.42,0.1,8114.63
4174,66,2,610.55,0,1221.1
4175,222,3,3519.57,0.2,8446.97
4175,173,3,3917.1,0.2,9401.04
4175,128,3,4900.43,0,14701.29
4176,14,3,4246.91,0.1,11466.66
4176,135,3,1279.65,0.2,3071.16
4176,51,3,3723.25,0.2,8935.8
4176,52,3,4453.5,0.2,10688.4
4176,149,2,4047.23,0.1,7285.01
4177,246,1,358.61,0.1,322.75
4177,221,2,3628.31,0,7256.62
4178,25,3,2807.38,0.2,6737.71
4178,11,2,4126.24,0.2,6601.98
4179,247,1,2671.22,0.2,2136.98
4179,208,3,2962.16,0.1,7997.83
4179,107,2,171.93,0,343.86
4179,113,1,180.63,0,180.63
4179,100,1,4054.92,0.2,3243.94
4180,278,3,2540.74,0.1,6860
4180,195,2,1333.33,0.1,2399.99
4180,277,1,3435.47,0.2,2748.38
4180,23,2,4414.98,0.2,7063.97
4181,276,2,2930.01,0.2,4688.02
4182,262,3,579.31,0.1,1564.14
4183,269,2,4355.56,0.2,6968.9
4183,31,3,3542.58,0.2,8502.19
4183,259,3,2977.48,0,8932.44
4184,148,2,2047.04,0,4094.08
4184,132,3,1515.14,0.1,4090.88
4185,33,3,1950.06,0,5850.18
4186,265,3,3805.03,0.1,10273.58
4186,22,1,3109.21,0.2,2487.37
4186,44,1,3885.07,0,3885.07
4186,208,2,2962.16,0.1,5331.89
4187,58,1,3807.05,0,3807.05
4188,193,1,4029.85,0,4029.85
4188,234,1,1752.01,0.2,1401.61
4188,54,3,954.56,0,2863.68
4188,9,2,2541.75,0.2,4066.8
4188,95,3,1944.44,0,5833.32
4189,300,3,3405.97,0,10217.91
4189,130,2,3052.06,0.1,5493.71
4189,142,2,2632.44,0.2,4211.9
4190,223,3,3793.34,0.1,10242.02
4190,219,1,134.79,0.1,121.31
4190,143,3,2349.66,0.2,5639.18
4190,95,1,1944.44,0.1,1750
4190,300,2,3405.97,0,6811.94
4191,126,1,1025.69,0.1,923.12
4191,291,3,850.79,0.2,2041.9
4191,6,2,905.68,0.1,1630.22
4192,1,1,1571.14,0.1,1414.03
4193,218,3,693.44,0.2,1664.26
4193,246,2,358.61,0,717.22
4193,105,1,985.57,0.2,788.46
4193,127,3,4510.8,0.1,12179.16
4194,152,2,888.12,0.2,1420.99
4194,9,1,2541.75,0.2,2033.4
4194,63,3,4344.14,0,13032.42
4194,31,2,3542.58,0,7085.16
4194,32,1,3229.2,0.2,2583.36
4195,85,3,4346.15,0.1,11734.6
4195,75,2,3915.6,0,7831.2
4196,95,3,1944.44,0.1,5249.99
4196,273,1,4036.68,0.1,3633.01
4197,211,1,2468.4,0.2,1974.72
4197,138,2,1616.24,0.1,2909.23
4198,230,3,1046.39,0.1,2825.25
4199,205,1,1317.26,0,1317.26
4199,82,2,716.07,0,1432.14
4199,288,3,4205.02,0.1,11353.55
4200,228,3,4818.58,0,14455.74
4200,165,1,1745.41,0,1745.41
4200,61,2,3565.73,0,7131.46
4200,174,2,4378.44,0.2,7005.5
4200,5,2,4696.11,0.1,8453
4201,13,1,3075.58,0,3075.58
4202,72,3,694.52,0.2,1666.85
4202,125,1,1471.63,0,1471.63
4202,25,2,2807.38,0.1,5053.28
4203,132,1,1515.14,0.1,1363.63
4203,270,3,3310.85,0,9932.55
4203,106,1,1023.38,0.2,818.7
4203,124,3,319.5,0.2,766.8
4203,215,1,3807.34,0.1,3426.61
4204,50,1,4334.05,0,4334.05
4204,69,2,2395.28,0.1,4311.5
4204,240,2,1075.21,0.2,1720.34
4204,229,1,1081.83,0,1081.83
4205,238,1,2511.77,0.2,2009.42
4205,248,1,1314.7,0.1,1183.23
4205,241,1,4140.57,0.1,3726.51
4205,116,3,4729.75,0,14189.25
4206,80,3,2157.78,0.2,5178.67
4206,63,1,4344.14,0.2,3475.31
4206,98,2,1535.92,0.1,2764.66
4207,238,3,2511.77,0.2,6028.25
4207,167,2,3968.26,0,7936.52
4207,138,1,1616.24,0.1,1454.62
4207,81,2,709.48,0.1,1277.06
4207,123,3,823.42,0,2470.26
4208,255,1,634.26,0,634.26
4208,283,3,1366.35,0.2,3279.24
4209,11,1,4126.24,0.2,3300.99
4209,286,2,3079.76,0.1,5543.57
4209,114,3,2450.58,0,7351.74
4209,39,1,1788.8,0,1788.8
4210,237,2,3100.61,0.1,5581.1
4210,189,1,2918.36,0.2,2334.69
4211,267,1,4752.35,0,4752.35
4212,33,1,1950.06,0,1950.06
4212,123,3,823.42,0,2470.26
4213,184,2,3022.86,0.2,4836.58
4213,288,1,4205.02,0,4205.02
4213,255,1,634.26,0.2,507.41
4213,282,3,3926.46,0.2,9423.5
4214,232,1,3920.49,0,3920.49
4215,279,1,347.7,0.2,278.16
4216,146,3,1738.9,0.2,4173.36
4216,124,1,319.5,0.1,287.55
4216,274,1,2974.84,0,2974.84
4216,261,2,3503.75,0,7007.5
4217,233,1,3048.45,0.1,2743.61
4217,156,2,4614.81,0,9229.62
4217,11,3,4126.24,0,12378.72
4218,70,3,2565.16,0.2,6156.38
4218,129,3,2531.28,0,7593.84
4219,222,2,3519.57,0,7039.14
4220,193,1,4029.85,0.2,3223.88
4220,58,3,3807.05,0.2,9136.92
4220,109,1,500.73,0,500.73
4221,150,3,1188.32,0.1,3208.46
4221,127,1,4510.8,0.1,4059.72
4221,241,1,4140.57,0,4140.57
4222,17,1,2227.3,0,2227.3
4222,95,1,1944.44,0.1,1750
4222,219,2,134.79,0,269.58
4222,174,2,4378.44,0,8756.88
4223,212,1,3691.31,0,3691.31
4223,33,3,1950.06,0.1,5265.16
4224,250,2,2498.75,0.1,4497.75
4224,224,3,1630.29,0.1,4401.78
4224,120,2,2696.47,0.1,4853.65
4224,175,2,797.23,0,1594.46
4225,272,2,1711.82,0.1,3081.28
4225,120,3,2696.47,0,8089.41
4226,52,1,4453.5,0.1,4008.15
4227,171,1,226.42,0.1,203.78
4227,242,2,4351.59,0.2,6962.54
4228,266,1,1513.44,0.2,1210.75
4228,106,3,1023.38,0.1,2763.13
4229,196,2,415.32,0,830.64
4229,85,2,4346.15,0.2,6953.84
4230,172,2,4013.49,0.1,7224.28
4231,164,1,816.74,0,816.74
4231,239,2,3599.71,0.1,6479.48
4232,154,1,3505.06,0,3505.06
4232,294,3,294.39,0.2,706.54
4232,259,2,2977.48,0.1,5359.46
4233,266,3,1513.44,0.1,4086.29
4233,14,1,4246.91,0,4246.91
4233,210,1,161.58,0,161.58
4233,60,2,4674.62,0.2,7479.39
4233,135,3,1279.65,0.1,3455.06
4234,222,1,3519.57,0.2,2815.66
4234,138,3,1616.24,0.2,3878.98
4234,277,2,3435.47,0,6870.94
4234,285,3,2791.44,0,8374.32
4234,246,1,358.61,0.2,286.89
4235,186,2,4809.64,0.1,8657.35
4235,279,3,347.7,0,1043.1
4235,2,3,162.86,0.2,390.86
4236,177,2,1279.69,0.2,2047.5
4237,83,2,4022.4,0.1,7240.32
4237,53,2,4303.7,0,8607.4
4237,154,1,3505.06,0.2,2804.05
4238,262,2,579.31,0,1158.62
4239,14,2,4246.91,0.1,7644.44
4239,103,1,1726.45,0.1,1553.81
4239,58,2,3807.05,0.2,6091.28
4239,55,1,4758.22,0,4758.22
4239,44,2,3885.07,0.2,6216.11
4240,129,1,2531.28,0.1,2278.15
4240,182,2,2659.11,0.2,4254.58
4240,29,2,708.63,0.1,1275.53
4241,150,2,1188.32,0.1,2138.98
4241,43,3,241.69,0,725.07
4241,227,2,4186.52,0.2,6698.43
4241,130,3,3052.06,0,9156.18
4242,6,2,905.68,0,1811.36
4242,136,2,835.08,0,1670.16
4242,140,2,2103.47,0.1,3786.25
4242,285,3,2791.44,0,8374.32
4242,247,1,2671.22,0,2671.22
4243,164,3,816.74,0.1,2205.2
4243,289,2,1989.64,0.2,3183.42
4244,83,3,4022.4,0.2,9653.76
4244,60,2,4674.62,0.2,7479.39
4245,173,2,3917.1,0,7834.2
4246,51,2,3723.25,0,7446.5
4247,68,2,998.72,0.1,1797.7
4247,222,1,3519.57,0.2,2815.66
4247,188,3,270.55,0.2,649.32
4247,288,1,4205.02,0.2,3364.02
4247,15,1,2876.77,0.1,2589.09
4248,298,1,2955.32,0.1,2659.79
4249,294,3,294.39,0.2,706.54
4250,155,3,2767.71,0.1,7472.82
4250,215,1,3807.34,0.2,3045.87
4250,164,2,816.74,0.1,1470.13
4250,189,1,2918.36,0,2918.36
4250,228,1,4818.58,0,4818.58
4251,134,3,1581.19,0.1,4269.21
4251,158,3,3200.7,0,9602.1
4251,95,2,1944.44,0.2,3111.1
4252,17,3,2227.3,0.2,5345.52
4252,298,1,2955.32,0.1,2659.79
4252,264,3,490.72,0,1472.16
4252,292,1,4156.58,0,4156.58
4253,203,1,4122.66,0.1,3710.39
4253,104,3,4507.94,0.1,12171.44
4253,201,2,3328.08,0,6656.16
4253,227,2,4186.52,0.1,7535.74
4254,221,3,3628.31,0.2,8707.94
4254,61,3,3565.73,0,10697.19
4255,127,3,4510.8,0.1,12179.16
4255,186,2,4809.64,0.1,8657.35
4255,269,2,4355.56,0,8711.12
4255,38,1,1830.1,0.1,1647.09
4256,225,2,841.46,0,1682.92
4256,46,1,3061.47,0,3061.47
4256,207,2,4279.16,0,8558.32
4257,128,3,4900.43,0.2,11761.03
4257,129,3,2531.28,0.2,6075.07
4257,234,1,1752.01,0.2,1401.61
4257,150,3,1188.32,0.2,2851.97
4257,48,3,1103.95,0,3311.85
4258,132,3,1515.14,0,4545.42
4258,177,1,1279.69,0,1279.69
4258,109,2,500.73,0.1,901.31
4258,137,2,1005.84,0,2011.68
4259,1,2,1571.14,0.1,2828.05
4260,263,3,3765.62,0,11296.86
4260,141,3,1689.08,0.2,4053.79
4260,88,1,555.9,0.1,500.31
4261,86,3,4925.27,0,14775.81
4261,52,3,4453.5,0,13360.5
4261,45,2,2210.75,0.2,3537.2
4262,101,3,3677.55,0.2,8826.12
4262,144,2,2500.85,0.2,4001.36
4262,291,2,850.79,0.2,1361.26
4262,239,3,3599.71,0,10799.13
4263,240,3,1075.21,0.1,2903.07
4264,159,2,807.72,0.1,1453.9
4265,287,1,4626.22,0.1,4163.6
4265,167,2,3968.26,0.2,6349.22
4265,79,1,2449.85,0.2,1959.88
4265,276,2,2930.01,0,5860.02
4266,89,3,130.17,0,390.51
4266,172,2,4013.49,0.1,7224.28
4267,296,2,693.33,0.2,1109.33
4267,157,1,1420.43,0,1420.43
4267,111,2,132.09,0.2,211.34
4268,59,1,2724.81,0.1,2452.33
4269,209,1,4282.34,0.2,3425.87
4269,77,3,3082.83,0.2,7398.79
4269,287,3,4626.22,0.1,12490.79
4269,85,1,4346.15,0,4346.15
4270,248,1,1314.7,0.1,1183.23
4270,8,1,1531.1,0.1,1377.99
4270,99,2,648.26,0.1,1166.87
4271,20,2,670.4,0.1,1206.72
4271,276,1,2930.01,0.2,2344.01
4272,18,1,534.95,0.2,427.96
4272,16,3,3952.33,0,11856.99
4272,154,1,3505.06,0,3505.06
4272,277,1,3435.47,0.2,2748.38
4272,230,1,1046.39,0,1046.39
4273,168,2,1435,0.1,2583
4273,86,2,4925.27,0.1,8865.49
4273,105,3,985.57,0.2,2365.37
4273,228,3,4818.58,0.1,13010.17
4274,275,1,1095.75,0,1095.75
4274,15,2,2876.77,0,5753.54
4275,296,1,693.33,0,693.33
4275,167,3,3968.26,0.2,9523.82
4276,32,1,3229.2,0,3229.2
4276,277,2,3435.47,0.2,5496.75
4276,11,2,4126.24,0.2,6601.98
4277,44,3,3885.07,0.1,10489.69
4277,70,2,2565.16,0.1,4617.29
4277,201,2,3328.08,0.2,5324.93
4278,100,1,4054.92,0.2,3243.94
4278,85,3,4346.15,0,13038.45
4278,208,1,2962.16,0,2962.16
4278,257,3,4439.91,0,13319.73
4278,178,1,113.25,0,113.25
4279,63,3,4344.14,0.2,10425.94
4280,114,1,2450.58,0.2,1960.46
4280,195,3,1333.33,0,3999.99
4280,244,2,3623.71,0.2,5797.94
4281,98,1,1535.92,0.1,1382.33
4282,291,3,850.79,0,2552.37
4282,135,2,1279.65,0,2559.3
4282,223,3,3793.34,0.1,10242.02
4282,22,1,3109.21,0.1,2798.29
4282,169,1,4666.14,0.2,3732.91
4283,161,1,2773.7,0.2,2218.96
4283,3,3,1407.01,0,4221.03
4283,78,3,3855.59,0,11566.77
4283,150,1,1188.32,0.1,1069.49
4283,51,3,3723.25,0,11169.75
4284,59,2,2724.81,0.1,4904.66
4284,74,2,3005.42,0.2,4808.67
4284,28,2,626.91,0.1,1128.44
4284,24,3,4661.82,0.1,12586.91
4284,13,1,3075.58,0,3075.58
4285,279,1,347.7,0,347.7
4285,252,1,3127.93,0,3127.93
4285,156,3,4614.81,0,13844.43
4286,227,1,4186.52,0,4186.52
4286,261,3,3503.75,0,10511.25
4287,9,2,2541.75,0.1,4575.15
4288,204,2,2819.85,0.2,4511.76
4288,171,2,226.42,0.2,362.27
4289,102,3,1655.92,0.2,3974.21
4290,14,3,4246.91,0.2,10192.58
4290,36,3,649.16,0,1947.48
4290,187,3,4233.39,0,12700.17
4290,169,3,4666.14,0.2,11198.74
4291,66,1,610.55,0.2,488.44
4291,11,3,4126.24,0.2,9902.98
4291,94,1,2572.33,0.2,2057.86
4291,197,3,3435.53,0.2,8245.27
4292,187,3,4233.39,0.2,10160.14
4292,26,2,1802.56,0.1,3244.61
4292,145,2,1799.29,0,3598.58
4292,24,3,4661.82,0,13985.46
4292,30,3,4638.28,0.1,12523.36
4293,240,3,1075.21,0.1,2903.07
4294,107,1,171.93,0.1,154.74
4294,51,3,3723.25,0.1,10052.77
4294,186,3,4809.64,0.1,12986.03
4294,225,3,841.46,0,2524.38
4295,183,1,2480.1,0.2,1984.08
4295,107,2,171.93,0.2,275.09
4296,64,2,2393.81,0.1,4308.86
4297,95,2,1944.44,0.1,3499.99
4297,91,2,1308.63,0,2617.26
4298,245,3,4842.81,0,14528.43
4298,94,2,2572.33,0.2,4115.73
4298,156,1,4614.81,0.2,3691.85
4299,248,2,1314.7,0,2629.4
4299,256,3,340.75,0,1022.25
4300,98,3,1535.92,0.2,3686.21
4301,175,1,797.23,0.2,637.78
4302,277,3,3435.47,0.1,9275.77
4302,86,2,4925.27,0.2,7880.43
4302,292,1,4156.58,0,4156.58
4302,176,1,4859.23,0.2,3887.38
4302,35,1,147.11,0.1,132.4
4303,23,2,4414.98,0.1,7946.96
4303,292,1,4156.58,0.1,3740.92
4303,249,3,2443.3,0.1,6596.91
4303,142,2,2632.44,0.2,4211.9
4303,35,3,147.11,0.1,397.2
4304,33,1,1950.06,0.2,1560.05
4304,234,2,1752.01,0,3504.02
4304,299,1,2527.49,0.1,2274.74
4305,237,2,3100.61,0.2,4960.98
4305,22,1,3109.21,0.2,2487.37
4305,234,1,1752.01,0.1,1576.81
4306,4,2,4485.44,0.2,7176.7
4306,17,3,2227.3,0.2,5345.52
4306,202,2,1540.48,0,3080.96
4306,297,2,4780.41,0,9560.82
4307,124,2,319.5,0.2,511.2
4307,156,3,4614.81,0.1,12459.99
4307,54,1,954.56,0.2,763.65
4307,196,2,415.32,0.1,747.58
4307,191,1,2272.49,0,2272.49
4308,81,1,709.48,0.2,567.58
4308,135,1,1279.65,0,1279.65
4309,43,3,241.69,0.2,580.06
4309,31,1,3542.58,0,3542.58
4309,58,1,3807.05,0.1,3426.35
4309,175,2,797.23,0.2,1275.57
4310,47,3,2238.71,0.2,5372.9
4310,138,2,1616.24,0,3232.48
4310,202,1,1540.48,0,1540.48
4310,88,3,555.9,0,1667.7
4310,238,1,2511.77,0.2,2009.42
4311,185,2,1406.51,0.1,2531.72
4312,112,2,2686.4,0,5372.8
4313,293,3,3384.67,0.2,8123.21
4314,89,1,130.17,0.1,117.15
4314,66,1,610.55,0.2,488.44
4314,239,3,3599.71,0.2,8639.3
4314,240,3,1075.21,0.2,2580.5
4315,95,3,1944.44,0.1,5249.99
4315,75,2,3915.6,0.1,7048.08
4315,80,2,2157.78,0,4315.56
4316,92,3,1893.48,0.1,5112.4
4316,10,1,4384.24,0.1,3945.82
4317,64,3,2393.81,0.1,6463.29
4317,74,3,3005.42,0,9016.26
4317,81,1,709.48,0.2,567.58
4317,162,3,3712.96,0.2,8911.1
4317,208,1,2962.16,0.2,2369.73
4318,165,1,1745.41,0.1,1570.87
4318,230,1,1046.39,0.1,941.75
4318,272,2,1711.82,0,3423.64
4319,285,3,2791.44,0.2,6699.46
4320,238,3,2511.77,0.2,6028.25
4320,57,2,924.14,0.2,1478.62
4321,124,3,319.5,0,958.5
4321,142,2,2632.44,0.2,4211.9
4322,69,3,2395.28,0,7185.84
4323,58,1,3807.05,0,3807.05
4323,166,2,1655.44,0.2,2648.7
4323,75,3,3915.6,0,11746.8
4323,192,1,1974.7,0.2,1579.76
4323,256,3,340.75,0.1,920.02
4324,173,3,3917.1,0.2,9401.04
4324,242,1,4351.59,0,4351.59
4325,178,3,113.25,0.1,305.78
4325,221,1,3628.31,0.1,3265.48
4326,198,1,2228.32,0.2,1782.66
4326,181,1,3568.87,0,3568.87
4326,137,3,1005.84,0.2,2414.02
4326,40,2,1192.17,0.2,1907.47
4326,66,1,610.55,0,610.55
4327,21,1,2599.67,0.1,2339.7
4327,55,2,4758.22,0.2,7613.15
4327,71,1,3792.47,0.2,3033.98
4327,139,1,3351.42,0,3351.42
4327,153,3,4053.91,0.2,9729.38
4328,193,1,4029.85,0,4029.85
4328,60,3,4674.62,0.1,12621.47
4328,24,3,4661.82,0.1,12586.91
4328,14,1,4246.91,0.1,3822.22
4329,255,2,634.26,0,1268.52
4329,235,2,1157.47,0.1,2083.45
4329,257,3,4439.91,0.2,10655.78
4329,49,1,1365.91,0.1,1229.32
4330,141,1,1689.08,0.2,1351.26
4331,62,2,2655.9,0.1,4780.62
4331,247,1,2671.22,0,2671.22
4331,29,1,708.63,0,708.63
4331,102,3,1655.92,0.1,4470.98
4331,239,3,3599.71,0.1,9719.22
4332,244,2,3623.71,0.1,6522.68
4332,224,3,1630.29,0,4890.87
4332,147,3,1158.14,0,3474.42
4332,118,1,2699.14,0,2699.14
4332,207,2,4279.16,0.1,7702.49
4333,88,3,555.9,0.1,1500.93
4334,44,3,3885.07,0.1,10489.69
4334,210,2,161.58,0.2,258.53
4335,31,1,3542.58,0.2,2834.06
4336,142,2,2632.44,0.1,4738.39
4336,6,2,905.68,0.1,1630.22
4336,152,1,888.12,0.2,710.5
4337,208,1,2962.16,0.2,2369.73
4338,235,1,1157.47,0,1157.47
4338,99,1,648.26,0.1,583.43
4339,297,1,4780.41,0.1,4302.37
4339,295,1,2343.7,0.1,2109.33
4339,108,1,3213.87,0.1,2892.48
4339,267,2,4752.35,0.2,7603.76
4339,289,3,1989.64,0.2,4775.14
4340,169,2,4666.14,0,9332.28
4340,290,1,1966.47,0.2,1573.18
4340,202,1,1540.48,0.1,1386.43
4341,137,1,1005.84,0.1,905.26
4341,98,2,1535.92,0.1,2764.66
4341,42,1,1883.45,0.2,1506.76
4341,4,2,4485.44,0.1,8073.79
4341,120,2,2696.47,0.2,4314.35
4342,175,3,797.23,0.1,2152.52
4343,190,2,1962.53,0,3925.06
4343,44,3,3885.07,0.1,10489.69
4343,35,3,147.11,0.2,353.06
4343,200,2,456.13,0.1,821.03
4343,104,2,4507.94,0.1,8114.29
4344,201,3,3328.08,0.1,8985.82
4344,1,3,1571.14,0,4713.42
4345,171,3,226.42,0.1,611.33
4345,116,3,4729.75,0.1,12770.33
4346,247,2,2671.22,0,5342.44
4346,244,2,3623.71,0.2,5797.94
4346,99,2,648.26,0.2,1037.22
4347,101,2,3677.55,0,7355.1
4348,87,2,2631.45,0.2,4210.32
4348,56,1,886.8,0.2,709.44
4348,199,1,1706.15,0.2,1364.92
4348,279,3,347.7,0.1,938.79
4349,198,3,2228.32,0,6684.96
4349,106,3,1023.38,0.1,2763.13
4349,229,1,1081.83,0.2,865.46
4349,261,3,3503.75,0,10511.25
4349,299,3,2527.49,0.2,6065.98
4350,266,3,1513.44,0.2,3632.26
4350,286,3,3079.76,0,9239.28
4350,230,3,1046.39,0,3139.17
4350,75,1,3915.6,0.2,3132.48
4351,133,1,4617.75,0,4617.75
4351,271,2,4563.65,0.1,8214.57
4352,145,2,1799.29,0.1,3238.72
4352,65,3,4314.56,0.1,11649.31
4352,185,3,1406.51,0.1,3797.58
4352,31,1,3542.58,0.1,3188.32
4352,214,2,956.15,0.2,1529.84
4353,127,1,4510.8,0.2,3608.64
4353,246,2,358.61,0.2,573.78
4353,190,3,1962.53,0.2,4710.07
4353,95,3,1944.44,0.1,5249.99
4353,276,3,2930.01,0,8790.03
4354,204,1,2819.85,0,2819.85
4355,67,3,1384.47,0.1,3738.07
4355,216,1,1354.53,0.2,1083.62
4355,119,3,822.62,0.1,2221.07
4356,265,1,3805.03,0.2,3044.02
4357,136,3,835.08,0.1,2254.72
4357,298,3,2955.32,0.1,7979.36
4358,290,1,1966.47,0.1,1769.82
4358,56,3,886.8,0,2660.4
4358,51,1,3723.25,0,3723.25
4359,6,3,905.68,0,2717.04
4359,97,3,1334.43,0.2,3202.63
4360,25,2,2807.38,0.2,4491.81
4360,127,1,4510.8,0.2,3608.64
4360,54,2,954.56,0,1909.12
4360,158,1,3200.7,0.2,2560.56
4360,247,2,2671.22,0.2,4273.95
4361,66,1,610.55,0.2,488.44
4361,289,2,1989.64,0.2,3183.42
4361,221,2,3628.31,0.1,6530.96
4361,228,1,4818.58,0.1,4336.72
4361,243,2,2564.2,0.2,4102.72
4362,86,1,4925.27,0.2,3940.22
4362,215,3,3807.34,0.2,9137.62
4362,27,1,4687.97,0.2,3750.38
4362,155,1,2767.71,0.2,2214.17
4362,229,2,1081.83,0.1,1947.29
4363,139,3,3351.42,0,10054.26
4363,111,1,132.09,0,132.09
4364,66,1,610.55,0,610.55
4364,176,3,4859.23,0.2,11662.15
4364,137,1,1005.84,0.2,804.67
4364,226,2,2658.25,0.2,4253.2
4365,256,2,340.75,0.1,613.35
4365,275,2,1095.75,0.1,1972.35
4365,260,3,4129.31,0,12387.93
4365,22,1,3109.21,0,3109.21
4365,75,1,3915.6,0,3915.6
4366,166,2,1655.44,0.1,2979.79
4366,250,2,2498.75,0,4997.5
4366,150,3,1188.32,0.1,3208.46
4366,169,2,4666.14,0.1,8399.05
4367,241,2,4140.57,0,8281.14
4367,266,2,1513.44,0.1,2724.19
4367,148,3,2047.04,0,6141.12
4367,245,2,4842.81,0.1,8717.06
4368,1,3,1571.14,0,4713.42
4369,89,1,130.17,0,130.17
4369,284,1,1844.85,0.2,1475.88
4369,274,1,2974.84,0,2974.84
4369,133,1,4617.75,0.2,3694.2
4369,265,3,3805.03,0.2,9132.07
4370,237,1,3100.61,0.2,2480.49
4370,269,2,4355.56,0.2,6968.9
4370,296,2,693.33,0,1386.66
4371,28,3,626.91,0,1880.73
4371,130,2,3052.06,0.1,5493.71
4371,193,1,4029.85,0,4029.85
4371,13,1,3075.58,0.1,2768.02
4371,275,2,1095.75,0.1,1972.35
4372,162,3,3712.96,0.2,8911.1
4372,16,2,3952.33,0.1,7114.19
4372,87,3,2631.45,0,7894.35
4372,262,1,579.31,0.1,521.38
4373,8,1,1531.1,0.2,1224.88
4373,163,1,3977.99,0,3977.99
4373,184,1,3022.86,0.2,2418.29
4374,89,1,130.17,0.1,117.15
4374,265,3,3805.03,0,11415.09
4375,136,2,835.08,0,1670.16
4376,190,3,1962.53,0,5887.59
4376,8,1,1531.1,0.2,1224.88
4377,272,1,1711.82,0.2,1369.46
4377,42,1,1883.45,0,1883.45
4377,116,2,4729.75,0.1,8513.55
4377,92,1,1893.48,0.2,1514.78
4378,262,1,579.31,0.1,521.38
4378,235,1,1157.47,0.2,925.98
4378,276,2,2930.01,0,5860.02
4378,45,2,2210.75,0.1,3979.35
4379,192,2,1974.7,0.1,3554.46
4379,184,3,3022.86,0.2,7254.86
4380,50,3,4334.05,0.2,10401.72
4380,219,2,134.79,0.1,242.62
4381,262,1,579.31,0.1,521.38
4381,6,3,905.68,0,2717.04
4382,110,2,478.85,0,957.7
4382,135,3,1279.65,0.1,3455.06
4382,207,2,4279.16,0,8558.32
4383,218,2,693.44,0,1386.88
4383,70,2,2565.16,0.1,4617.29
4383,281,3,914.17,0.2,2194.01
4383,64,2,2393.81,0.2,3830.1
4384,20,3,670.4,0.1,1810.08
4384,58,3,3807.05,0,11421.15
4384,10,3,4384.24,0.2,10522.18
4384,177,2,1279.69,0.2,2047.5
4385,39,2,1788.8,0.2,2862.08
4385,10,1,4384.24,0,4384.24
4385,166,3,1655.44,0.1,4469.69
4385,12,2,1645.78,0.1,2962.4
4386,148,3,2047.04,0.1,5527.01
4386,271,1,4563.65,0,4563.65
4386,226,3,2658.25,0,7974.75
4386,290,1,1966.47,0,1966.47
4386,97,1,1334.43,0.2,1067.54
4387,101,2,3677.55,0,7355.1
4387,172,3,4013.49,0,12040.47
4387,40,1,1192.17,0.1,1072.95
4387,186,2,4809.64,0,9619.28
4387,3,1,1407.01,0.1,1266.31
4388,52,3,4453.5,0,13360.5
4388,228,3,4818.58,0,14455.74
4389,4,1,4485.44,0.1,4036.9
4389,240,1,1075.21,0.2,860.17
4389,165,3,1745.41,0.1,4712.61
4389,220,3,2980.59,0.1,8047.59
4389,204,2,2819.85,0.2,4511.76
4390,258,1,3042.51,0,3042.51
4390,5,1,4696.11,0.1,4226.5
4391,291,1,850.79,0.1,765.71
4391,60,2,4674.62,0.1,8414.32
4392,100,1,4054.92,0.2,3243.94
4392,245,2,4842.81,0.2,7748.5
4393,127,3,4510.8,0,13532.4
4393,272,1,1711.82,0,1711.82
4393,44,1,3885.07,0.1,3496.56
4394,287,2,4626.22,0.1,8327.2
4394,21,2,2599.67,0,5199.34
4394,271,1,4563.65,0.2,3650.92
4395,71,1,3792.47,0.1,3413.22
4395,3,1,1407.01,0,1407.01
4395,185,1,1406.51,0,1406.51
4395,202,1,1540.48,0.2,1232.38
4396,120,3,2696.47,0.1,7280.47
4396,179,3,3748.16,0,11244.48
4396,112,1,2686.4,0,2686.4
4396,108,2,3213.87,0.1,5784.97
4396,28,3,626.91,0,1880.73
4397,289,2,1989.64,0.2,3183.42
4398,162,3,3712.96,0,11138.88
4398,53,2,4303.7,0.2,6885.92
4398,137,1,1005.84,0,1005.84
4398,270,2,3310.85,0.2,5297.36
4399,130,3,3052.06,0,9156.18
4399,100,1,4054.92,0,4054.92
4399,101,2,3677.55,0.2,5884.08
4399,97,2,1334.43,0.2,2135.09
4399,243,1,2564.2,0.1,2307.78
4400,80,1,2157.78,0,2157.78
4401,39,2,1788.8,0,3577.6
4401,103,2,1726.45,0,3452.9
4401,59,2,2724.81,0,5449.62
4401,115,3,2411.4,0.2,5787.36
4401,49,3,1365.91,0,4097.73
4402,197,3,3435.53,0.1,9275.93
4402,172,3,4013.49,0.1,10836.42
4402,56,3,886.8,0.1,2394.36
4402,278,3,2540.74,0,7622.22
4403,242,3,4351.59,0.1,11749.29
4403,183,1,2480.1,0.2,1984.08
4404,26,3,1802.56,0,5407.68
4404,41,2,4424.05,0,8848.1
4404,31,1,3542.58,0.2,2834.06
4405,88,2,555.9,0.1,1000.62
4405,66,3,610.55,0.1,1648.48
4405,175,3,797.23,0,2391.69
4405,240,1,1075.21,0.1,967.69
4406,240,1,1075.21,0,1075.21
4406,190,3,1962.53,0,5887.59
4406,9,1,2541.75,0.2,2033.4
4407,119,3,822.62,0.1,2221.07
4407,185,3,1406.51,0.2,3375.62
4408,116,3,4729.75,0.2,11351.4
4408,264,2,490.72,0,981.44
4408,83,1,4022.4,0.2,3217.92
4409,49,1,1365.91,0.2,1092.73
4410,87,2,2631.45,0,5262.9
4410,183,2,2480.1,0.1,4464.18
4410,33,3,1950.06,0,5850.18
4410,140,3,2103.47,0.1,5679.37
4410,108,2,3213.87,0.1,5784.97
4411,263,1,3765.62,0,3765.62
4411,88,3,555.9,0.2,1334.16
4412,134,3,1581.19,0.2,3794.86
4412,104,3,4507.94,0.1,12171.44
4412,130,1,3052.06,0,3052.06
4412,162,3,3712.96,0,11138.88
4413,81,3,709.48,0,2128.44
4413,265,1,3805.03,0.2,3044.02
4414,79,3,2449.85,0.1,6614.59
4414,211,3,2468.4,0.1,6664.68
4414,63,2,4344.14,0.2,6950.62
4414,180,1,655.78,0.1,590.2
4415,231,3,671.34,0,2014.02
4415,48,3,1103.95,0.2,2649.48
4415,281,2,914.17,0.2,1462.67
4415,51,2,3723.25,0.2,5957.2
4416,65,2,4314.56,0.1,7766.21
4416,281,2,914.17,0.2,1462.67
4416,224,1,1630.29,0.2,1304.23
4417,282,1,3926.46,0.1,3533.81
4418,39,1,1788.8,0,1788.8
4419,291,3,850.79,0.2,2041.9
4419,267,2,4752.35,0.2,7603.76
4419,238,1,2511.77,0.1,2260.59
4419,70,2,2565.16,0,5130.32
4419,8,1,1531.1,0.1,1377.99
4420,287,1,4626.22,0,4626.22
4420,164,2,816.74,0,1633.48
4420,69,2,2395.28,0.1,4311.5
4420,160,1,961.86,0.1,865.67
4421,99,2,648.26,0.1,1166.87
4421,204,2,2819.85,0.2,4511.76
4421,102,1,1655.92,0.1,1490.33
4421,110,2,478.85,0.2,766.16
4422,173,2,3917.1,0,7834.2
4422,28,3,626.91,0.2,1504.58
4422,177,3,1279.69,0.1,3455.16
4422,205,2,1317.26,0.1,2371.07
4422,90,3,183.24,0.1,494.75
4423,102,1,1655.92,0.1,1490.33
4424,99,3,648.26,0,1944.78
4425,59,1,2724.81,0.2,2179.85
4425,104,3,4507.94,0.2,10819.06
4425,114,3,2450.58,0.1,6616.57
4425,171,1,226.42,0.1,203.78
4426,288,3,4205.02,0.2,10092.05
4427,283,3,1366.35,0.1,3689.14
4427,100,1,4054.92,0.1,3649.43
4427,281,1,914.17,0.1,822.75
4427,43,3,241.69,0.1,652.56
4428,93,2,4086.52,0,8173.04
4428,160,1,961.86,0.2,769.49
4428,118,3,2699.14,0,8097.42
4428,130,3,3052.06,0,9156.18
4428,26,3,1802.56,0.2,4326.14
4429,136,2,835.08,0.2,1336.13
4429,150,1,1188.32,0.1,1069.49
4429,27,3,4687.97,0.2,11251.13
4430,107,2,171.93,0.2,275.09
4430,57,1,924.14,0.1,831.73
4431,112,1,2686.4,0.2,2149.12
4431,133,2,4617.75,0.2,7388.4
4431,69,3,2395.28,0.1,6467.26
4432,10,1,4384.24,0.1,3945.82
4432,35,1,147.11,0.1,132.4
4432,26,2,1802.56,0,3605.12
4432,170,1,2123.49,0,2123.49
4432,161,2,2773.7,0,5547.4
4433,100,3,4054.92,0.2,9731.81
4433,282,1,3926.46,0.2,3141.17
4433,136,1,835.08,0.2,668.06
4433,28,3,626.91,0.1,1692.66
4434,214,2,956.15,0.2,1529.84
4434,234,1,1752.01,0,1752.01
4434,239,1,3599.71,0.2,2879.77
4434,167,1,3968.26,0.2,3174.61
4434,65,2,4314.56,0,8629.12
4435,88,3,555.9,0,1667.7
4435,147,1,1158.14,0,1158.14
4435,222,2,3519.57,0,7039.14
4435,211,1,2468.4,0.1,2221.56
4435,187,2,4233.39,0.1,7620.1
4436,75,1,3915.6,0.2,3132.48
4436,126,2,1025.69,0.2,1641.1
4436,29,1,708.63,0,708.63
4436,221,2,3628.31,0.1,6530.96
4437,33,1,1950.06,0.2,1560.05
4437,14,2,4246.91,0.2,6795.06
4437,289,3,1989.64,0.2,4775.14
4437,236,1,3037.97,0.1,2734.17
4438,3,2,1407.01,0.1,2532.62
4438,197,1,3435.53,0,3435.53
4438,160,3,961.86,0,2885.58
4438,92,2,1893.48,0,3786.96
4439,207,3,4279.16,0,12837.48
4439,190,1,1962.53,0,1962.53
4439,138,3,1616.24,0,4848.72
4439,251,1,148.83,0.2,119.06
4440,64,1,2393.81,0.2,1915.05
4440,137,3,1005.84,0.2,2414.02
4440,148,1,2047.04,0.2,1637.63
4440,10,1,4384.24,0.2,3507.39
4440,214,2,956.15,0.1,1721.07
4441,72,1,694.52,0.1,625.07
4442,57,3,924.14,0,2772.42
4442,202,2,1540.48,0.1,2772.86
4442,296,3,693.33,0.2,1663.99
4443,230,2,1046.39,0.2,1674.22
4444,58,2,3807.05,0.2,6091.28
4444,27,2,4687.97,0.2,7500.75
4444,289,3,1989.64,0.2,4775.14
4445,5,1,4696.11,0.2,3756.89
4445,38,1,1830.1,0.1,1647.09
4446,212,3,3691.31,0.1,9966.54
4446,50,1,4334.05,0.1,3900.65
4446,231,3,671.34,0.1,1812.62
4447,54,2,954.56,0.2,1527.3
4447,137,1,1005.84,0.1,905.26
4448,53,3,4303.7,0.1,11619.99
4448,261,1,3503.75,0.1,3153.38
4448,52,1,4453.5,0.1,4008.15
4449,49,2,1365.91,0.2,2185.46
4449,111,1,132.09,0,132.09
4449,299,3,2527.49,0.2,6065.98
4449,151,1,4406.48,0,4406.48
4449,225,1,841.46,0.1,757.31
4450,121,1,2781.54,0,2781.54
4450,74,1,3005.42,0.1,2704.88
4451,108,2,3213.87,0.2,5142.19
4451,148,3,2047.04,0,6141.12
4451,6,3,905.68,0.1,2445.34
4452,33,3,1950.06,0.1,5265.16
4453,165,2,1745.41,0,3490.82
4453,30,2,4638.28,0,9276.56
4453,290,2,1966.47,0.1,3539.65
4454,237,3,3100.61,0,9301.83
4454,39,1,1788.8,0,1788.8
4454,57,2,924.14,0.1,1663.45
4455,21,2,2599.67,0,5199.34
4455,283,1,1366.35,0.2,1093.08
4455,114,1,2450.58,0.2,1960.46
4455,209,2,4282.34,0.1,7708.21
4456,296,1,693.33,0.1,624
4456,274,2,2974.84,0.1,5354.71
4456,233,3,3048.45,0.2,7316.28
4456,247,1,2671.22,0.2,2136.98
4457,202,1,1540.48,0.2,1232.38
4457,118,1,2699.14,0,2699.14
4457,222,1,3519.57,0.2,2815.66
4457,266,3,1513.44,0.1,4086.29
4457,248,1,1314.7,0.2,1051.76
4458,145,1,1799.29,0.1,1619.36
4458,274,1,2974.84,0.1,2677.36
4458,3,2,1407.01,0.2,2251.22
4458,232,2,3920.49,0,7840.98
4459,12,1,1645.78,0.2,1316.62
4459,91,1,1308.63,0.1,1177.77
4459,200,1,456.13,0,456.13
4459,118,3,2699.14,0,8097.42
4459,166,1,1655.44,0.2,1324.35
4460,58,1,3807.05,0.2,3045.64
4460,243,3,2564.2,0,7692.6
4460,48,3,1103.95,0,3311.85
4461,64,3,2393.81,0.2,5745.14
4461,110,1,478.85,0,478.85
4461,115,2,2411.4,0.2,3858.24
4461,228,1,4818.58,0.2,3854.86
4461,191,2,2272.49,0.1,4090.48
4462,33,2,1950.06,0,3900.12
4462,229,2,1081.83,0.1,1947.29
4463,214,2,956.15,0,1912.3
4464,199,1,1706.15,0.2,1364.92
4465,30,3,4638.28,0.2,11131.87
4465,88,3,555.9,0,1667.7
4465,115,1,2411.4,0.1,2170.26
4466,182,2,2659.11,0.2,4254.58
4466,183,3,2480.1,0.1,6696.27
4466,56,3,886.8,0.1,2394.36
4466,292,3,4156.58,0,12469.74
4467,100,2,4054.92,0.1,7298.86
4467,202,2,1540.48,0,3080.96
4468,298,2,2955.32,0,5910.64
4469,127,3,4510.8,0,13532.4
4469,225,1,841.46,0.2,673.17
4470,36,3,649.16,0,1947.48
4470,211,3,2468.4,0.2,5924.16
4470,143,3,2349.66,0.2,5639.18
4471,77,2,3082.83,0.1,5549.09
4471,258,2,3042.51,0,6085.02
4471,185,3,1406.51,0.2,3375.62
4471,132,3,1515.14,0.2,3636.34
4471,295,2,2343.7,0.1,4218.66
4472,29,1,708.63,0.1,637.77
4473,234,3,1752.01,0.1,4730.43
4473,291,2,850.79,0.1,1531.42
4473,232,3,3920.49,0,11761.47
4473,169,3,4666.14,0,13998.42
4473,7,3,2977.47,0.1,8039.17
4474,179,2,3748.16,0.1,6746.69
4474,77,3,3082.83,0.1,8323.64
4474,36,3,649.16,0.1,1752.73
4474,172,1,4013.49,0,4013.49
4474,154,1,3505.06,0,3505.06
4475,202,2,1540.48,0.2,2464.77
4475,101,1,3677.55,0.2,2942.04
4475,142,2,2632.44,0.1,4738.39
4475,117,2,2823.36,0.2,4517.38
4475,297,3,4780.41,0.2,11472.98
4476,140,1,2103.47,0,2103.47
4476,21,2,2599.67,0.1,4679.41
4476,132,3,1515.14,0.1,4090.88
4477,256,3,340.75,0,1022.25
4477,240,1,1075.21,0.1,967.69
4477,236,3,3037.97,0.1,8202.52
4478,261,3,3503.75,0.2,8409
4478,190,3,1962.53,0.2,4710.07
4478,257,1,4439.91,0,4439.91
4479,31,3,3542.58,0.1,9564.97
4479,245,3,4842.81,0.1,13075.59
4479,206,3,789.54,0,2368.62
4479,62,1,2655.9,0.2,2124.72
4480,117,3,2823.36,0.1,7623.07
4480,203,3,4122.66,0.1,11131.18
4480,46,3,3061.47,0.2,7347.53
4480,112,1,2686.4,0.2,2149.12
4480,200,3,456.13,0.1,1231.55
4481,76,3,3589.68,0.1,9692.14
4481,181,3,3568.87,0.2,8565.29
4482,105,2,985.57,0.1,1774.03
4482,228,1,4818.58,0.1,4336.72
4482,36,1,649.16,0,649.16
4482,94,3,2572.33,0.2,6173.59
4483,247,3,2671.22,0.2,6410.93
4484,63,3,4344.14,0,13032.42
4484,130,2,3052.06,0.2,4883.3
4484,115,1,2411.4,0.2,1929.12
4484,212,1,3691.31,0.1,3322.18
4484,279,2,347.7,0.2,556.32
4485,261,3,3503.75,0.1,9460.12
4485,293,3,3384.67,0,10154.01
4485,209,3,4282.34,0.1,11562.32
4486,17,1,2227.3,0.1,2004.57
4487,170,2,2123.49,0.2,3397.58
4488,252,1,3127.93,0.1,2815.14
4488,241,1,4140.57,0.2,3312.46
4488,156,1,4614.81,0.1,4153.33
4488,34,3,3132.01,0.2,7516.82
4489,230,2,1046.39,0,2092.78
4489,210,3,161.58,0.2,387.79
4489,122,1,1254.11,0.2,1003.29
4490,48,1,1103.95,0.2,883.16
4490,77,2,3082.83,0.2,4932.53
4490,11,1,4126.24,0,4126.24
4491,130,1,3052.06,0.1,2746.85
4491,156,1,4614.81,0.2,3691.85
4492,96,1,4243.67,0,4243.67
4492,196,2,415.32,0.2,664.51
4492,12,1,1645.78,0.2,1316.62
4493,263,1,3765.62,0,3765.62
4493,249,1,2443.3,0.1,2198.97
4493,271,3,4563.65,0.1,12321.85
4493,138,2,1616.24,0.2,2585.98
4493,277,2,3435.47,0,6870.94
4494,268,1,4342.22,0,4342.22
4494,102,2,1655.92,0.1,2980.66
4494,218,2,693.44,0.1,1248.19
4494,178,3,113.25,0.2,271.8
4495,40,1,1192.17,0.1,1072.95
4495,27,3,4687.97,0,14063.91
4495,57,3,924.14,0,2772.42
4495,142,1,2632.44,0.2,2105.95
4496,139,3,3351.42,0.2,8043.41
4496,83,1,4022.4,0,4022.4
4496,122,3,1254.11,0,3762.33
4496,104,1,4507.94,0.1,4057.15
4497,241,3,4140.57,0,12421.71
4497,51,2,3723.25,0.2,5957.2
4497,99,3,648.26,0,1944.78
4497,207,1,4279.16,0.2,3423.33
4497,199,2,1706.15,0.1,3071.07
4498,220,3,2980.59,0.1,8047.59
4498,88,2,555.9,0,1111.8
4498,171,1,226.42,0.2,181.14
4499,11,2,4126.24,0.2,6601.98
4499,204,1,2819.85,0,2819.85
4499,102,1,1655.92,0,1655.92
4500,167,1,3968.26,0.1,3571.43
4500,284,2,1844.85,0.1,3320.73
4500,136,1,835.08,0,835.08
4500,71,1,3792.47,0,3792.47
4501,202,2,1540.48,0,3080.96
4501,273,3,4036.68,0,12110.04
4501,32,1,3229.2,0.2,2583.36
4501,105,3,985.57,0,2956.71
4502,150,1,1188.32,0,1188.32
4502,160,2,961.86,0.2,1538.98
4502,32,3,3229.2,0.2,7750.08
4503,164,3,816.74,0.1,2205.2
4503,195,2,1333.33,0,2666.66
4503,173,1,3917.1,0,3917.1
4503,226,3,2658.25,0,7974.75
4503,23,2,4414.98,0.1,7946.96
4504,52,1,4453.5,0.2,3562.8
4504,251,3,148.83,0.2,357.19
4504,102,3,1655.92,0.1,4470.98
4504,172,2,4013.49,0,8026.98
4504,113,1,180.63,0,180.63
4505,37,2,3070.15,0.1,5526.27
4505,168,3,1435,0,4305
4506,14,2,4246.91,0.2,6795.06
4506,298,2,2955.32,0,5910.64
4506,206,3,789.54,0,2368.62
4506,179,3,3748.16,0.2,8995.58
4506,282,3,3926.46,0,11779.38
4507,86,1,4925.27,0.2,3940.22
4508,5,3,4696.11,0,14088.33
4508,32,3,3229.2,0,9687.6
4508,183,2,2480.1,0.2,3968.16
4509,121,1,2781.54,0.1,2503.39
4510,117,1,2823.36,0,2823.36
4511,220,1,2980.59,0.2,2384.47
4511,171,3,226.42,0,679.26
4512,208,1,2962.16,0.2,2369.73
4513,51,3,3723.25,0.1,10052.77
4513,247,2,2671.22,0,5342.44
4513,284,1,1844.85,0.1,1660.37
4514,157,1,1420.43,0.1,1278.39
4514,102,1,1655.92,0.2,1324.74
4514,174,2,4378.44,0.2,7005.5
4514,276,3,2930.01,0.2,7032.02
4514,266,3,1513.44,0.1,4086.29
4515,27,2,4687.97,0.2,7500.75
4516,82,2,716.07,0,1432.14
4516,33,1,1950.06,0.2,1560.05
4516,296,3,693.33,0,2079.99
4516,251,3,148.83,0.2,357.19
4516,36,2,649.16,0.2,1038.66
4517,150,1,1188.32,0.1,1069.49
4517,295,2,2343.7,0.1,4218.66
4517,226,2,2658.25,0.1,4784.85
4517,6,2,905.68,0.2,1449.09
4518,40,1,1192.17,0.1,1072.95
4518,65,2,4314.56,0.1,7766.21
4518,239,1,3599.71,0,3599.71
4519,52,3,4453.5,0.1,12024.45
4519,162,1,3712.96,0.2,2970.37
4519,136,1,835.08,0.1,751.57
4519,36,1,649.16,0.2,519.33
4520,296,3,693.33,0.1,1871.99
4520,117,1,2823.36,0.1,2541.02
4520,23,2,4414.98,0.1,7946.96
4520,92,3,1893.48,0.2,4544.35
4521,262,2,579.31,0.1,1042.76
4521,199,1,1706.15,0.1,1535.54
4521,275,2,1095.75,0,2191.5
4521,173,3,3917.1,0.2,9401.04
4522,179,1,3748.16,0.2,2998.53
4522,2,3,162.86,0,488.58
4522,154,1,3505.06,0,3505.06
4522,180,2,655.78,0,1311.56
4522,133,2,4617.75,0.1,8311.95
4523,217,2,1838.37,0,3676.74
4523,45,3,2210.75,0.2,5305.8
4524,243,1,2564.2,0.2,2051.36
4524,285,1,2791.44,0,2791.44
4524,10,1,4384.24,0.2,3507.39
4524,249,2,2443.3,0,4886.6
4524,255,3,634.26,0.2,1522.22
4525,112,3,2686.4,0.1,7253.28
4525,125,2,1471.63,0.2,2354.61
4525,294,3,294.39,0.2,706.54
4525,99,1,648.26,0.1,583.43
4526,216,3,1354.53,0.2,3250.87
4526,202,1,1540.48,0.2,1232.38
4526,30,1,4638.28,0,4638.28
4526,87,1,2631.45,0,2631.45
4526,124,1,319.5,0,319.5
4527,70,3,2565.16,0.1,6925.93
4527,236,1,3037.97,0.2,2430.38
4527,63,1,4344.14,0.1,3909.73
4527,189,3,2918.36,0.1,7879.57
4527,11,2,4126.24,0.1,7427.23
4528,226,2,2658.25,0,5316.5
4529,159,2,807.72,0,1615.44
4529,170,2,2123.49,0.2,3397.58
4530,219,3,134.79,0.1,363.93
4531,209,1,4282.34,0.2,3425.87
4531,108,3,3213.87,0,9641.61
4531,192,3,1974.7,0.1,5331.69
4531,42,3,1883.45,0.2,4520.28
4532,273,3,4036.68,0.2,9688.03
4533,199,1,1706.15,0.1,1535.54
4533,173,3,3917.1,0,11751.3
4533,135,3,1279.65,0,3838.95
4534,60,1,4674.62,0.1,4207.16
4535,221,1,3628.31,0.2,2902.65
4535,239,2,3599.71,0.2,5759.54
4535,186,2,4809.64,0.1,8657.35
4536,13,2,3075.58,0,6151.16
4536,292,3,4156.58,0.1,11222.77
4537,196,3,415.32,0.2,996.77
4537,248,1,1314.7,0,1314.7
4537,73,3,4378.53,0,13135.59
4537,229,2,1081.83,0.2,1730.93
4537,110,1,478.85,0.2,383.08
4538,289,3,1989.64,0.2,4775.14
4538,37,1,3070.15,0.2,2456.12
4538,266,2,1513.44,0.1,2724.19
4539,282,2,3926.46,0,7852.92
4539,228,3,4818.58,0,14455.74
4539,224,2,1630.29,0.1,2934.52
4539,11,3,4126.24,0.1,11140.85
4539,149,3,4047.23,0.1,10927.52
4540,8,3,1531.1,0.2,3674.64
4540,133,1,4617.75,0.2,3694.2
4541,286,1,3079.76,0,3079.76
4541,38,1,1830.1,0.1,1647.09
4541,47,3,2238.71,0,6716.13
4542,116,3,4729.75,0.1,12770.33
4543,212,2,3691.31,0,7382.62
4543,132,2,1515.14,0,3030.28
4543,28,3,626.91,0.1,1692.66
4544,201,1,3328.08,0,3328.08
4544,27,2,4687.97,0.2,7500.75
4544,53,3,4303.7,0.2,10328.88
4544,122,1,1254.11,0.1,1128.7
4544,157,3,1420.43,0.1,3835.16
4545,24,3,4661.82,0.1,12586.91
4545,263,3,3765.62,0.2,9037.49
4545,298,2,2955.32,0.1,5319.58
4545,251,1,148.83,0.2,119.06
4545,102,2,1655.92,0.2,2649.47
4546,183,1,2480.1,0.2,1984.08
4546,271,2,4563.65,0.1,8214.57
4547,143,1,2349.66,0.1,2114.69
4547,99,2,648.26,0.1,1166.87
4548,30,3,4638.28,0.2,11131.87
4548,89,2,130.17,0.1,234.31
4548,286,3,3079.76,0,9239.28
4548,25,3,2807.38,0.2,6737.71
4549,88,3,555.9,0.1,1500.93
4549,275,1,1095.75,0.2,876.6
4550,136,3,835.08,0,2505.24
4550,210,3,161.58,0,484.74
4550,273,3,4036.68,0.2,9688.03
4550,149,3,4047.23,0.1,10927.52
4550,173,3,3917.1,0,11751.3
4551,43,1,241.69,0,241.69
4552,196,1,415.32,0.2,332.26
4552,228,2,4818.58,0.1,8673.44
4553,169,3,4666.14,0.2,11198.74
4553,295,2,2343.7,0.2,3749.92
4553,223,2,3793.34,0.2,6069.34
4553,6,1,905.68,0,905.68
4554,298,3,2955.32,0.1,7979.36
4554,44,3,3885.07,0.1,10489.69
4554,267,1,4752.35,0.1,4277.12
4555,39,3,1788.8,0.1,4829.76
4555,191,1,2272.49,0.1,2045.24
4555,228,1,4818.58,0,4818.58
4556,139,3,3351.42,0.1,9048.83
4556,270,3,3310.85,0.2,7946.04
4556,261,2,3503.75,0,7007.5
4556,235,2,1157.47,0.1,2083.45
4556,110,3,478.85,0,1436.55
4557,124,2,319.5,0.2,511.2
4557,123,2,823.42,0,1646.84
4557,44,2,3885.07,0,7770.14
4557,104,2,4507.94,0.1,8114.29
4557,90,2,183.24,0.1,329.83
4558,6,3,905.68,0,2717.04
4558,204,3,2819.85,0.1,7613.59
4558,4,1,4485.44,0.2,3588.35
4558,46,3,3061.47,0.1,8265.97
4559,50,1,4334.05,0.1,3900.65
4560,82,1,716.07,0.2,572.86
4561,239,3,3599.71,0.1,9719.22
4561,257,2,4439.91,0,8879.82
4561,45,3,2210.75,0.2,5305.8
4562,42,2,1883.45,0,3766.9
4562,219,1,134.79,0,134.79
4563,212,1,3691.31,0.2,2953.05
4563,38,3,1830.1,0.2,4392.24
4564,116,2,4729.75,0,9459.5
4564,152,2,888.12,0.1,1598.62
4564,81,2,709.48,0,1418.96
4565,233,1,3048.45,0.2,2438.76
4565,272,1,1711.82,0.2,1369.46
4565,171,2,226.42,0.1,407.56
4566,107,1,171.93,0.2,137.54
4567,86,3,4925.27,0.2,11820.65
4567,117,1,2823.36,0.2,2258.69
4568,111,2,132.09,0.1,237.76
4569,250,2,2498.75,0.2,3998
4569,112,1,2686.4,0.1,2417.76
4569,187,2,4233.39,0,8466.78
4569,118,2,2699.14,0.2,4318.62
4569,25,3,2807.38,0.1,7579.93
4570,106,2,1023.38,0.2,1637.41
4570,205,1,1317.26,0,1317.26
4570,163,2,3977.99,0.1,7160.38
4570,273,1,4036.68,0,4036.68
4571,280,3,990.64,0.1,2674.73
4571,44,3,3885.07,0.2,9324.17
4571,42,1,1883.45,0.1,1695.11
4572,6,1,905.68,0.1,815.11
4572,213,1,2436.3,0,2436.3
4573,76,2,3589.68,0,7179.36
4573,205,3,1317.26,0.1,3556.6
4573,293,2,3384.67,0.2,5415.47
4573,50,2,4334.05,0.1,7801.29
4573,291,2,850.79,0.1,1531.42
4574,87,2,2631.45,0.2,4210.32
4574,274,3,2974.84,0.1,8032.07
4574,75,3,3915.6,0,11746.8
4574,197,2,3435.53,0.2,5496.85
4574,258,3,3042.51,0.2,7302.02
4575,47,1,2238.71,0,2238.71
4575,143,2,2349.66,0.1,4229.39
4575,242,1,4351.59,0.2,3481.27
4576,180,3,655.78,0,1967.34
4576,127,2,4510.8,0.2,7217.28
4576,243,1,2564.2,0,2564.2
4576,147,2,1158.14,0,2316.28
4577,64,2,2393.81,0.1,4308.86
4577,27,1,4687.97,0,4687.97
4577,32,3,3229.2,0.2,7750.08
4577,41,1,4424.05,0,4424.05
4578,156,3,4614.81,0.1,12459.99
4579,53,3,4303.7,0,12911.1
4579,129,2,2531.28,0.2,4050.05
4579,261,3,3503.75,0.1,9460.12
4580,94,2,2572.33,0.2,4115.73
4580,208,2,2962.16,0.1,5331.89
4580,60,3,4674.62,0.1,12621.47
4580,210,1,161.58,0.1,145.42
4581,34,1,3132.01,0.1,2818.81
4581,62,2,2655.9,0.2,4249.44
4581,135,2,1279.65,0.2,2047.44
4582,68,3,998.72,0.2,2396.93
4582,39,2,1788.8,0,3577.6
4582,31,1,3542.58,0,3542.58
4582,207,3,4279.16,0,12837.48
4583,221,2,3628.31,0.2,5805.3
4583,141,3,1689.08,0.2,4053.79
4583,84,1,3865.55,0,3865.55
4584,235,1,1157.47,0,1157.47
4585,145,2,1799.29,0.2,2878.86
4585,294,2,294.39,0.1,529.9
4585,120,2,2696.47,0,5392.94
4585,170,2,2123.49,0.2,3397.58
4586,213,3,2436.3,0,7308.9
4587,248,3,1314.7,0.1,3549.69
4587,198,3,2228.32,0.1,6016.46
4587,181,1,3568.87,0.1,3211.98
4587,7,1,2977.47,0.1,2679.72
4587,50,1,4334.05,0,4334.05
4588,100,1,4054.92,0.2,3243.94
4588,65,3,4314.56,0.1,11649.31
4588,196,1,415.32,0.1,373.79
4588,70,1,2565.16,0.2,2052.13
4588,122,3,1254.11,0.2,3009.86
4589,36,2,649.16,0.2,1038.66
4589,193,1,4029.85,0,4029.85
4589,141,1,1689.08,0.2,1351.26
4590,182,3,2659.11,0,7977.33
4590,101,3,3677.55,0.2,8826.12
4591,88,3,555.9,0.2,1334.16
4592,121,3,2781.54,0,8344.62
4593,61,3,3565.73,0.2,8557.75
4593,131,2,2349.61,0.1,4229.3
4594,196,3,415.32,0.1,1121.36
4594,184,3,3022.86,0.2,7254.86
4594,20,2,670.4,0.1,1206.72
4594,126,2,1025.69,0,2051.38
4595,86,3,4925.27,0.2,11820.65
4595,282,2,3926.46,0,7852.92
4595,241,1,4140.57,0.1,3726.51
4596,110,1,478.85,0.2,383.08
4596,42,3,1883.45,0,5650.35
4596,272,3,1711.82,0.1,4621.91
4596,84,2,3865.55,0,7731.1
4596,135,2,1279.65,0,2559.3
4597,232,2,3920.49,0,7840.98
4597,247,1,2671.22,0.1,2404.1
4597,257,2,4439.91,0,8879.82
4597,71,2,3792.47,0.2,6067.95
4598,50,1,4334.05,0.2,3467.24
4598,173,2,3917.1,0,7834.2
4599,54,3,954.56,0.1,2577.31
4599,70,1,2565.16,0.1,2308.64
4599,14,2,4246.91,0,8493.82
4599,68,2,998.72,0,1997.44
4599,233,2,3048.45,0,6096.9
4600,65,2,4314.56,0.2,6903.3
4601,300,1,3405.97,0.2,2724.78
4601,172,3,4013.49,0,12040.47
4601,218,2,693.44,0,1386.88
4602,85,3,4346.15,0,13038.45
4603,58,1,3807.05,0.2,3045.64
4603,245,1,4842.81,0.1,4358.53
4603,99,1,648.26,0,648.26
4603,15,2,2876.77,0.2,4602.83
4604,283,1,1366.35,0.2,1093.08
4604,236,1,3037.97,0.1,2734.17
4605,205,1,1317.26,0,1317.26
4605,150,1,1188.32,0.2,950.66
4605,225,1,841.46,0.2,673.17
4605,293,2,3384.67,0.1,6092.41
4605,199,2,1706.15,0.1,3071.07
4606,132,1,1515.14,0.2,1212.11
4606,219,2,134.79,0,269.58
4607,17,3,2227.3,0,6681.9
4607,226,1,2658.25,0.1,2392.43
4607,287,1,4626.22,0,4626.22
4607,150,2,1188.32,0.1,2138.98
4607,136,3,835.08,0.1,2254.72
4608,294,3,294.39,0.1,794.85
4609,244,3,3623.71,0.2,8696.9
4609,20,3,670.4,0.2,1608.96
4609,177,1,1279.69,0.2,1023.75
4610,178,2,113.25,0.2,181.2
4610,200,1,456.13,0,456.13
4610,40,2,1192.17,0.2,1907.47
4611,196,1,415.32,0.2,332.26
4611,101,1,3677.55,0,3677.55
4611,140,3,2103.47,0.2,5048.33
4612,246,1,358.61,0.2,286.89
4612,119,3,822.62,0.2,1974.29
4613,230,1,1046.39,0.2,837.11
4613,155,2,2767.71,0.2,4428.34
4613,2,2,162.86,0.2,260.58
4613,100,3,4054.92,0,12164.76
4614,147,3,1158.14,0,3474.42
4614,96,2,4243.67,0.2,6789.87
4615,243,2,2564.2,0.2,4102.72
4615,132,1,1515.14,0,1515.14
4615,131,3,2349.61,0,7048.83
4616,47,1,2238.71,0,2238.71
4616,180,1,655.78,0.1,590.2
4617,195,3,1333.33,0.2,3199.99
4617,285,1,2791.44,0.2,2233.15
4618,169,3,4666.14,0,13998.42
4619,249,2,2443.3,0,4886.6
4619,228,3,4818.58,0,14455.74
4620,126,2,1025.69,0.2,1641.1
4621,207,3,4279.16,0,12837.48
4622,148,1,2047.04,0.2,1637.63
4623,174,3,4378.44,0.1,11821.79
4623,242,3,4351.59,0.2,10443.82
4623,290,3,1966.47,0.2,4719.53
4623,156,1,4614.81,0,4614.81
4623,224,2,1630.29,0.1,2934.52
4624,135,1,1279.65,0,1279.65
4624,66,2,610.55,0.2,976.88
4625,203,3,4122.66,0.1,11131.18
4626,16,2,3952.33,0,7904.66
4627,72,3,694.52,0,2083.56
4627,195,3,1333.33,0.2,3199.99
4627,178,1,113.25,0.2,90.6
4627,14,3,4246.91,0,12740.73
4627,108,2,3213.87,0.2,5142.19
4628,224,2,1630.29,0.1,2934.52
4628,228,1,4818.58,0,4818.58
4628,189,2,2918.36,0.1,5253.05
4629,184,1,3022.86,0,3022.86
4630,254,3,1160.5,0.2,2785.2
4630,106,2,1023.38,0.1,1842.08
4631,251,3,148.83,0,446.49
4631,111,1,132.09,0.1,118.88
4631,46,3,3061.47,0.1,8265.97
4631,258,2,3042.51,0,6085.02
4631,195,1,1333.33,0,1333.33
4632,241,3,4140.57,0.2,9937.37
4632,103,1,1726.45,0.1,1553.81
4632,6,2,905.68,0.1,1630.22
4632,25,3,2807.38,0,8422.14
4633,64,1,2393.81,0.2,1915.05
4633,177,3,1279.69,0,3839.07
4634,220,3,2980.59,0.1,8047.59
4634,173,1,3917.1,0.2,3133.68
4634,149,1,4047.23,0.1,3642.51
4634,201,3,3328.08,0.2,7987.39
4634,209,3,4282.34,0.2,10277.62
4635,48,1,1103.95,0.1,993.56
4635,181,3,3568.87,0.2,8565.29
4636,213,1,2436.3,0,2436.3
4637,241,3,4140.57,0.1,11179.54
4637,35,2,147.11,0.2,235.38
4637,145,1,1799.29,0,1799.29
4637,239,2,3599.71,0.1,6479.48
4638,195,1,1333.33,0.2,1066.66
4638,100,2,4054.92,0.1,7298.86
4639,88,3,555.9,0.1,1500.93
4639,157,1,1420.43,0.1,1278.39
4639,295,2,2343.7,0.1,4218.66
4640,245,3,4842.81,0.1,13075.59
4640,160,1,961.86,0.2,769.49
4640,280,3,990.64,0,2971.92
4640,151,3,4406.48,0.1,11897.5
4641,108,3,3213.87,0,9641.61
4641,88,3,555.9,0.2,1334.16
4641,295,2,2343.7,0.1,4218.66
4641,34,3,3132.01,0,9396.03
4641,245,3,4842.81,0,14528.43
4642,129,1,2531.28,0.2,2025.02
4642,197,1,3435.53,0.2,2748.42
4642,183,2,2480.1,0,4960.2
4642,242,1,4351.59,0.2,3481.27
4642,179,3,3748.16,0.1,10120.03
4643,150,1,1188.32,0.1,1069.49
4643,124,1,319.5,0,319.5
4643,289,3,1989.64,0.1,5372.03
4643,36,1,649.16,0.2,519.33
4643,151,3,4406.48,0.2,10575.55
4644,115,1,2411.4,0.1,2170.26
4644,215,3,3807.34,0,11422.02
4645,189,1,2918.36,0.2,2334.69
4646,112,2,2686.4,0.1,4835.52
4646,232,2,3920.49,0.1,7056.88
4646,143,1,2349.66,0.2,1879.73
4647,39,3,1788.8,0.2,4293.12
4647,23,1,4414.98,0,4414.98
4647,27,1,4687.97,0.1,4219.17
4647,205,2,1317.26,0.2,2107.62
4647,14,3,4246.91,0,12740.73
4648,223,1,3793.34,0,3793.34
4648,186,2,4809.64,0.2,7695.42
4648,85,3,4346.15,0.2,10430.76
4649,144,3,2500.85,0.2,6002.04
4649,288,1,4205.02,0,4205.02
4649,236,2,3037.97,0,6075.94
4649,96,2,4243.67,0,8487.34
4649,16,2,3952.33,0,7904.66
4650,211,1,2468.4,0.2,1974.72
4650,46,1,3061.47,0.2,2449.18
4650,269,1,4355.56,0,4355.56
4650,9,2,2541.75,0.1,4575.15
4650,111,2,132.09,0,264.18
4651,94,1,2572.33,0,2572.33
4651,292,1,4156.58,0.2,3325.26
4651,248,3,1314.7,0.1,3549.69
4652,270,3,3310.85,0.2,7946.04
4652,291,2,850.79,0,1701.58
4652,87,2,2631.45,0.2,4210.32
4652,38,3,1830.1,0.2,4392.24
4653,11,3,4126.24,0,12378.72
4653,81,1,709.48,0.1,638.53
4653,66,3,610.55,0.1,1648.48
4653,143,1,2349.66,0.2,1879.73
4654,276,3,2930.01,0.2,7032.02
4655,12,3,1645.78,0.1,4443.61
4655,295,2,2343.7,0,4687.4
4655,107,3,171.93,0.2,412.63
4656,60,3,4674.62,0.2,11219.09
4657,248,3,1314.7,0.1,3549.69
4657,290,1,1966.47,0.1,1769.82
4657,253,3,655.15,0.2,1572.36
4658,113,3,180.63,0,541.89
4659,5,2,4696.11,0.2,7513.78
4659,187,3,4233.39,0.1,11430.15
4659,165,3,1745.41,0.2,4188.98
4659,162,1,3712.96,0.1,3341.66
4660,267,1,4752.35,0.2,3801.88
4660,291,2,850.79,0.2,1361.26
4660,26,3,1802.56,0.1,4866.91
4660,251,1,148.83,0.2,119.06
4660,189,1,2918.36,0.1,2626.52
4661,259,2,2977.48,0.2,4763.97
4661,133,2,4617.75,0.1,8311.95
4661,231,1,671.34,0.2,537.07
4661,238,3,2511.77,0.2,6028.25
4661,140,2,2103.47,0.2,3365.55
4662,59,3,2724.81,0,8174.43
4662,54,3,954.56,0.2,2290.94
4662,296,3,693.33,0.2,1663.99
4662,134,1,1581.19,0,1581.19
4663,233,1,3048.45,0,3048.45
4663,150,3,1188.32,0,3564.96
4664,191,2,2272.49,0.2,3635.98
4664,64,3,2393.81,0.1,6463.29
4664,21,3,2599.67,0,7799.01
4664,17,3,2227.3,0,6681.9
4665,163,1,3977.99,0.1,3580.19
4665,228,2,4818.58,0.2,7709.73
4666,286,3,3079.76,0,9239.28
4666,242,1,4351.59,0.2,3481.27
4666,197,2,3435.53,0.2,5496.85
4666,166,1,1655.44,0.2,1324.35
4666,17,1,2227.3,0,2227.3
4667,280,1,990.64,0,990.64
4667,107,2,171.93,0.1,309.47
4667,6,3,905.68,0.2,2173.63
4667,34,1,3132.01,0.1,2818.81
4668,65,3,4314.56,0.2,10354.94
4668,138,1,1616.24,0,1616.24
4669,220,2,2980.59,0.1,5365.06
4670,55,3,4758.22,0.2,11419.73
4671,207,1,4279.16,0.2,3423.33
4671,291,2,850.79,0.1,1531.42
4672,145,3,1799.29,0.2,4318.3
4672,5,1,4696.11,0,4696.11
4673,54,1,954.56,0.1,859.1
4673,19,1,175.58,0.2,140.46
4673,89,2,130.17,0.1,234.31
4673,151,1,4406.48,0.1,3965.83
4673,267,2,4752.35,0,9504.7
4674,266,2,1513.44,0.1,2724.19
4674,191,3,2272.49,0.1,6135.72
4675,144,3,2500.85,0,7502.55
4675,38,3,1830.1,0,5490.3
4675,298,3,2955.32,0.2,7092.77
4675,60,2,4674.62,0,9349.24
4676,230,3,1046.39,0,3139.17
4676,120,2,2696.47,0,5392.94
4676,27,1,4687.97,0.1,4219.17
4677,125,1,1471.63,0.1,1324.47
4677,254,3,1160.5,0,3481.5
4677,205,3,1317.26,0.2,3161.42
4678,49,3,1365.91,0.1,3687.96
4678,228,2,4818.58,0.1,8673.44
4678,299,2,2527.49,0.2,4043.98
4679,300,1,3405.97,0.2,2724.78
4680,102,2,1655.92,0,3311.84
4680,133,2,4617.75,0,9235.5
4680,165,3,1745.41,0,5236.23
4680,266,3,1513.44,0.1,4086.29
4681,20,2,670.4,0.1,1206.72
4681,228,3,4818.58,0,14455.74
4681,244,2,3623.71,0.2,5797.94
4682,136,1,835.08,0.1,751.57
4682,98,3,1535.92,0.1,4146.98
4682,261,3,3503.75,0.1,9460.12
4683,230,3,1046.39,0,3139.17
4684,190,1,1962.53,0,1962.53
4684,150,2,1188.32,0,2376.64
4684,213,3,2436.3,0.2,5847.12
4684,3,3,1407.01,0.1,3798.93
4685,69,1,2395.28,0.2,1916.22
4685,144,3,2500.85,0.1,6752.29
4685,32,1,3229.2,0.1,2906.28
4685,184,2,3022.86,0.2,4836.58
4686,131,2,2349.61,0.1,4229.3
4686,234,2,1752.01,0.2,2803.22
4686,211,1,2468.4,0.1,2221.56
4686,281,3,914.17,0,2742.51
4687,22,3,3109.21,0.2,7462.1
4688,130,1,3052.06,0.2,2441.65
4688,38,2,1830.1,0,3660.2
4688,165,2,1745.41,0,3490.82
4689,64,1,2393.81,0.1,2154.43
4690,111,1,132.09,0,132.09
4690,29,3,708.63,0,2125.89
4690,117,2,2823.36,0.2,4517.38
4690,71,2,3792.47,0,7584.94
4690,279,3,347.7,0.2,834.48
4691,160,1,961.86,0,961.86
4691,135,3,1279.65,0.1,3455.06
4691,274,1,2974.84,0,2974.84
4691,86,3,4925.27,0.2,11820.65
4691,13,1,3075.58,0.2,2460.46
4692,199,3,1706.15,0.1,4606.61
4692,180,2,655.78,0,1311.56
4692,235,1,1157.47,0.2,925.98
4693,107,2,171.93,0.2,275.09
4693,281,2,914.17,0.1,1645.51
4694,178,3,113.25,0,339.75
4694,30,3,4638.28,0.2,11131.87
4694,166,1,1655.44,0,1655.44
4695,187,3,4233.39,0.1,11430.15
4695,200,3,456.13,0,1368.39
4695,39,2,1788.8,0,3577.6
4696,11,1,4126.24,0.1,3713.62
4696,49,1,1365.91,0.2,1092.73
4696,73,3,4378.53,0.2,10508.47
4696,204,2,2819.85,0.1,5075.73
4696,61,1,3565.73,0,3565.73
4697,158,2,3200.7,0.2,5121.12
4697,45,2,2210.75,0.2,3537.2
4697,260,2,4129.31,0.1,7432.76
4697,182,1,2659.11,0.2,2127.29
4698,289,3,1989.64,0.2,4775.14
4698,174,2,4378.44,0.1,7881.19
4698,176,1,4859.23,0.1,4373.31
4698,230,3,1046.39,0.2,2511.34
4698,47,2,2238.71,0,4477.42
4699,68,3,998.72,0,2996.16
4699,258,2,3042.51,0.1,5476.52
4699,8,3,1531.1,0.2,3674.64
4700,244,1,3623.71,0.2,2898.97
4700,59,2,2724.81,0.1,4904.66
4701,220,1,2980.59,0.2,2384.47
4701,299,3,2527.49,0,7582.47
4701,30,2,4638.28,0,9276.56
4702,136,3,835.08,0,2505.24
4702,8,2,1531.1,0.1,2755.98
4702,115,2,2411.4,0.2,3858.24
4702,167,2,3968.26,0.1,7142.87
4702,125,1,1471.63,0.2,1177.3
4703,123,1,823.42,0.2,658.74
4703,137,2,1005.84,0.2,1609.34
4704,75,3,3915.6,0.1,10572.12
4704,55,2,4758.22,0.1,8564.8
4704,90,3,183.24,0.2,439.78
4705,126,3,1025.69,0,3077.07
4705,136,3,835.08,0.2,2004.19
4705,35,1,147.11,0,147.11
4705,251,3,148.83,0.2,357.19
4706,229,2,1081.83,0,2163.66
4706,281,3,914.17,0,2742.51
4706,194,1,2773.23,0,2773.23
4706,133,2,4617.75,0.2,7388.4
4707,174,2,4378.44,0.2,7005.5
4707,40,1,1192.17,0.2,953.74
4708,81,1,709.48,0.2,567.58
4708,77,2,3082.83,0,6165.66
4708,31,3,3542.58,0,10627.74
4708,19,3,175.58,0.1,474.07
4708,68,1,998.72,0,998.72
4709,207,2,4279.16,0.2,6846.66
4709,142,1,2632.44,0.1,2369.2
4709,155,3,2767.71,0,8303.13
4709,164,2,816.74,0.2,1306.78
4710,116,1,4729.75,0,4729.75
4710,193,2,4029.85,0,8059.7
4710,154,1,3505.06,0.2,2804.05
4710,227,2,4186.52,0.2,6698.43
4711,145,1,1799.29,0,1799.29
4711,189,2,2918.36,0.1,5253.05
4712,140,2,2103.47,0.2,3365.55
4713,66,1,610.55,0.2,488.44
4713,270,1,3310.85,0,3310.85
4713,228,1,4818.58,0.2,3854.86
4713,11,2,4126.24,0.2,6601.98
4713,255,3,634.26,0,1902.78
4714,187,3,4233.39,0,12700.17
4714,127,2,4510.8,0,9021.6
4714,135,3,1279.65,0.2,3071.16
4714,245,3,4842.81,0,14528.43
4714,174,3,4378.44,0,13135.32
4715,126,3,1025.69,0.2,2461.66
4715,134,1,1581.19,0.2,1264.95
4715,260,2,4129.31,0.2,6606.9
4715,81,1,709.48,0,709.48
4715,122,3,1254.11,0.1,3386.1
4716,134,2,1581.19,0,3162.38
4717,180,3,655.78,0,1967.34
4717,226,1,2658.25,0.1,2392.43
4718,55,1,4758.22,0,4758.22
4718,39,1,1788.8,0,1788.8
4718,36,3,649.16,0,1947.48
4718,116,3,4729.75,0.2,11351.4
4718,195,2,1333.33,0,2666.66
4719,149,2,4047.23,0.1,7285.01
4719,79,3,2449.85,0.2,5879.64
4719,109,1,500.73,0.2,400.58
4719,17,3,2227.3,0,6681.9
4719,279,3,347.7,0.2,834.48
4720,122,1,1254.11,0,1254.11
4720,253,1,655.15,0.2,524.12
4720,90,3,183.24,0.2,439.78
4720,136,2,835.08,0.2,1336.13
4721,136,3,835.08,0.1,2254.72
4721,31,3,3542.58,0.1,9564.97
4721,10,2,4384.24,0,8768.48
4722,213,2,2436.3,0.2,3898.08
4722,218,2,693.44,0.1,1248.19
4722,85,3,4346.15,0.2,10430.76
4722,294,1,294.39,0.1,264.95
4723,275,3,1095.75,0.2,2629.8
4723,192,3,1974.7,0.2,4739.28
4723,124,1,319.5,0.1,287.55
4723,236,2,3037.97,0,6075.94
4723,134,3,1581.19,0.2,3794.86
4724,23,2,4414.98,0.2,7063.97
4724,239,1,3599.71,0.1,3239.74
4725,83,2,4022.4,0.2,6435.84
4725,53,1,4303.7,0.2,3442.96
4725,290,1,1966.47,0,1966.47
4726,115,1,2411.4,0,2411.4
4726,80,1,2157.78,0.1,1942
4727,243,3,2564.2,0,7692.6
4727,116,2,4729.75,0.2,7567.6
4727,98,3,1535.92,0.2,3686.21
4727,104,2,4507.94,0,9015.88
4727,216,2,1354.53,0.1,2438.15
4728,76,3,3589.68,0.1,9692.14
4729,283,1,1366.35,0.1,1229.71
4729,74,3,3005.42,0.1,8114.63
4730,206,3,789.54,0.1,2131.76
4730,26,1,1802.56,0.1,1622.3
4731,112,2,2686.4,0.2,4298.24
4731,97,1,1334.43,0.2,1067.54
4732,6,3,905.68,0.1,2445.34
4733,27,1,4687.97,0.1,4219.17
4733,221,3,3628.31,0.2,8707.94
4733,158,2,3200.7,0,6401.4
4733,201,3,3328.08,0,9984.24
4733,232,1,3920.49,0,3920.49
4734,2,2,162.86,0.1,293.15
4734,180,3,655.78,0.1,1770.61
4734,256,3,340.75,0.1,920.02
4734,129,1,2531.28,0,2531.28
4735,166,2,1655.44,0.2,2648.7
4735,170,1,2123.49,0.2,1698.79
4735,45,1,2210.75,0.2,1768.6
4736,52,3,4453.5,0.2,10688.4
4736,137,3,1005.84,0,3017.52
4736,65,1,4314.56,0.1,3883.1
4737,190,3,1962.53,0,5887.59
4737,209,3,4282.34,0.2,10277.62
4737,150,2,1188.32,0.2,1901.31
4737,210,3,161.58,0,484.74
4738,142,2,2632.44,0.1,4738.39
4739,265,3,3805.03,0.2,9132.07
4740,34,1,3132.01,0,3132.01
4740,5,2,4696.11,0,9392.22
4740,31,2,3542.58,0,7085.16
4740,212,2,3691.31,0.1,6644.36
4740,114,2,2450.58,0,4901.16
4741,283,3,1366.35,0.2,3279.24
4741,101,2,3677.55,0.2,5884.08
4741,133,1,4617.75,0.2,3694.2
4741,194,3,2773.23,0.1,7487.72
4741,163,3,3977.99,0.1,10740.57
4742,126,1,1025.69,0.1,923.12
4742,46,1,3061.47,0.1,2755.32
4743,20,3,670.4,0.1,1810.08
4744,168,3,1435,0.1,3874.5
4744,64,3,2393.81,0,7181.43
4744,6,3,905.68,0.1,2445.34
4745,15,3,2876.77,0.2,6904.25
4745,200,2,456.13,0.1,821.03
4745,166,3,1655.44,0.1,4469.69
4745,75,2,3915.6,0.2,6264.96
4746,240,3,1075.21,0.1,2903.07
4746,121,1,2781.54,0,2781.54
4746,45,3,2210.75,0,6632.25
4747,89,2,130.17,0,260.34
4747,131,3,2349.61,0.2,5639.06
4747,43,3,241.69,0.2,580.06
4747,297,2,4780.41,0.1,8604.74
4748,296,2,693.33,0.2,1109.33
4748,10,1,4384.24,0,4384.24
4748,236,3,3037.97,0.2,7291.13
4748,106,3,1023.38,0.1,2763.13
4749,77,3,3082.83,0.1,8323.64
4749,146,2,1738.9,0.1,3130.02
4749,58,2,3807.05,0,7614.1
4749,44,3,3885.07,0.1,10489.69
4750,161,2,2773.7,0.2,4437.92
4750,22,1,3109.21,0,3109.21
4750,298,3,2955.32,0.1,7979.36
4750,212,3,3691.31,0.1,9966.54
4750,239,1,3599.71,0.1,3239.74
4751,255,1,634.26,0.2,507.41
4751,13,1,3075.58,0,3075.58
4751,152,2,888.12,0.1,1598.62
4751,249,2,2443.3,0,4886.6
4752,86,1,4925.27,0,4925.27
4753,69,2,2395.28,0,4790.56
4753,293,2,3384.67,0.1,6092.41
4754,93,1,4086.52,0.2,3269.22
4754,125,2,1471.63,0.1,2648.93
4754,119,3,822.62,0.1,2221.07
4754,265,2,3805.03,0,7610.06
4755,190,2,1962.53,0.2,3140.05
4755,115,2,2411.4,0.1,4340.52
4755,145,2,1799.29,0.2,2878.86
4756,107,3,171.93,0.1,464.21
4756,145,1,1799.29,0.1,1619.36
4756,22,1,3109.21,0,3109.21
4757,226,2,2658.25,0.1,4784.85
4757,248,1,1314.7,0.2,1051.76
4757,89,1,130.17,0.1,117.15
4757,4,1,4485.44,0.2,3588.35
4758,261,2,3503.75,0.2,5606
4758,252,3,3127.93,0.2,7507.03
4759,153,3,4053.91,0,12161.73
4760,233,1,3048.45,0.1,2743.61
4760,51,1,3723.25,0.1,3350.93
4760,224,3,1630.29,0,4890.87
4761,124,3,319.5,0.2,766.8
4761,6,1,905.68,0.1,815.11
4761,234,3,1752.01,0.1,4730.43
4762,38,2,1830.1,0.1,3294.18
4762,110,1,478.85,0.2,383.08
4762,170,1,2123.49,0.2,1698.79
4762,228,3,4818.58,0.2,11564.59
4762,39,3,1788.8,0,5366.4
4763,38,1,1830.1,0.1,1647.09
4763,189,1,2918.36,0.2,2334.69
4763,48,1,1103.95,0.1,993.56
4763,230,3,1046.39,0.2,2511.34
4764,13,3,3075.58,0.1,8304.07
4765,281,1,914.17,0,914.17
4765,87,1,2631.45,0.1,2368.3
4765,97,2,1334.43,0.1,2401.97
4766,25,3,2807.38,0.1,7579.93
4766,133,1,4617.75,0.2,3694.2
4767,19,1,175.58,0.2,140.46
4767,107,3,171.93,0,515.79
4767,266,2,1513.44,0.1,2724.19
4767,159,2,807.72,0.2,1292.35
4768,99,3,648.26,0.1,1750.3
4769,285,3,2791.44,0.2,6699.46
4769,245,3,4842.81,0.1,13075.59
4770,51,2,3723.25,0,7446.5
4770,246,1,358.61,0.2,286.89
4770,120,3,2696.47,0,8089.41
4770,215,3,3807.34,0,11422.02
4771,186,1,4809.64,0,4809.64
4771,141,1,1689.08,0.1,1520.17
4771,93,2,4086.52,0.2,6538.43
4772,255,3,634.26,0.1,1712.5
4772,78,2,3855.59,0,7711.18
4772,241,1,4140.57,0.2,3312.46
4772,4,2,4485.44,0,8970.88
4773,37,1,3070.15,0.2,2456.12
4773,162,1,3712.96,0,3712.96
4773,45,1,2210.75,0.1,1989.67
4773,273,1,4036.68,0,4036.68
4774,239,3,3599.71,0.1,9719.22
4774,153,2,4053.91,0.2,6486.26
4774,185,1,1406.51,0,1406.51
4774,101,2,3677.55,0.2,5884.08
4774,13,1,3075.58,0.1,2768.02
4775,37,2,3070.15,0.1,5526.27
4775,285,3,2791.44,0.2,6699.46
4776,107,3,171.93,0.2,412.63
4776,115,3,2411.4,0.1,6510.78
4776,25,2,2807.38,0.2,4491.81
4776,170,1,2123.49,0.1,1911.14
4776,18,3,534.95,0.2,1283.88
4777,75,3,3915.6,0.2,9397.44
4778,60,1,4674.62,0,4674.62
4778,216,1,1354.53,0.2,1083.62
4778,234,3,1752.01,0.2,4204.82
4779,287,3,4626.22,0.2,11102.93
4779,266,2,1513.44,0,3026.88
4779,147,2,1158.14,0.2,1853.02
4779,118,2,2699.14,0.2,4318.62
4779,227,1,4186.52,0.1,3767.87
4780,259,3,2977.48,0.2,7145.95
4780,256,1,340.75,0,340.75
4780,231,2,671.34,0,1342.68
4780,135,1,1279.65,0.1,1151.69
4780,141,2,1689.08,0.2,2702.53
4781,208,3,2962.16,0,8886.48
4781,76,1,3589.68,0.2,2871.74
4781,69,1,2395.28,0.1,2155.75
4781,236,1,3037.97,0,3037.97
4781,285,3,2791.44,0.2,6699.46
4782,93,1,4086.52,0,4086.52
4782,34,2,3132.01,0,6264.02
4783,5,2,4696.11,0,9392.22
4783,130,1,3052.06,0.1,2746.85
4784,63,2,4344.14,0.1,7819.45
4784,91,1,1308.63,0.2,1046.9
4784,238,3,2511.77,0,7535.31
4784,246,2,358.61,0.1,645.5
4784,23,2,4414.98,0.1,7946.96
4785,11,1,4126.24,0.2,3300.99
4785,151,2,4406.48,0.2,7050.37
4785,125,2,1471.63,0,2943.26
4785,219,3,134.79,0.2,323.5
4785,66,3,610.55,0,1831.65
4786,159,2,807.72,0.2,1292.35
4786,28,3,626.91,0.1,1692.66
4786,183,3,2480.1,0.1,6696.27
4787,42,3,1883.45,0,5650.35
4787,56,3,886.8,0,2660.4
4787,28,1,626.91,0.1,564.22
4788,173,3,3917.1,0,11751.3
4788,187,1,4233.39,0,4233.39
4788,175,2,797.23,0,1594.46
4788,298,3,2955.32,0.1,7979.36
4788,90,1,183.24,0,183.24
4789,88,3,555.9,0.1,1500.93
4789,150,3,1188.32,0,3564.96
4789,101,1,3677.55,0.2,2942.04
4789,248,3,1314.7,0.2,3155.28
4789,60,1,4674.62,0.1,4207.16
4790,254,2,1160.5,0.1,2088.9
4790,152,3,888.12,0,2664.36
4790,26,3,1802.56,0.2,4326.14
4790,181,3,3568.87,0,10706.61
4791,67,1,1384.47,0.1,1246.02
4791,241,1,4140.57,0.1,3726.51
4791,186,3,4809.64,0,14428.92
4792,139,2,3351.42,0.1,6032.56
4792,220,2,2980.59,0,5961.18
4792,137,2,1005.84,0,2011.68
4792,166,1,1655.44,0.1,1489.9
4792,253,1,655.15,0.1,589.63
4793,124,1,319.5,0,319.5
4793,97,1,1334.43,0,1334.43
4793,74,1,3005.42,0,3005.42
4793,288,2,4205.02,0,8410.04
4794,15,3,2876.77,0.2,6904.25
4794,43,1,241.69,0.2,193.35
4794,294,2,294.39,0,588.78
4795,152,1,888.12,0,888.12
4795,229,1,1081.83,0,1081.83
4795,176,3,4859.23,0.2,11662.15
4796,240,2,1075.21,0.1,1935.38
4797,153,1,4053.91,0.1,3648.52
4797,104,2,4507.94,0.1,8114.29
4797,29,2,708.63,0.2,1133.81
4798,11,3,4126.24,0.1,11140.85
4798,138,1,1616.24,0,1616.24
4798,120,1,2696.47,0,2696.47
4798,53,1,4303.7,0.2,3442.96
4799,87,1,2631.45,0.2,2105.16
4799,85,3,4346.15,0.1,11734.6
4799,178,3,113.25,0,339.75
4799,18,1,534.95,0.1,481.46
4800,56,3,886.8,0.2,2128.32
4800,1,1,1571.14,0,1571.14
4801,257,3,4439.91,0.2,10655.78
4801,71,2,3792.47,0.1,6826.45
4801,69,1,2395.28,0.2,1916.22
4801,139,1,3351.42,0.2,2681.14
4801,290,3,1966.47,0,5899.41
4802,189,3,2918.36,0.2,7004.06
4802,188,2,270.55,0,541.1
4802,56,2,886.8,0.1,1596.24
4803,31,3,3542.58,0.2,8502.19
4804,208,2,2962.16,0,5924.32
4804,164,3,816.74,0,2450.22
4804,130,3,3052.06,0.1,8240.56
4804,151,1,4406.48,0.1,3965.83
4804,49,3,1365.91,0.1,3687.96
4805,236,3,3037.97,0,9113.91
4805,14,3,4246.91,0.1,11466.66
4805,144,1,2500.85,0,2500.85
4805,80,1,2157.78,0.2,1726.22
4806,221,2,3628.31,0.1,6530.96
4806,47,2,2238.71,0,4477.42
4806,33,2,1950.06,0.1,3510.11
4806,57,1,924.14,0.2,739.31
4806,296,2,693.33,0,1386.66
4807,45,2,2210.75,0.1,3979.35
4808,18,2,534.95,0.1,962.91
4808,135,1,1279.65,0,1279.65
4808,44,2,3885.07,0.2,6216.11
4808,85,3,4346.15,0.1,11734.6
4809,185,3,1406.51,0.1,3797.58
4809,188,2,270.55,0.2,432.88
4809,53,2,4303.7,0.1,7746.66
4809,166,1,1655.44,0.2,1324.35
4809,79,2,2449.85,0.1,4409.73
4810,20,1,670.4,0.2,536.32
4810,222,3,3519.57,0,10558.71
4810,213,1,2436.3,0.1,2192.67
4810,296,1,693.33,0,693.33
4811,15,3,2876.77,0.2,6904.25
4811,247,2,2671.22,0.1,4808.2
4811,133,2,4617.75,0.1,8311.95
4811,53,1,4303.7,0.1,3873.33
4811,192,2,1974.7,0,3949.4
4812,18,2,534.95,0,1069.9
4813,51,1,3723.25,0.1,3350.93
4813,10,1,4384.24,0,4384.24
4813,283,2,1366.35,0.1,2459.43
4814,69,1,2395.28,0,2395.28
4814,117,3,2823.36,0.1,7623.07
4814,190,2,1962.53,0,3925.06
4815,36,2,649.16,0.1,1168.49
4816,164,2,816.74,0,1633.48
4817,99,3,648.26,0,1944.78
4817,9,3,2541.75,0.2,6100.2
4817,190,3,1962.53,0.2,4710.07
4817,87,2,2631.45,0,5262.9
4817,148,3,2047.04,0,6141.12
4818,182,3,2659.11,0.2,6381.86
4819,14,2,4246.91,0.1,7644.44
4819,57,3,924.14,0.1,2495.18
4820,44,3,3885.07,0,11655.21
4820,89,3,130.17,0.1,351.46
4820,54,1,954.56,0,954.56
4821,107,2,171.93,0.2,275.09
4821,180,3,655.78,0,1967.34
4821,191,2,2272.49,0,4544.98
4822,155,1,2767.71,0.1,2490.94
4822,286,1,3079.76,0.1,2771.78
4822,167,1,3968.26,0.2,3174.61
4822,200,3,456.13,0.2,1094.71
4822,20,3,670.4,0.1,1810.08
4823,209,2,4282.34,0.2,6851.74
4823,255,2,634.26,0.2,1014.82
4823,287,1,4626.22,0,4626.22
4824,108,1,3213.87,0.1,2892.48
4824,135,3,1279.65,0.2,3071.16
4824,166,2,1655.44,0.2,2648.7
4824,242,3,4351.59,0.1,11749.29
4825,138,1,1616.24,0.1,1454.62
4826,220,1,2980.59,0.2,2384.47
4826,29,3,708.63,0,2125.89
4826,211,2,2468.4,0.2,3949.44
4827,128,1,4900.43,0.2,3920.34
4827,122,2,1254.11,0,2508.22
4828,85,1,4346.15,0.1,3911.53
4828,146,3,1738.9,0.2,4173.36
4828,191,2,2272.49,0.1,4090.48
4828,10,3,4384.24,0.2,10522.18
4828,20,3,670.4,0.2,1608.96
4829,155,1,2767.71,0.2,2214.17
4829,123,1,823.42,0.1,741.08
4829,292,2,4156.58,0.1,7481.84
4829,274,1,2974.84,0.2,2379.87
4830,201,3,3328.08,0.1,8985.82
4830,95,1,1944.44,0.2,1555.55
4830,289,3,1989.64,0.1,5372.03
4830,105,2,985.57,0.1,1774.03
4830,102,3,1655.92,0,4967.76
4831,147,3,1158.14,0.2,2779.54
4831,138,2,1616.24,0.1,2909.23
4831,124,2,319.5,0,639
4831,20,3,670.4,0.2,1608.96
4831,103,3,1726.45,0.2,4143.48
4832,90,1,183.24,0.1,164.92
4832,250,2,2498.75,0,4997.5
4832,27,2,4687.97,0.2,7500.75
4833,109,2,500.73,0.2,801.17
4833,267,1,4752.35,0.2,3801.88
4834,3,2,1407.01,0.1,2532.62
4834,276,1,2930.01,0.1,2637.01
4834,274,1,2974.84,0.1,2677.36
4834,217,3,1838.37,0,5515.11
4834,62,1,2655.9,0,2655.9
4835,297,1,4780.41,0,4780.41
4835,111,2,132.09,0,264.18
4836,45,2,2210.75,0,4421.5
4837,108,3,3213.87,0,9641.61
4838,277,3,3435.47,0,10306.41
4838,90,2,183.24,0.2,293.18
4838,283,3,1366.35,0,4099.05
4839,196,3,415.32,0,1245.96
4839,5,1,4696.11,0,4696.11
4839,237,1,3100.61,0,3100.61
4839,189,2,2918.36,0.2,4669.38
4839,217,3,1838.37,0.1,4963.6
4840,294,1,294.39,0.2,235.51
4840,80,1,2157.78,0.1,1942
4840,52,2,4453.5,0.1,8016.3
4840,193,3,4029.85,0.2,9671.64
4841,157,1,1420.43,0,1420.43
4841,113,1,180.63,0.1,162.57
4841,194,2,2773.23,0.2,4437.17
4841,205,1,1317.26,0.1,1185.53
4841,90,1,183.24,0.1,164.92
4842,21,1,2599.67,0,2599.67
4842,121,3,2781.54,0,8344.62
4843,298,3,2955.32,0.2,7092.77
4843,119,1,822.62,0,822.62
4844,211,3,2468.4,0.2,5924.16
4844,55,3,4758.22,0,14274.66
4844,70,1,2565.16,0.2,2052.13
4844,202,1,1540.48,0.1,1386.43
4845,296,3,693.33,0,2079.99
4846,286,1,3079.76,0,3079.76
4846,52,3,4453.5,0.1,12024.45
4846,270,1,3310.85,0,3310.85
4847,88,2,555.9,0.2,889.44
4847,286,3,3079.76,0.1,8315.35
4847,197,1,3435.53,0,3435.53
4847,85,3,4346.15,0.2,10430.76
4847,146,1,1738.9,0.1,1565.01
4848,153,2,4053.91,0,8107.82
4849,93,1,4086.52,0.1,3677.87
4849,199,2,1706.15,0,3412.3
4849,57,3,924.14,0.1,2495.18
4850,4,3,4485.44,0.2,10765.06
4851,163,2,3977.99,0.1,7160.38
4851,9,1,2541.75,0.1,2287.58
4851,169,1,4666.14,0,4666.14
4851,142,1,2632.44,0.2,2105.95
4851,167,1,3968.26,0.1,3571.43
4852,300,3,3405.97,0.1,9196.12
4852,11,2,4126.24,0,8252.48
4852,131,3,2349.61,0,7048.83
4853,300,3,3405.97,0.1,9196.12
4854,243,3,2564.2,0,7692.6
4854,254,1,1160.5,0.1,1044.45
4854,82,1,716.07,0.1,644.46
4854,47,1,2238.71,0.2,1790.97
4855,126,3,1025.69,0.2,2461.66
4855,110,2,478.85,0.2,766.16
4855,96,1,4243.67,0,4243.67
4855,151,1,4406.48,0,4406.48
4856,154,1,3505.06,0.1,3154.55
4856,277,2,3435.47,0.2,5496.75
4856,81,3,709.48,0,2128.44
4856,178,2,113.25,0.1,203.85
4856,248,2,1314.7,0.1,2366.46
4857,294,2,294.39,0,588.78
4857,127,3,4510.8,0.2,10825.92
4857,38,2,1830.1,0.1,3294.18
4857,78,1,3855.59,0.2,3084.47
4858,51,1,3723.25,0.2,2978.6
4858,240,2,1075.21,0.2,1720.34
4858,142,2,2632.44,0.2,4211.9
4858,134,1,1581.19,0,1581.19
4858,28,2,626.91,0.1,1128.44
4859,156,2,4614.81,0,9229.62
4859,129,2,2531.28,0,5062.56
4859,253,2,655.15,0.2,1048.24
4859,1,2,1571.14,0.1,2828.05
4860,118,3,2699.14,0.1,7287.68
4861,287,2,4626.22,0,9252.44
4861,112,1,2686.4,0.1,2417.76
4861,80,3,2157.78,0.1,5826.01
4861,109,1,500.73,0.2,400.58
4861,20,2,670.4,0,1340.8
4862,288,3,4205.02,0,12615.06
4862,37,1,3070.15,0,3070.15
4862,284,3,1844.85,0.2,4427.64
4862,204,3,2819.85,0.1,7613.59
4863,9,3,2541.75,0.1,6862.73
4863,208,2,2962.16,0.1,5331.89
4863,17,1,2227.3,0,2227.3
4864,80,3,2157.78,0.1,5826.01
4864,239,1,3599.71,0.1,3239.74
4864,221,1,3628.31,0.2,2902.65
4864,259,1,2977.48,0,2977.48
4865,248,1,1314.7,0.2,1051.76
4865,232,2,3920.49,0,7840.98
4865,22,1,3109.21,0.2,2487.37
4865,151,2,4406.48,0,8812.96
4866,29,3,708.63,0.2,1700.71
4867,190,2,1962.53,0.2,3140.05
4867,118,3,2699.14,0.2,6477.94
4867,180,1,655.78,0.1,590.2
4868,261,2,3503.75,0,7007.5
4869,119,3,822.62,0.2,1974.29
4869,198,3,2228.32,0,6684.96
4869,65,3,4314.56,0.2,10354.94
4870,150,3,1188.32,0.2,2851.97
4870,173,1,3917.1,0,3917.1
4870,126,3,1025.69,0.1,2769.36
4870,176,1,4859.23,0,4859.23
4871,73,3,4378.53,0.2,10508.47
4871,300,1,3405.97,0.2,2724.78
4872,187,2,4233.39,0.2,6773.42
4872,258,2,3042.51,0.2,4868.02
4873,274,3,2974.84,0.2,7139.62
4873,37,1,3070.15,0,3070.15
4874,287,2,4626.22,0.1,8327.2
4874,37,1,3070.15,0,3070.15
4874,69,3,2395.28,0.2,5748.67
4874,295,2,2343.7,0,4687.4
4874,89,3,130.17,0.1,351.46
4875,93,1,4086.52,0.2,3269.22
4875,30,1,4638.28,0,4638.28
4875,231,1,671.34,0,671.34
4875,275,3,1095.75,0.1,2958.53
4875,71,1,3792.47,0,3792.47
4876,118,3,2699.14,0.1,7287.68
4876,47,1,2238.71,0,2238.71
4876,5,2,4696.11,0.2,7513.78
4876,32,3,3229.2,0.2,7750.08
4876,12,1,1645.78,0.1,1481.2
4877,292,3,4156.58,0.2,9975.79
4877,97,2,1334.43,0,2668.86
4877,162,1,3712.96,0,3712.96
4877,22,2,3109.21,0,6218.42
4878,115,2,2411.4,0.2,3858.24
4879,289,3,1989.64,0.2,4775.14
4879,275,1,1095.75,0.2,876.6
4879,91,3,1308.63,0.2,3140.71
4879,146,1,1738.9,0.2,1391.12
4880,106,2,1023.38,0.1,1842.08
4880,270,3,3310.85,0.2,7946.04
4880,218,3,693.44,0.2,1664.26
4880,241,3,4140.57,0.2,9937.37
4881,113,1,180.63,0.1,162.57
4881,89,2,130.17,0.1,234.31
4881,213,1,2436.3,0.2,1949.04
4881,202,2,1540.48,0.2,2464.77
4882,287,2,4626.22,0.2,7401.95
4882,53,3,4303.7,0.2,10328.88
4882,241,1,4140.57,0,4140.57
4882,85,2,4346.15,0,8692.3
4883,223,3,3793.34,0,11380.02
4883,209,3,4282.34,0.2,10277.62
4883,62,1,2655.9,0.2,2124.72
4883,219,2,134.79,0.2,215.66
4883,25,3,2807.38,0.1,7579.93
4884,116,2,4729.75,0.2,7567.6
4885,265,1,3805.03,0,3805.03
4885,285,3,2791.44,0,8374.32
4885,93,2,4086.52,0,8173.04
4885,287,3,4626.22,0,13878.66
4886,266,1,1513.44,0.2,1210.75
4886,7,2,2977.47,0.1,5359.45
4887,174,3,4378.44,0.1,11821.79
4888,276,2,2930.01,0,5860.02
4888,12,1,1645.78,0.2,1316.62
4888,197,3,3435.53,0,10306.59
4888,98,2,1535.92,0,3071.84
4889,125,1,1471.63,0.2,1177.3
4889,237,2,3100.61,0.1,5581.1
4889,76,1,3589.68,0.1,3230.71
4890,3,2,1407.01,0.1,2532.62
4890,161,2,2773.7,0.2,4437.92
4891,230,1,1046.39,0,1046.39
4891,132,1,1515.14,0,1515.14
4891,296,3,693.33,0.1,1871.99
4892,223,3,3793.34,0.1,10242.02
4892,77,3,3082.83,0.1,8323.64
4892,109,1,500.73,0,500.73
4892,103,1,1726.45,0.2,1381.16
4893,67,2,1384.47,0,2768.94
4893,149,1,4047.23,0.2,3237.78
4893,215,2,3807.34,0.1,6853.21
4893,64,3,2393.81,0,7181.43
4894,78,3,3855.59,0.2,9253.42
4894,213,2,2436.3,0.1,4385.34
4894,136,2,835.08,0.2,1336.13
4895,156,3,4614.81,0.2,11075.54
4895,272,2,1711.82,0.1,3081.28
4895,63,2,4344.14,0.2,6950.62
4895,256,3,340.75,0.1,920.02
4896,111,3,132.09,0.1,356.64
4897,117,2,2823.36,0.1,5082.05
4897,203,1,4122.66,0.1,3710.39
4897,180,2,655.78,0.2,1049.25
4897,275,2,1095.75,0.2,1753.2
4897,111,3,132.09,0,396.27
4898,210,3,161.58,0.2,387.79
4898,263,3,3765.62,0,11296.86
4898,55,2,4758.22,0.1,8564.8
4898,240,2,1075.21,0.1,1935.38
4898,39,2,1788.8,0,3577.6
4899,257,3,4439.91,0,13319.73
4899,285,3,2791.44,0,8374.32
4899,146,2,1738.9,0.2,2782.24
4900,28,3,626.91,0,1880.73
4900,300,1,3405.97,0.2,2724.78
4900,125,3,1471.63,0.1,3973.4
4900,118,1,2699.14,0.2,2159.31
4901,267,2,4752.35,0,9504.7
4901,181,2,3568.87,0.1,6423.97
4902,15,1,2876.77,0.1,2589.09
4902,242,2,4351.59,0.1,7832.86
4902,274,2,2974.84,0.1,5354.71
4902,193,3,4029.85,0.2,9671.64
4902,123,3,823.42,0.2,1976.21
4903,277,2,3435.47,0,6870.94
4903,156,1,4614.81,0.1,4153.33
4903,293,3,3384.67,0.1,9138.61
4903,254,1,1160.5,0,1160.5
4904,242,2,4351.59,0.1,7832.86
4904,56,3,886.8,0.1,2394.36
4905,106,3,1023.38,0.1,2763.13
4905,59,3,2724.81,0.1,7356.99
4905,14,1,4246.91,0.2,3397.53
4905,178,1,113.25,0.1,101.92
4906,133,2,4617.75,0.2,7388.4
4906,215,3,3807.34,0.2,9137.62
4906,151,1,4406.48,0,4406.48
4906,117,1,2823.36,0.2,2258.69
4907,190,2,1962.53,0.1,3532.55
4907,184,2,3022.86,0.1,5441.15
4907,95,3,1944.44,0.1,5249.99
4907,13,1,3075.58,0.1,2768.02
4907,139,2,3351.42,0.1,6032.56
4908,87,1,2631.45,0,2631.45
4908,187,1,4233.39,0,4233.39
4908,5,3,4696.11,0,14088.33
4908,257,1,4439.91,0.1,3995.92
4908,249,3,2443.3,0.1,6596.91
4909,179,1,3748.16,0,3748.16
4909,87,2,2631.45,0.1,4736.61
4909,283,1,1366.35,0.1,1229.71
4909,205,2,1317.26,0,2634.52
4909,210,3,161.58,0,484.74
4910,131,1,2349.61,0,2349.61
4910,99,2,648.26,0,1296.52
4910,62,3,2655.9,0.1,7170.93
4910,249,1,2443.3,0.2,1954.64
4910,233,1,3048.45,0.1,2743.61
4911,212,1,3691.31,0,3691.31
4911,143,3,2349.66,0.1,6344.08
4912,3,3,1407.01,0.2,3376.82
4912,216,3,1354.53,0.2,3250.87
4912,272,1,1711.82,0.2,1369.46
4912,135,2,1279.65,0.2,2047.44
4912,176,3,4859.23,0.2,11662.15
4913,264,3,490.72,0.1,1324.94
4913,200,1,456.13,0.2,364.9
4913,140,3,2103.47,0.1,5679.37
4913,161,3,2773.7,0,8321.1
4914,298,3,2955.32,0.2,7092.77
4914,272,2,1711.82,0,3423.64
4914,214,3,956.15,0.2,2294.76
4915,3,2,1407.01,0.1,2532.62
4915,48,2,1103.95,0.2,1766.32
4916,3,1,1407.01,0.2,1125.61
4916,276,1,2930.01,0,2930.01
4916,250,3,2498.75,0,7496.25
4917,253,2,655.15,0.2,1048.24
4917,49,1,1365.91,0,1365.91
4917,83,2,4022.4,0,8044.8
4918,143,1,2349.66,0.2,1879.73
4918,6,3,905.68,0,2717.04
4918,271,1,4563.65,0,4563.65
4918,215,2,3807.34,0,7614.68
4919,182,1,2659.11,0,2659.11
4919,85,3,4346.15,0.2,10430.76
4920,86,3,4925.27,0.2,11820.65
4921,108,2,3213.87,0.2,5142.19
4921,269,1,4355.56,0,4355.56
4921,202,3,1540.48,0,4621.44
4922,91,1,1308.63,0.2,1046.9
4922,51,1,3723.25,0.2,2978.6
4922,178,1,113.25,0.2,90.6
4922,95,3,1944.44,0.2,4666.66
4922,240,1,1075.21,0.1,967.69
4923,284,1,1844.85,0.1,1660.37
4923,177,2,1279.69,0.1,2303.44
4923,116,3,4729.75,0.2,11351.4
4924,292,2,4156.58,0.1,7481.84
4925,152,2,888.12,0.2,1420.99
4926,55,1,4758.22,0.1,4282.4
4926,98,2,1535.92,0,3071.84
4926,88,2,555.9,0.2,889.44
4926,265,3,3805.03,0.1,10273.58
4927,64,1,2393.81,0.2,1915.05
4928,111,1,132.09,0,132.09
4928,82,1,716.07,0,716.07
4928,14,2,4246.91,0,8493.82
4928,252,3,3127.93,0.1,8445.41
4929,251,2,148.83,0.2,238.13
4929,124,1,319.5,0.2,255.6
4929,264,3,490.72,0.2,1177.73
4930,218,1,693.44,0,693.44
4930,193,2,4029.85,0,8059.7
4931,58,2,3807.05,0.2,6091.28
4931,178,1,113.25,0.2,90.6
4931,157,2,1420.43,0.2,2272.69
4932,147,3,1158.14,0.1,3126.98
4932,68,2,998.72,0.1,1797.7
4933,289,2,1989.64,0.1,3581.35
4934,173,1,3917.1,0.2,3133.68
4934,93,3,4086.52,0,12259.56
4934,154,3,3505.06,0.2,8412.14
4935,16,1,3952.33,0,3952.33
4935,14,2,4246.91,0.2,6795.06
4936,298,3,2955.32,0,8865.96
4936,28,2,626.91,0,1253.82
4936,93,2,4086.52,0.2,6538.43
4936,273,3,4036.68,0.2,9688.03
4936,69,1,2395.28,0,2395.28
4937,264,2,490.72,0,981.44
4937,160,2,961.86,0,1923.72
4937,182,3,2659.11,0.1,7179.6
4938,98,2,1535.92,0,3071.84
4939,62,2,2655.9,0.1,4780.62
4939,133,3,4617.75,0.2,11082.6
4940,227,1,4186.52,0.2,3349.22
4941,294,2,294.39,0.1,529.9
4941,6,2,905.68,0.1,1630.22
4941,53,3,4303.7,0,12911.1
4941,273,1,4036.68,0.2,3229.34
4941,112,1,2686.4,0.1,2417.76
4942,120,1,2696.47,0,2696.47
4942,23,1,4414.98,0.2,3531.98
4943,199,2,1706.15,0.2,2729.84
4943,135,1,1279.65,0.2,1023.72
4943,41,3,4424.05,0.2,10617.72
4944,123,3,823.42,0.1,2223.23
4944,105,2,985.57,0.1,1774.03
4945,269,3,4355.56,0,13066.68
4946,277,2,3435.47,0.2,5496.75
4946,181,2,3568.87,0,7137.74
4947,244,3,3623.71,0.2,8696.9
4947,273,3,4036.68,0.2,9688.03
4947,155,2,2767.71,0,5535.42
4947,279,1,347.7,0,347.7
4947,150,3,1188.32,0,3564.96
4948,4,1,4485.44,0.2,3588.35
4948,43,2,241.69,0,483.38
4948,219,3,134.79,0.2,323.5
4948,36,2,649.16,0.1,1168.49
4949,105,2,985.57,0.1,1774.03
4949,49,2,1365.91,0.1,2458.64
4949,82,2,716.07,0,1432.14
4949,114,1,2450.58,0.2,1960.46
4950,230,1,1046.39,0,1046.39
4950,16,3,3952.33,0.1,10671.29
4950,195,3,1333.33,0,3999.99
4950,22,2,3109.21,0.1,5596.58
4950,96,3,4243.67,0.2,10184.81
4951,6,1,905.68,0,905.68
4951,227,3,4186.52,0.1,11303.6
4951,92,1,1893.48,0.1,1704.13
4951,237,1,3100.61,0,3100.61
4952,195,1,1333.33,0.2,1066.66
4952,289,3,1989.64,0.1,5372.03
4952,94,3,2572.33,0,7716.99
4952,164,1,816.74,0.2,653.39
4952,211,3,2468.4,0,7405.2
4953,193,1,4029.85,0.2,3223.88
4954,177,2,1279.69,0,2559.38
4954,135,3,1279.65,0.2,3071.16
4955,271,1,4563.65,0.2,3650.92
4955,45,1,2210.75,0,2210.75
4955,239,3,3599.71,0,10799.13
4955,210,1,161.58,0,161.58
4956,270,2,3310.85,0.2,5297.36
4956,17,2,2227.3,0.1,4009.14
4956,187,3,4233.39,0,12700.17
4957,236,1,3037.97,0.2,2430.38
4958,157,1,1420.43,0.2,1136.34
4958,209,1,4282.34,0.2,3425.87
4958,111,1,132.09,0.1,118.88
4958,69,1,2395.28,0.1,2155.75
4959,296,3,693.33,0.1,1871.99
4959,299,1,2527.49,0,2527.49
4959,269,2,4355.56,0.1,7840.01
4959,43,3,241.69,0.2,580.06
4959,234,1,1752.01,0.1,1576.81
4960,97,2,1334.43,0,2668.86
4960,69,1,2395.28,0.1,2155.75
4961,268,1,4342.22,0,4342.22
4962,53,2,4303.7,0.1,7746.66
4962,283,3,1366.35,0.2,3279.24
4962,169,2,4666.14,0.2,7465.82
4962,4,1,4485.44,0.2,3588.35
4963,8,3,1531.1,0.1,4133.97
4963,285,3,2791.44,0.2,6699.46
4963,256,3,340.75,0,1022.25
4963,93,2,4086.52,0.2,6538.43
4964,87,1,2631.45,0.2,2105.16
4965,107,3,171.93,0.2,412.63
4965,28,1,626.91,0.2,501.53
4965,219,2,134.79,0.1,242.62
4966,56,1,886.8,0.2,709.44
4966,74,3,3005.42,0.1,8114.63
4967,121,3,2781.54,0,8344.62
4967,181,1,3568.87,0.2,2855.1
4968,179,1,3748.16,0.2,2998.53
4968,2,2,162.86,0.2,260.58
4968,17,2,2227.3,0.1,4009.14
4969,10,3,4384.24,0.2,10522.18
4969,23,2,4414.98,0.2,7063.97
4969,109,2,500.73,0.2,801.17
4970,75,3,3915.6,0,11746.8
4970,177,1,1279.69,0.2,1023.75
4970,176,1,4859.23,0.2,3887.38
4970,284,3,1844.85,0,5534.55
4970,267,3,4752.35,0.1,12831.35
4971,208,1,2962.16,0.2,2369.73
4971,226,2,2658.25,0.2,4253.2
4972,230,2,1046.39,0.2,1674.22
4972,205,1,1317.26,0.1,1185.53
4972,232,3,3920.49,0.1,10585.32
4973,282,2,3926.46,0.1,7067.63
4973,180,2,655.78,0,1311.56
4973,87,3,2631.45,0.2,6315.48
4973,173,1,3917.1,0.2,3133.68
4973,132,2,1515.14,0,3030.28
4974,278,1,2540.74,0.2,2032.59
4974,108,2,3213.87,0.1,5784.97
4974,170,2,2123.49,0.1,3822.28
4975,210,2,161.58,0,323.16
4975,74,1,3005.42,0,3005.42
4975,42,1,1883.45,0,1883.45
4976,31,1,3542.58,0,3542.58
4976,129,1,2531.28,0.2,2025.02
4976,276,3,2930.01,0,8790.03
4977,147,3,1158.14,0,3474.42
4977,122,3,1254.11,0,3762.33
4977,19,1,175.58,0,175.58
4977,164,3,816.74,0.1,2205.2
4978,13,3,3075.58,0.2,7381.39
4978,77,1,3082.83,0,3082.83
4978,175,2,797.23,0,1594.46
4979,16,2,3952.33,0,7904.66
4979,266,3,1513.44,0.1,4086.29
4979,77,1,3082.83,0.1,2774.55
4979,161,2,2773.7,0.2,4437.92
4979,107,2,171.93,0.2,275.09
4980,106,1,1023.38,0.2,818.7
4980,275,1,1095.75,0,1095.75
4980,119,3,822.62,0.1,2221.07
4980,161,2,2773.7,0.2,4437.92
4980,271,1,4563.65,0.1,4107.28
4981,150,2,1188.32,0,2376.64
4982,183,2,2480.1,0,4960.2
4982,142,1,2632.44,0.2,2105.95
4983,11,2,4126.24,0.1,7427.23
4984,85,1,4346.15,0.1,3911.53
4984,60,2,4674.62,0.2,7479.39
4985,275,2,1095.75,0.1,1972.35
4985,51,2,3723.25,0.2,5957.2
4985,37,2,3070.15,0,6140.3
4985,236,2,3037.97,0.2,4860.75
4986,181,3,3568.87,0.1,9635.95
4986,250,2,2498.75,0.2,3998
4986,42,3,1883.45,0,5650.35
4987,72,2,694.52,0,1389.04
4987,277,2,3435.47,0.2,5496.75
4988,121,3,2781.54,0.2,6675.7
4988,147,1,1158.14,0.1,1042.33
4988,178,1,113.25,0.1,101.92
4988,185,3,1406.51,0.2,3375.62
4989,8,3,1531.1,0,4593.3
4989,231,3,671.34,0,2014.02
4989,226,3,2658.25,0,7974.75
4990,234,3,1752.01,0.2,4204.82
4990,82,3,716.07,0.1,1933.39
4990,130,2,3052.06,0.1,5493.71
4991,11,2,4126.24,0.2,6601.98
4991,293,3,3384.67,0,10154.01
4991,128,3,4900.43,0.2,11761.03
4991,207,3,4279.16,0.2,10269.98
4992,179,2,3748.16,0,7496.32
4993,220,3,2980.59,0,8941.77
4993,175,1,797.23,0.2,637.78
4993,75,2,3915.6,0,7831.2
4993,107,2,171.93,0.1,309.47
4994,101,1,3677.55,0.1,3309.8
4994,160,2,961.86,0.1,1731.35
4994,58,3,3807.05,0.1,10279.04
4994,56,3,886.8,0,2660.4
4995,130,3,3052.06,0,9156.18
4995,179,3,3748.16,0,11244.48
4995,84,3,3865.55,0.1,10436.99
4996,298,3,2955.32,0,8865.96
4996,120,3,2696.47,0,8089.41
4996,221,3,3628.31,0.2,8707.94
4996,111,1,132.09,0.2,105.67
4997,210,2,161.58,0.2,258.53
4997,18,1,534.95,0.1,481.46
4998,105,1,985.57,0,985.57
4999,153,3,4053.91,0,12161.73
4999,289,2,1989.64,0.1,3581.35
4999,219,3,134.79,0,404.37
5000,15,3,2876.77,0.1,7767.28
5000,208,1,2962.16,0.2,2369.73
