order_id,customer_id,order_date,order_status,shipping_cost
1,CUST320,2026-04-03,Delivered,113.15
2,CUST945,2025-11-30,Returned,113.92
3,CUST234,2025-08-17,Returned,140.65
4,CUST124,2026-05-03,Returned,177.57
5,CUST707,2025-06-17,Cancelled,60.98
6,CUST991,2025-07-12,Cancelled,139.87
7,CUST263,2026-05-11,Returned,39.54
8,CUST342,2025-12-01,Cancelled,87.76
9,CUST778,2026-03-04,Returned,161.41
10,CUST548,2025-06-09,Returned,45.34
11,CUST281,2025-07-21,Cancelled,128.37
12,CUST810,2025-09-01,Returned,69.7
13,CUST704,2026-03-25,Returned,144.69
14,CUST333,2025-05-15,Returned,152.52
15,CUST546,2026-04-08,Cancelled,70.59
16,CUST365,2025-08-30,Cancelled,121.94
17,CUST409,2026-05-03,Cancelled,130.64
18,CUST272,2025-12-20,Delivered,162.22
19,CUST536,2025-10-27,Returned,72.64
20,CUST537,2025-10-26,Delivered,42.46
21,CUST584,2026-05-04,Cancelled,137.46
22,CUST8,2026-03-22,Cancelled,169.46
23,CUST6,2025-06-07,Returned,96.22
24,CUST133,2025-09-08,Delivered,42.23
25,CUST268,2026-03-21,Cancelled,115.33
26,CUST791,2025-12-13,Returned,86.55
27,CUST196,2025-08-02,Returned,101.28
28,CUST895,2026-05-03,Cancelled,68.87
29,CUST201,2026-04-29,Delivered,136.65
30,CUST871,2026-03-05,Returned,71.7
31,CUST611,2025-10-02,Cancelled,60.26
32,CUST745,2026-01-17,Returned,169.09
33,CUST524,2025-08-08,Returned,130.22
34,CUST918,2025-10-10,Returned,144.85
35,CUST584,2025-06-03,Cancelled,86.39
36,CUST893,2025-06-24,Cancelled,155.86
37,CUST112,2026-02-23,Cancelled,157.42
38,CUST530,2025-12-09,Returned,126.72
39,CUST607,2025-06-11,Returned,110.57
40,CUST329,2025-07-13,Cancelled,163.94
41,CUST573,2025-08-04,Delivered,108.84
42,CUST610,2025-10-28,Delivered,197.43
43,CUST635,2025-05-24,Cancelled,46.44
44,CUST280,2025-09-05,Cancelled,137.61
45,CUST931,2026-03-11,Delivered,38.55
46,CUST607,2025-10-23,Delivered,112.94
47,CUST49,2026-03-14,Delivered,170.0
48,CUST494,2026-01-12,Delivered,165.94
49,CUST701,2026-02-20,Cancelled,199.51
50,CUST862,2025-08-12,Cancelled,112.67
51,CUST659,2026-03-28,Returned,80.26
52,CUST425,2025-11-29,Cancelled,53.09
53,CUST58,2026-04-21,Delivered,125.7
54,CUST44,2025-12-07,Delivered,154.01
55,CUST62,2026-04-14,Delivered,36.93
56,CUST248,2025-09-16,Delivered,69.41
57,CUST419,2026-04-04,Delivered,142.68
58,CUST595,2026-03-10,Cancelled,51.52
59,CUST498,2025-06-17,Cancelled,64.85
60,CUST841,2026-01-21,Delivered,54.17
61,CUST776,2025-12-12,Cancelled,68.62
62,CUST931,2025-09-21,Cancelled,22.58
63,CUST804,2025-09-17,Delivered,137.35
64,CUST912,2026-03-19,Returned,138.34
65,CUST764,2025-07-18,Delivered,159.82
66,CUST445,2025-10-15,Cancelled,91.5
67,CUST50,2025-07-15,Cancelled,136.23
68,CUST813,2025-09-13,Delivered,39.28
69,CUST991,2025-09-07,Returned,58.32
70,CUST732,2026-04-24,Delivered,36.56
71,CUST374,2026-03-05,Delivered,136.95
72,CUST186,2026-01-15,Delivered,158.94
73,CUST385,2026-04-10,Delivered,139.56
74,CUST311,2026-04-16,Returned,184.56
75,CUST251,2026-02-28,Delivered,119.19
76,CUST66,2025-06-02,Returned,78.83
77,CUST500,2025-10-09,Cancelled,28.34
78,CUST691,2026-01-12,Delivered,61.78
79,CUST171,2025-07-07,Cancelled,105.48
80,CUST716,2026-03-23,Delivered,175.84
81,CUST998,2026-02-01,Cancelled,49.8
82,CUST493,2025-09-10,Delivered,100.15
83,CUST883,2025-12-16,Delivered,58.49
84,CUST948,2025-11-21,Delivered,160.05
85,CUST146,2026-05-09,Returned,178.53
86,CUST12,2025-11-08,Cancelled,72.64
87,CUST474,2026-05-11,Cancelled,191.59
88,CUST693,2025-11-26,Delivered,43.94
89,CUST801,2025-06-06,Delivered,122.95
90,CUST385,2025-06-19,Returned,181.28
91,CUST373,2025-07-01,Delivered,162.46
92,CUST137,2025-11-05,Returned,65.7
93,CUST267,2025-09-03,Delivered,99.31
94,CUST88,2026-04-09,Cancelled,28.12
95,CUST541,2025-10-03,Returned,169.97
96,CUST626,2025-07-30,Delivered,108.41
97,CUST371,2025-12-01,Returned,126.03
98,CUST720,2026-04-23,Cancelled,93.11
99,CUST993,2025-08-11,Delivered,72.21
100,CUST202,2026-01-06,Cancelled,22.08
101,CUST50,2026-02-25,Returned,133.83
102,CUST117,2026-03-28,Delivered,123.24
103,CUST735,2025-09-18,Cancelled,58.39
104,CUST458,2025-09-30,Returned,68.83
105,CUST476,2026-04-21,Returned,24.05
106,CUST93,2025-11-05,Returned,23.14
107,CUST56,2025-08-18,Returned,85.81
108,CUST371,2025-09-15,Cancelled,65.6
109,CUST586,2026-01-20,Returned,94.38
110,CUST470,2025-05-29,Returned,141.69
111,CUST531,2025-06-18,Delivered,53.51
112,CUST72,2025-11-21,Delivered,80.51
113,CUST123,2026-02-07,Cancelled,152.42
114,CUST955,2026-05-14,Returned,37.06
115,CUST399,2025-11-10,Delivered,95.16
116,CUST493,2025-11-15,Returned,75.43
117,CUST690,2026-01-21,Delivered,145.56
118,CUST615,2025-09-13,Returned,74.65
119,CUST606,2025-06-17,Delivered,42.12
120,CUST32,2026-03-11,Returned,153.53
121,CUST369,2025-11-06,Returned,60.13
122,CUST418,2026-05-04,Delivered,144.29
123,CUST8,2025-09-21,Cancelled,76.79
124,CUST130,2025-05-25,Delivered,184.95
125,CUST928,2026-04-05,Cancelled,31.47
126,CUST134,2025-06-05,Cancelled,173.09
127,CUST198,2025-12-05,Cancelled,45.41
128,CUST725,2026-02-22,Delivered,126.61
129,CUST343,2026-04-04,Delivered,68.1
130,CUST502,2026-01-29,Delivered,189.21
131,CUST411,2026-04-19,Cancelled,101.04
132,CUST620,2025-05-15,Cancelled,69.11
133,CUST944,2025-11-02,Delivered,186.33
134,CUST442,2025-10-04,Delivered,128.02
135,CUST559,2025-08-05,Returned,76.94
136,CUST555,2025-12-30,Delivered,181.37
137,CUST68,2025-05-21,Returned,88.54
138,CUST465,2025-11-25,Returned,47.81
139,CUST273,2026-03-20,Delivered,185.2
140,CUST886,2026-04-30,Returned,147.87
141,CUST705,2025-05-26,Cancelled,66.96
142,CUST948,2026-01-08,Delivered,64.35
143,CUST201,2025-08-18,Delivered,87.64
144,CUST31,2025-05-20,Returned,195.12
145,CUST870,2025-08-22,Cancelled,127.51
146,CUST778,2026-02-02,Delivered,74.32
147,CUST357,2025-05-29,Returned,71.46
148,CUST403,2025-09-05,Delivered,123.91
149,CUST588,2025-10-21,Returned,154.85
150,CUST648,2025-12-01,Delivered,174.62
151,CUST749,2026-03-25,Delivered,180.21
152,CUST545,2026-01-27,Delivered,37.93
153,CUST186,2025-12-10,Cancelled,149.29
154,CUST683,2026-01-02,Delivered,91.9
155,CUST810,2026-04-04,Delivered,145.12
156,CUST776,2025-07-26,Delivered,135.07
157,CUST269,2025-08-21,Delivered,179.88
158,CUST790,2025-09-18,Returned,147.3
159,CUST728,2025-08-10,Delivered,79.96
160,CUST922,2025-11-07,Returned,88.69
161,CUST938,2026-02-25,Cancelled,121.78
162,CUST132,2026-01-08,Cancelled,66.23
163,CUST457,2025-06-02,Delivered,180.6
164,CUST386,2026-03-06,Cancelled,130.87
165,CUST776,2025-05-28,Delivered,96.39
166,CUST30,2025-07-24,Returned,97.14
167,CUST443,2025-06-19,Cancelled,85.39
168,CUST449,2026-03-09,Cancelled,190.39
169,CUST525,2026-03-01,Cancelled,157.94
170,CUST972,2026-03-22,Returned,138.09
171,CUST235,2025-10-24,Delivered,20.86
172,CUST453,2025-12-02,Delivered,142.2
173,CUST575,2025-05-20,Cancelled,34.61
174,CUST269,2025-05-23,Returned,33.74
175,CUST752,2026-03-09,Cancelled,68.0
176,CUST777,2026-01-19,Cancelled,87.29
177,CUST929,2025-06-24,Cancelled,107.2
178,CUST560,2025-05-23,Cancelled,169.85
179,CUST620,2025-07-17,Cancelled,194.19
180,CUST132,2025-07-15,Delivered,180.14
181,CUST601,2025-09-03,Cancelled,77.94
182,CUST651,2026-03-06,Returned,183.26
183,CUST869,2026-04-24,Delivered,180.99
184,CUST31,2025-10-20,Delivered,38.99
185,CUST124,2025-12-21,Delivered,165.2
186,CUST90,2026-01-27,Returned,95.22
187,CUST558,2025-06-06,Cancelled,89.32
188,CUST71,2025-08-22,Returned,103.36
189,CUST581,2025-09-29,Cancelled,96.64
190,CUST651,2026-03-10,Delivered,140.8
191,CUST597,2026-05-15,Delivered,147.97
192,CUST878,2025-07-14,Returned,178.43
193,CUST702,2025-09-02,Delivered,107.7
194,CUST505,2026-04-18,Cancelled,95.82
195,CUST940,2026-04-11,Returned,137.21
196,CUST560,2026-01-19,Cancelled,142.82
197,CUST35,2026-01-14,Cancelled,187.93
198,CUST236,2025-11-26,Returned,189.5
199,CUST194,2026-04-21,Cancelled,30.26
200,CUST336,2025-07-30,Delivered,55.61
201,CUST715,2026-03-07,Cancelled,31.86
202,CUST597,2025-07-21,Cancelled,68.03
203,CUST195,2025-10-01,Delivered,148.57
204,CUST771,2025-08-23,Cancelled,168.56
205,CUST974,2025-09-30,Returned,62.32
206,CUST796,2026-02-09,Cancelled,48.99
207,CUST31,2025-06-03,Delivered,87.34
208,CUST930,2025-07-25,Cancelled,177.99
209,CUST445,2025-12-20,Returned,158.64
210,CUST214,2025-05-16,Cancelled,159.61
211,CUST250,2025-12-12,Cancelled,87.92
212,CUST742,2025-12-12,Delivered,196.23
213,CUST773,2025-06-27,Cancelled,122.53
214,CUST378,2026-03-04,Cancelled,53.49
215,CUST559,2025-12-19,Delivered,115.22
216,CUST879,2026-01-02,Returned,85.55
217,CUST903,2025-10-27,Cancelled,192.96
218,CUST698,2025-08-29,Delivered,170.97
219,CUST31,2026-03-10,Cancelled,53.42
220,CUST909,2026-04-11,Cancelled,194.79
221,CUST268,2025-09-06,Cancelled,149.86
222,CUST340,2025-07-18,Cancelled,70.55
223,CUST720,2025-12-12,Delivered,47.21
224,CUST283,2025-06-01,Cancelled,109.32
225,CUST168,2026-03-24,Cancelled,84.8
226,CUST176,2025-11-06,Returned,141.63
227,CUST234,2025-05-18,Delivered,34.22
228,CUST202,2026-03-13,Delivered,153.05
229,CUST796,2025-07-07,Delivered,179.53
230,CUST218,2025-12-16,Delivered,145.19
231,CUST274,2025-06-06,Delivered,94.8
232,CUST478,2026-02-20,Returned,159.78
233,CUST979,2025-08-27,Returned,67.22
234,CUST269,2025-05-24,Cancelled,123.28
235,CUST168,2026-04-22,Returned,30.1
236,CUST420,2025-11-13,Delivered,47.15
237,CUST610,2026-02-03,Returned,30.31
238,CUST609,2025-07-11,Returned,106.96
239,CUST377,2025-06-05,Cancelled,117.84
240,CUST363,2026-03-25,Delivered,22.39
241,CUST829,2025-07-23,Returned,66.43
242,CUST315,2026-04-17,Cancelled,140.23
243,CUST2,2026-02-11,Delivered,94.43
244,CUST171,2025-05-27,Cancelled,166.61
245,CUST972,2025-06-16,Cancelled,82.31
246,CUST195,2026-03-22,Delivered,116.43
247,CUST77,2025-09-11,Delivered,158.6
248,CUST475,2025-10-29,Cancelled,118.72
249,CUST282,2025-10-31,Cancelled,38.27
250,CUST630,2026-01-23,Returned,91.82
251,CUST1000,2026-01-14,Returned,180.64
252,CUST948,2026-05-10,Delivered,99.04
253,CUST265,2025-08-13,Cancelled,192.28
254,CUST876,2025-12-02,Delivered,130.28
255,CUST425,2025-05-30,Cancelled,98.68
256,CUST552,2025-12-02,Returned,159.93
257,CUST774,2025-11-23,Returned,159.24
258,CUST915,2025-12-04,Delivered,126.86
259,CUST32,2026-01-11,Returned,73.88
260,CUST114,2025-10-10,Returned,23.07
261,CUST401,2025-06-08,Returned,190.95
262,CUST717,2025-12-27,Cancelled,137.09
263,CUST738,2026-02-07,Cancelled,129.69
264,CUST141,2025-06-23,Delivered,169.48
265,CUST105,2025-05-25,Delivered,188.69
266,CUST525,2025-10-09,Delivered,170.23
267,CUST949,2026-03-10,Delivered,137.15
268,CUST966,2025-12-22,Delivered,132.18
269,CUST184,2025-08-23,Returned,172.84
270,CUST703,2025-07-17,Cancelled,107.77
271,CUST597,2025-06-22,Cancelled,115.69
272,CUST971,2025-09-16,Cancelled,130.62
273,CUST83,2025-10-05,Cancelled,66.43
274,CUST943,2026-04-13,Delivered,178.09
275,CUST962,2025-11-19,Returned,59.21
276,CUST334,2025-12-09,Delivered,111.91
277,CUST145,2025-07-16,Cancelled,104.25
278,CUST401,2025-10-08,Returned,154.37
279,CUST19,2026-02-12,Returned,113.56
280,CUST704,2025-09-24,Returned,175.59
281,CUST524,2025-07-30,Cancelled,193.41
282,CUST694,2025-09-17,Cancelled,47.44
283,CUST181,2025-08-10,Cancelled,150.03
284,CUST710,2025-08-03,Cancelled,148.14
285,CUST766,2026-03-11,Cancelled,103.53
286,CUST902,2025-10-16,Returned,140.3
287,CUST796,2026-03-07,Cancelled,168.09
288,CUST722,2025-12-03,Returned,90.82
289,CUST623,2025-11-12,Cancelled,68.7
290,CUST160,2026-02-15,Delivered,93.34
291,CUST605,2025-10-17,Returned,167.01
292,CUST551,2025-05-31,Returned,120.36
293,CUST534,2025-09-20,Returned,171.31
294,CUST859,2026-03-14,Returned,133.17
295,CUST247,2025-08-17,Cancelled,141.39
296,CUST776,2025-08-30,Delivered,153.9
297,CUST527,2025-08-21,Delivered,118.48
298,CUST258,2025-09-21,Cancelled,44.54
299,CUST88,2025-10-04,Delivered,52.06
300,CUST604,2025-09-04,Delivered,135.16
301,CUST399,2025-11-21,Delivered,30.42
302,CUST999,2025-05-23,Cancelled,185.13
303,CUST395,2025-08-23,Delivered,138.99
304,CUST708,2026-02-27,Returned,61.72
305,CUST287,2025-07-30,Cancelled,150.79
306,CUST334,2026-02-22,Delivered,155.49
307,CUST486,2025-10-28,Cancelled,77.89
308,CUST834,2025-07-20,Cancelled,125.52
309,CUST651,2025-05-23,Delivered,198.42
310,CUST122,2026-04-18,Returned,160.99
311,CUST232,2026-02-23,Delivered,134.72
312,CUST166,2025-09-14,Returned,140.28
313,CUST399,2025-07-28,Returned,96.32
314,CUST435,2025-10-25,Returned,188.27
315,CUST1000,2025-06-18,Returned,66.58
316,CUST967,2025-12-07,Returned,109.49
317,CUST474,2025-12-05,Delivered,49.05
318,CUST875,2025-05-31,Cancelled,110.88
319,CUST802,2025-10-16,Returned,36.96
320,CUST510,2025-11-30,Delivered,182.56
321,CUST529,2025-12-15,Returned,26.64
322,CUST170,2025-09-23,Returned,160.73
323,CUST986,2025-08-16,Delivered,178.16
324,CUST429,2025-08-04,Returned,67.22
325,CUST721,2025-11-20,Returned,90.2
326,CUST783,2026-04-22,Delivered,199.35
327,CUST525,2026-03-11,Cancelled,148.65
328,CUST833,2025-09-08,Delivered,56.67
329,CUST941,2026-03-18,Delivered,185.56
330,CUST944,2025-11-04,Cancelled,79.48
331,CUST662,2025-10-03,Cancelled,41.6
332,CUST121,2026-02-27,Cancelled,23.69
333,CUST136,2025-11-15,Cancelled,132.77
334,CUST28,2026-03-13,Returned,133.69
335,CUST276,2026-02-22,Cancelled,45.73
336,CUST967,2025-11-23,Delivered,20.12
337,CUST612,2025-10-06,Delivered,34.91
338,CUST626,2026-02-23,Returned,159.58
339,CUST794,2025-11-16,Cancelled,48.98
340,CUST258,2025-07-26,Cancelled,134.99
341,CUST827,2026-04-27,Delivered,112.31
342,CUST785,2026-01-29,Returned,133.87
343,CUST951,2025-11-23,Delivered,130.68
344,CUST456,2026-01-24,Delivered,25.87
345,CUST438,2026-04-06,Delivered,139.83
346,CUST344,2025-08-14,Delivered,192.9
347,CUST301,2026-05-13,Cancelled,26.23
348,CUST988,2025-09-21,Delivered,26.44
349,CUST87,2025-08-03,Returned,181.77
350,CUST994,2025-09-03,Returned,178.64
351,CUST96,2025-12-27,Delivered,67.98
352,CUST615,2025-12-08,Delivered,100.47
353,CUST785,2026-02-20,Delivered,109.68
354,CUST229,2025-08-15,Cancelled,76.54
355,CUST641,2025-07-09,Delivered,43.15
356,CUST319,2025-08-03,Returned,199.16
357,CUST85,2025-07-04,Cancelled,123.52
358,CUST169,2026-03-30,Returned,179.76
359,CUST864,2026-02-26,Cancelled,118.45
360,CUST962,2026-03-17,Cancelled,65.96
361,CUST513,2025-11-01,Delivered,108.9
362,CUST14,2026-01-26,Delivered,81.67
363,CUST305,2025-08-30,Returned,97.5
364,CUST309,2025-10-22,Returned,125.76
365,CUST958,2025-08-14,Returned,28.28
366,CUST110,2025-10-11,Cancelled,70.7
367,CUST702,2025-07-02,Delivered,106.1
368,CUST884,2025-08-29,Cancelled,90.87
369,CUST442,2025-10-04,Returned,29.14
370,CUST116,2025-06-06,Cancelled,121.38
371,CUST934,2025-07-09,Returned,135.6
372,CUST490,2025-07-20,Delivered,75.78
373,CUST108,2025-06-10,Cancelled,57.2
374,CUST977,2025-10-05,Cancelled,111.74
375,CUST624,2025-09-19,Delivered,132.77
376,CUST105,2026-01-24,Delivered,107.3
377,CUST942,2026-02-17,Cancelled,176.88
378,CUST158,2026-03-01,Delivered,184.58
379,CUST139,2025-11-29,Delivered,80.53
380,CUST989,2026-02-23,Cancelled,60.84
381,CUST622,2025-07-11,Cancelled,188.14
382,CUST202,2025-09-17,Returned,100.51
383,CUST381,2025-11-10,Returned,194.04
384,CUST187,2026-01-17,Returned,119.74
385,CUST890,2025-05-24,Returned,95.97
386,CUST748,2025-06-21,Cancelled,181.84
387,CUST980,2025-06-04,Cancelled,141.19
388,CUST933,2025-11-11,Cancelled,186.72
389,CUST591,2026-02-08,Returned,133.9
390,CUST991,2025-11-11,Returned,173.06
391,CUST646,2026-02-27,Delivered,158.24
392,CUST4,2025-09-16,Delivered,118.84
393,CUST425,2025-10-15,Cancelled,191.99
394,CUST882,2025-09-28,Delivered,75.99
395,CUST183,2025-06-13,Cancelled,136.46
396,CUST284,2026-04-19,Delivered,106.26
397,CUST794,2025-12-29,Cancelled,24.12
398,CUST604,2025-06-12,Delivered,83.63
399,CUST602,2025-10-25,Cancelled,106.87
400,CUST983,2025-09-12,Returned,64.24
401,CUST951,2025-07-03,Cancelled,164.0
402,CUST774,2026-01-29,Delivered,63.78
403,CUST516,2025-12-08,Returned,20.06
404,CUST877,2025-05-17,Delivered,164.68
405,CUST146,2025-06-27,Returned,83.63
406,CUST963,2025-08-22,Delivered,100.45
407,CUST736,2025-06-26,Cancelled,156.89
408,CUST474,2025-08-31,Cancelled,62.86
409,CUST252,2025-10-12,Returned,176.69
410,CUST563,2025-08-03,Cancelled,194.83
411,CUST644,2026-01-08,Cancelled,155.86
412,CUST638,2025-10-24,Cancelled,112.86
413,CUST835,2025-11-24,Delivered,140.55
414,CUST379,2025-07-23,Delivered,167.48
415,CUST114,2025-09-20,Cancelled,42.95
416,CUST329,2025-10-16,Cancelled,142.65
417,CUST692,2025-09-07,Returned,136.11
418,CUST106,2026-04-20,Delivered,37.55
419,CUST928,2025-08-20,Returned,24.25
420,CUST53,2025-10-05,Delivered,146.74
421,CUST389,2025-12-30,Delivered,87.1
422,CUST976,2025-08-23,Cancelled,118.42
423,CUST293,2025-09-09,Returned,114.6
424,CUST175,2025-05-22,Cancelled,138.73
425,CUST115,2026-01-23,Delivered,177.44
426,CUST604,2025-08-08,Cancelled,119.33
427,CUST641,2026-04-04,Cancelled,199.89
428,CUST896,2025-07-23,Delivered,106.89
429,CUST886,2026-01-16,Cancelled,107.55
430,CUST325,2026-01-12,Delivered,140.01
431,CUST901,2025-06-17,Cancelled,85.77
432,CUST442,2026-04-29,Cancelled,112.5
433,CUST74,2025-12-28,Delivered,102.62
434,CUST956,2026-01-17,Delivered,184.76
435,CUST904,2025-07-22,Cancelled,87.23
436,CUST121,2026-02-25,Returned,97.13
437,CUST446,2025-12-16,Returned,30.73
438,CUST920,2025-09-25,Returned,171.48
439,CUST975,2025-12-29,Cancelled,39.67
440,CUST573,2026-01-23,Delivered,111.79
441,CUST749,2025-08-10,Returned,99.51
442,CUST328,2026-04-27,Returned,83.87
443,CUST667,2026-04-12,Cancelled,26.59
444,CUST133,2025-12-19,Returned,142.93
445,CUST367,2025-10-03,Delivered,52.92
446,CUST474,2025-11-25,Cancelled,141.54
447,CUST461,2025-10-29,Returned,90.27
448,CUST987,2025-12-20,Delivered,34.37
449,CUST585,2026-01-02,Returned,82.12
450,CUST875,2025-12-13,Returned,93.21
451,CUST789,2025-07-27,Returned,108.15
452,CUST497,2026-02-22,Cancelled,90.29
453,CUST97,2026-01-07,Returned,171.91
454,CUST805,2025-12-20,Cancelled,154.52
455,CUST682,2025-08-14,Cancelled,155.78
456,CUST10,2026-01-06,Delivered,171.56
457,CUST406,2025-12-04,Cancelled,137.12
458,CUST886,2026-03-18,Delivered,126.24
459,CUST794,2025-08-02,Cancelled,119.76
460,CUST10,2026-05-06,Delivered,23.34
461,CUST82,2025-07-17,Returned,62.63
462,CUST942,2026-03-20,Delivered,61.77
463,CUST581,2026-01-17,Cancelled,29.83
464,CUST399,2026-01-09,Delivered,54.89
465,CUST109,2025-11-23,Cancelled,124.96
466,CUST360,2026-03-20,Delivered,142.54
467,CUST914,2025-11-30,Delivered,152.82
468,CUST483,2026-04-10,Cancelled,84.42
469,CUST704,2026-04-23,Returned,119.38
470,CUST387,2025-08-03,Cancelled,35.54
471,CUST859,2025-05-29,Returned,61.99
472,CUST312,2025-07-06,Delivered,194.39
473,CUST885,2025-06-13,Delivered,168.71
474,CUST744,2026-04-05,Delivered,23.65
475,CUST784,2025-07-08,Returned,171.89
476,CUST186,2025-07-12,Cancelled,97.57
477,CUST488,2025-06-10,Cancelled,83.65
478,CUST583,2025-08-27,Delivered,134.65
479,CUST598,2025-12-06,Delivered,74.69
480,CUST93,2025-09-08,Cancelled,198.04
481,CUST230,2025-07-12,Delivered,69.4
482,CUST865,2026-01-12,Delivered,182.45
483,CUST263,2025-06-03,Returned,76.4
484,CUST946,2025-10-27,Cancelled,138.98
485,CUST705,2025-11-27,Delivered,162.22
486,CUST636,2025-12-06,Cancelled,119.68
487,CUST42,2025-06-25,Returned,134.76
488,CUST10,2026-04-04,Returned,125.33
489,CUST773,2026-04-18,Returned,183.31
490,CUST684,2026-01-30,Delivered,102.28
491,CUST328,2025-09-18,Delivered,104.61
492,CUST214,2025-11-04,Delivered,144.08
493,CUST625,2025-07-06,Delivered,167.15
494,CUST538,2026-01-16,Returned,127.02
495,CUST581,2025-07-04,Returned,61.84
496,CUST756,2025-12-23,Delivered,166.23
497,CUST401,2025-12-01,Delivered,59.81
498,CUST127,2026-02-18,Cancelled,108.64
499,CUST938,2026-01-28,Cancelled,152.3
500,CUST458,2026-05-01,Returned,103.41
501,CUST162,2025-12-26,Returned,139.2
502,CUST589,2025-11-22,Returned,96.47
503,CUST523,2025-10-03,Cancelled,91.78
504,CUST126,2026-03-08,Returned,189.0
505,CUST557,2025-06-03,Delivered,31.14
506,CUST343,2026-04-08,Cancelled,65.45
507,CUST874,2025-09-15,Cancelled,75.38
508,CUST719,2025-12-28,Delivered,166.77
509,CUST257,2025-06-20,Returned,85.34
510,CUST18,2026-03-13,Returned,170.22
511,CUST954,2026-04-29,Delivered,86.22
512,CUST149,2025-09-19,Delivered,100.54
513,CUST775,2025-10-21,Returned,77.44
514,CUST709,2025-10-16,Returned,117.45
515,CUST286,2025-07-18,Returned,193.42
516,CUST443,2026-04-22,Cancelled,77.96
517,CUST464,2025-08-21,Delivered,122.96
518,CUST700,2025-12-30,Cancelled,129.41
519,CUST278,2026-01-09,Returned,123.95
520,CUST425,2025-07-22,Delivered,66.59
521,CUST981,2025-06-17,Returned,199.57
522,CUST313,2025-11-19,Returned,64.74
523,CUST248,2025-06-19,Delivered,39.86
524,CUST522,2025-10-11,Returned,58.06
525,CUST420,2025-09-10,Cancelled,156.15
526,CUST994,2025-07-20,Cancelled,195.43
527,CUST959,2026-02-06,Returned,124.93
528,CUST160,2026-01-23,Delivered,40.89
529,CUST622,2025-09-14,Delivered,198.79
530,CUST107,2026-05-07,Delivered,117.69
531,CUST214,2025-05-26,Returned,38.79
532,CUST131,2026-02-01,Cancelled,33.62
533,CUST50,2026-01-06,Cancelled,119.41
534,CUST150,2026-05-10,Cancelled,93.28
535,CUST55,2025-06-07,Returned,164.43
536,CUST193,2025-11-16,Returned,197.86
537,CUST504,2025-11-18,Delivered,35.54
538,CUST566,2025-10-22,Returned,101.51
539,CUST9,2025-06-30,Cancelled,84.1
540,CUST427,2025-11-30,Delivered,67.13
541,CUST801,2025-05-31,Returned,101.85
542,CUST92,2025-07-02,Returned,56.94
543,CUST614,2025-08-04,Returned,23.9
544,CUST583,2025-08-29,Cancelled,151.4
545,CUST552,2025-12-30,Delivered,125.84
546,CUST769,2026-01-09,Returned,145.71
547,CUST584,2026-04-19,Cancelled,41.32
548,CUST148,2025-05-18,Returned,48.42
549,CUST153,2026-03-24,Returned,134.29
550,CUST817,2025-12-10,Returned,143.2
551,CUST428,2025-06-17,Returned,88.51
552,CUST774,2026-03-13,Returned,28.39
553,CUST967,2025-10-04,Delivered,48.29
554,CUST71,2025-11-08,Returned,51.07
555,CUST23,2025-06-30,Cancelled,132.92
556,CUST394,2025-10-05,Cancelled,59.09
557,CUST734,2026-04-08,Cancelled,146.29
558,CUST245,2025-12-14,Returned,168.22
559,CUST215,2025-10-06,Delivered,67.68
560,CUST916,2026-04-04,Returned,101.68
561,CUST972,2026-04-22,Cancelled,45.83
562,CUST632,2025-07-22,Delivered,110.41
563,CUST524,2026-01-06,Returned,181.79
564,CUST363,2025-06-08,Returned,23.17
565,CUST132,2025-11-04,Returned,182.68
566,CUST616,2025-06-07,Delivered,44.23
567,CUST58,2025-07-15,Cancelled,29.78
568,CUST406,2026-03-20,Returned,47.17
569,CUST189,2026-02-24,Returned,171.77
570,CUST11,2025-09-15,Delivered,94.39
571,CUST805,2026-01-15,Returned,58.51
572,CUST834,2025-10-12,Cancelled,41.31
573,CUST939,2025-11-27,Cancelled,176.94
574,CUST9,2025-12-21,Cancelled,30.38
575,CUST503,2025-05-22,Delivered,94.45
576,CUST630,2025-11-28,Returned,131.19
577,CUST709,2025-12-24,Delivered,172.66
578,CUST854,2026-03-27,Returned,146.76
579,CUST558,2025-06-16,Cancelled,159.49
580,CUST168,2025-12-27,Delivered,181.7
581,CUST9,2025-09-21,Returned,98.67
582,CUST982,2025-11-07,Cancelled,36.5
583,CUST381,2026-04-06,Cancelled,165.06
584,CUST984,2026-04-30,Returned,62.47
585,CUST974,2025-05-30,Returned,163.11
586,CUST152,2025-11-05,Delivered,101.0
587,CUST495,2025-07-10,Cancelled,94.36
588,CUST445,2026-03-20,Delivered,145.07
589,CUST407,2025-07-17,Cancelled,59.56
590,CUST496,2025-12-05,Cancelled,112.91
591,CUST560,2026-01-27,Returned,99.0
592,CUST531,2025-05-30,Cancelled,50.61
593,CUST748,2025-06-21,Delivered,28.13
594,CUST631,2026-03-03,Delivered,128.83
595,CUST811,2025-11-19,Cancelled,103.44
596,CUST521,2025-11-23,Returned,74.48
597,CUST628,2025-08-17,Delivered,179.14
598,CUST202,2025-09-16,Cancelled,120.85
599,CUST876,2025-06-21,Returned,105.83
600,CUST920,2025-08-30,Cancelled,160.95
601,CUST86,2025-07-16,Cancelled,97.64
602,CUST267,2025-10-19,Returned,172.59
603,CUST574,2025-10-22,Cancelled,129.97
604,CUST404,2025-09-15,Cancelled,33.55
605,CUST807,2026-01-20,Delivered,165.16
606,CUST487,2026-01-12,Cancelled,68.69
607,CUST430,2026-01-21,Returned,141.91
608,CUST37,2026-04-14,Returned,179.32
609,CUST473,2026-03-06,Returned,181.46
610,CUST727,2026-01-25,Cancelled,70.86
611,CUST676,2026-02-23,Delivered,140.35
612,CUST125,2026-01-13,Delivered,106.95
613,CUST730,2026-02-17,Returned,179.69
614,CUST669,2026-01-09,Returned,198.38
615,CUST338,2025-12-23,Returned,194.23
616,CUST448,2025-10-28,Delivered,55.89
617,CUST922,2026-02-18,Cancelled,99.98
618,CUST928,2026-05-14,Cancelled,68.1
619,CUST611,2025-07-05,Cancelled,45.74
620,CUST507,2025-11-16,Returned,191.71
621,CUST496,2025-08-19,Delivered,41.99
622,CUST107,2025-05-29,Returned,71.21
623,CUST720,2026-04-11,Cancelled,189.93
624,CUST836,2026-01-08,Returned,43.55
625,CUST562,2025-08-30,Delivered,82.85
626,CUST789,2025-10-21,Delivered,142.12
627,CUST505,2025-08-12,Returned,186.17
628,CUST987,2025-12-14,Cancelled,134.45
629,CUST803,2026-01-18,Delivered,177.11
630,CUST769,2026-01-09,Cancelled,71.44
631,CUST306,2026-01-07,Delivered,99.39
632,CUST99,2025-07-27,Returned,86.16
633,CUST462,2025-09-19,Cancelled,68.33
634,CUST835,2025-12-08,Returned,61.86
635,CUST239,2025-06-16,Delivered,182.17
636,CUST838,2026-02-13,Returned,177.07
637,CUST15,2025-10-08,Returned,67.32
638,CUST182,2025-10-10,Cancelled,46.78
639,CUST577,2025-12-07,Delivered,22.86
640,CUST881,2025-11-29,Returned,98.57
641,CUST593,2025-09-17,Cancelled,95.46
642,CUST976,2025-06-14,Cancelled,110.37
643,CUST894,2026-02-18,Returned,132.87
644,CUST81,2025-05-18,Delivered,82.44
645,CUST61,2025-10-21,Returned,143.63
646,CUST954,2026-01-21,Delivered,156.14
647,CUST116,2026-04-09,Cancelled,160.37
648,CUST872,2025-05-21,Returned,30.68
649,CUST539,2025-07-20,Returned,131.23
650,CUST162,2025-12-24,Returned,112.95
651,CUST525,2025-08-06,Delivered,86.69
652,CUST634,2026-02-09,Returned,36.0
653,CUST263,2025-07-08,Returned,141.68
654,CUST276,2025-11-30,Returned,122.82
655,CUST344,2025-09-19,Cancelled,116.13
656,CUST445,2025-12-12,Cancelled,95.08
657,CUST184,2026-04-21,Returned,87.86
658,CUST247,2025-06-21,Delivered,133.18
659,CUST942,2026-01-19,Returned,38.1
660,CUST276,2025-09-21,Delivered,103.45
661,CUST472,2026-01-24,Returned,171.11
662,CUST827,2025-11-27,Delivered,25.28
663,CUST190,2026-04-22,Delivered,95.13
664,CUST291,2026-03-20,Delivered,102.1
665,CUST117,2025-09-26,Cancelled,186.28
666,CUST597,2026-01-28,Cancelled,71.97
667,CUST632,2026-02-05,Cancelled,76.75
668,CUST476,2025-06-26,Returned,41.01
669,CUST930,2026-02-08,Returned,133.82
670,CUST376,2025-10-26,Cancelled,81.49
671,CUST856,2026-05-04,Returned,154.61
672,CUST848,2025-11-28,Delivered,124.39
673,CUST23,2025-06-08,Delivered,66.06
674,CUST332,2025-08-13,Delivered,32.29
675,CUST717,2025-10-08,Returned,75.78
676,CUST725,2026-04-17,Delivered,106.83
677,CUST111,2026-02-24,Cancelled,97.19
678,CUST127,2026-02-22,Cancelled,124.17
679,CUST11,2026-03-24,Delivered,58.93
680,CUST639,2025-11-18,Delivered,150.84
681,CUST253,2026-04-21,Delivered,101.36
682,CUST271,2025-06-08,Returned,133.58
683,CUST222,2025-09-02,Cancelled,131.98
684,CUST822,2025-06-19,Delivered,30.75
685,CUST280,2025-10-04,Delivered,187.45
686,CUST442,2025-08-16,Cancelled,43.14
687,CUST460,2025-12-23,Cancelled,147.63
688,CUST348,2026-03-24,Cancelled,47.12
689,CUST514,2025-11-27,Returned,103.53
690,CUST637,2026-04-27,Cancelled,81.25
691,CUST780,2025-05-28,Delivered,199.3
692,CUST261,2026-02-03,Returned,100.93
693,CUST392,2025-10-23,Returned,138.86
694,CUST432,2025-08-23,Cancelled,122.7
695,CUST546,2025-12-10,Cancelled,138.28
696,CUST114,2026-02-11,Returned,83.73
697,CUST89,2025-07-10,Returned,182.46
698,CUST177,2026-05-13,Delivered,32.35
699,CUST17,2025-07-08,Delivered,29.41
700,CUST841,2025-07-11,Cancelled,144.49
701,CUST830,2025-12-29,Returned,86.16
702,CUST749,2026-04-21,Delivered,51.78
703,CUST105,2025-09-02,Returned,71.99
704,CUST5,2025-10-22,Cancelled,94.68
705,CUST876,2026-03-19,Delivered,176.13
706,CUST335,2026-02-10,Delivered,155.97
707,CUST674,2026-04-19,Cancelled,177.03
708,CUST11,2025-09-16,Cancelled,58.9
709,CUST102,2026-01-18,Returned,147.19
710,CUST319,2025-08-10,Cancelled,164.4
711,CUST250,2026-05-15,Cancelled,143.68
712,CUST3,2026-03-24,Delivered,134.06
713,CUST27,2025-07-31,Delivered,120.9
714,CUST451,2025-06-10,Cancelled,119.53
715,CUST617,2025-08-27,Delivered,133.95
716,CUST959,2025-11-30,Delivered,77.75
717,CUST527,2025-08-02,Delivered,72.9
718,CUST398,2025-12-04,Cancelled,133.91
719,CUST890,2026-01-13,Delivered,59.88
720,CUST919,2026-01-05,Delivered,180.67
721,CUST314,2025-09-17,Delivered,24.2
722,CUST399,2026-04-18,Cancelled,161.61
723,CUST790,2025-07-12,Returned,169.07
724,CUST596,2026-04-14,Delivered,73.45
725,CUST304,2026-02-23,Returned,103.7
726,CUST802,2025-11-10,Returned,134.55
727,CUST760,2025-09-15,Delivered,164.04
728,CUST112,2025-12-03,Cancelled,141.07
729,CUST166,2026-03-10,Delivered,108.17
730,CUST248,2025-09-09,Cancelled,81.76
731,CUST934,2026-01-14,Returned,180.97
732,CUST673,2026-03-07,Cancelled,113.32
733,CUST187,2025-10-10,Delivered,53.32
734,CUST119,2025-08-08,Delivered,27.61
735,CUST829,2025-06-11,Returned,46.34
736,CUST873,2025-06-20,Cancelled,82.83
737,CUST509,2025-10-11,Delivered,160.7
738,CUST908,2026-01-18,Delivered,55.96
739,CUST355,2026-01-14,Delivered,189.56
740,CUST464,2025-10-04,Cancelled,196.4
741,CUST448,2025-11-22,Cancelled,77.58
742,CUST820,2026-03-05,Cancelled,54.9
743,CUST434,2025-05-25,Returned,117.74
744,CUST151,2025-12-12,Delivered,25.24
745,CUST235,2025-09-23,Delivered,99.07
746,CUST838,2026-05-09,Delivered,191.37
747,CUST615,2025-11-01,Delivered,195.03
748,CUST631,2025-10-13,Cancelled,189.26
749,CUST562,2025-10-31,Delivered,136.98
750,CUST135,2025-10-15,Cancelled,194.37
751,CUST846,2025-06-23,Returned,44.69
752,CUST548,2025-10-26,Delivered,75.33
753,CUST504,2025-06-14,Delivered,160.14
754,CUST568,2025-06-29,Delivered,136.91
755,CUST798,2026-02-27,Cancelled,44.18
756,CUST661,2025-05-31,Returned,155.03
757,CUST432,2025-09-05,Cancelled,95.1
758,CUST835,2025-07-05,Returned,190.6
759,CUST267,2025-05-21,Returned,53.48
760,CUST390,2025-12-05,Delivered,83.69
761,CUST827,2025-06-27,Returned,95.78
762,CUST775,2026-01-16,Cancelled,113.87
763,CUST119,2025-08-12,Returned,189.62
764,CUST838,2026-01-02,Cancelled,179.06
765,CUST334,2025-05-18,Returned,149.65
766,CUST464,2026-03-07,Cancelled,40.28
767,CUST519,2025-12-28,Returned,198.16
768,CUST531,2025-06-03,Delivered,35.49
769,CUST941,2025-05-29,Delivered,113.09
770,CUST714,2025-09-28,Cancelled,136.02
771,CUST445,2025-06-13,Returned,128.48
772,CUST950,2025-07-12,Cancelled,30.28
773,CUST243,2025-06-10,Cancelled,145.63
774,CUST585,2026-05-09,Returned,161.95
775,CUST508,2026-01-10,Cancelled,132.74
776,CUST124,2025-10-02,Delivered,22.08
777,CUST715,2025-09-04,Cancelled,171.91
778,CUST422,2026-03-28,Delivered,22.69
779,CUST285,2026-02-01,Cancelled,98.21
780,CUST59,2025-09-24,Delivered,30.49
781,CUST248,2025-07-25,Returned,93.48
782,CUST29,2026-05-10,Delivered,160.99
783,CUST511,2025-11-25,Delivered,81.79
784,CUST259,2026-03-19,Delivered,183.15
785,CUST223,2025-12-27,Delivered,77.4
786,CUST690,2025-11-07,Returned,131.68
787,CUST440,2026-04-22,Returned,92.26
788,CUST725,2026-01-11,Delivered,96.69
789,CUST61,2026-02-23,Delivered,49.51
790,CUST192,2026-02-17,Returned,169.81
791,CUST842,2026-02-14,Returned,60.71
792,CUST109,2026-04-03,Delivered,143.82
793,CUST516,2025-10-20,Returned,34.25
794,CUST361,2025-06-07,Cancelled,39.42
795,CUST241,2025-12-24,Returned,63.37
796,CUST760,2025-09-14,Cancelled,72.95
797,CUST38,2025-05-24,Returned,84.29
798,CUST615,2026-03-07,Cancelled,155.62
799,CUST598,2026-02-07,Cancelled,112.37
800,CUST246,2025-08-26,Delivered,26.1
801,CUST135,2025-10-09,Delivered,118.11
802,CUST969,2025-06-08,Returned,99.75
803,CUST352,2025-07-17,Delivered,113.82
804,CUST983,2026-03-05,Delivered,42.19
805,CUST195,2025-12-23,Returned,101.52
806,CUST365,2026-01-21,Cancelled,173.14
807,CUST828,2025-12-06,Returned,31.77
808,CUST49,2025-11-12,Delivered,45.8
809,CUST76,2025-09-03,Returned,171.01
810,CUST274,2026-02-15,Returned,166.7
811,CUST312,2025-08-04,Returned,120.25
812,CUST115,2025-12-15,Returned,48.81
813,CUST581,2026-03-25,Delivered,163.68
814,CUST1,2026-03-30,Returned,161.94
815,CUST689,2025-10-02,Cancelled,185.26
816,CUST165,2025-05-18,Delivered,178.38
817,CUST252,2025-11-19,Returned,60.01
818,CUST944,2026-02-15,Returned,160.68
819,CUST174,2025-10-23,Returned,46.32
820,CUST671,2025-10-03,Delivered,167.67
821,CUST485,2025-09-30,Returned,172.04
822,CUST915,2025-12-07,Cancelled,27.09
823,CUST134,2025-12-10,Delivered,43.69
824,CUST346,2026-03-18,Returned,175.31
825,CUST109,2026-01-28,Returned,75.9
826,CUST970,2025-12-21,Returned,196.87
827,CUST776,2025-09-13,Delivered,70.67
828,CUST654,2025-06-11,Cancelled,117.98
829,CUST262,2025-06-22,Delivered,76.36
830,CUST930,2025-09-13,Cancelled,83.56
831,CUST458,2025-09-20,Delivered,110.96
832,CUST65,2026-03-12,Delivered,74.05
833,CUST602,2025-08-30,Cancelled,101.33
834,CUST75,2026-01-14,Delivered,80.39
835,CUST852,2025-10-12,Cancelled,63.76
836,CUST990,2025-12-02,Cancelled,186.19
837,CUST766,2025-05-31,Returned,158.86
838,CUST616,2025-08-12,Delivered,25.83
839,CUST285,2025-05-26,Cancelled,153.97
840,CUST60,2026-02-22,Cancelled,134.53
841,CUST482,2025-07-12,Cancelled,21.62
842,CUST797,2026-01-06,Delivered,80.44
843,CUST531,2026-03-12,Returned,194.77
844,CUST712,2026-01-28,Cancelled,24.06
845,CUST800,2025-08-19,Delivered,166.46
846,CUST863,2026-05-01,Cancelled,176.61
847,CUST684,2025-05-22,Delivered,87.6
848,CUST337,2026-03-19,Cancelled,135.37
849,CUST533,2025-05-22,Delivered,35.35
850,CUST530,2026-04-21,Returned,49.09
851,CUST608,2026-05-13,Delivered,45.0
852,CUST439,2026-01-10,Cancelled,104.87
853,CUST392,2025-08-13,Returned,41.83
854,CUST219,2026-01-27,Returned,21.83
855,CUST581,2026-05-06,Returned,84.23
856,CUST17,2026-01-23,Cancelled,37.74
857,CUST16,2025-08-05,Delivered,25.42
858,CUST156,2026-04-10,Cancelled,47.28
859,CUST73,2025-06-12,Returned,41.48
860,CUST37,2025-08-17,Returned,154.07
861,CUST219,2025-07-21,Returned,40.36
862,CUST654,2026-02-21,Returned,42.62
863,CUST49,2025-11-13,Cancelled,80.89
864,CUST900,2026-01-07,Delivered,120.52
865,CUST10,2026-03-11,Returned,129.5
866,CUST562,2026-02-15,Returned,162.71
867,CUST593,2025-12-25,Delivered,87.38
868,CUST847,2026-02-06,Cancelled,80.32
869,CUST467,2026-03-04,Delivered,193.7
870,CUST737,2026-03-06,Returned,24.16
871,CUST197,2026-03-24,Delivered,58.22
872,CUST404,2025-08-02,Returned,187.69
873,CUST994,2025-06-15,Cancelled,117.53
874,CUST430,2026-02-14,Returned,161.8
875,CUST1000,2025-08-08,Cancelled,77.06
876,CUST885,2025-06-12,Cancelled,88.95
877,CUST455,2025-10-23,Delivered,73.18
878,CUST252,2026-05-15,Cancelled,163.9
879,CUST774,2026-04-29,Returned,74.49
880,CUST622,2025-08-11,Delivered,148.11
881,CUST651,2025-11-13,Cancelled,41.02
882,CUST890,2026-02-24,Cancelled,88.67
883,CUST324,2026-04-14,Returned,83.4
884,CUST550,2026-04-25,Delivered,73.45
885,CUST734,2025-06-01,Cancelled,59.72
886,CUST807,2026-03-25,Cancelled,148.18
887,CUST63,2025-10-31,Returned,79.61
888,CUST107,2026-05-06,Cancelled,107.98
889,CUST182,2025-12-24,Delivered,23.71
890,CUST646,2025-09-27,Returned,108.99
891,CUST145,2025-07-26,Delivered,174.91
892,CUST879,2025-12-19,Delivered,66.34
893,CUST492,2026-01-06,Returned,128.08
894,CUST790,2025-08-30,Cancelled,119.67
895,CUST363,2025-07-28,Delivered,163.3
896,CUST134,2025-12-01,Delivered,71.32
897,CUST860,2026-04-25,Returned,131.27
898,CUST474,2025-09-21,Delivered,157.18
899,CUST550,2026-02-13,Returned,167.91
900,CUST13,2025-09-03,Delivered,83.91
901,CUST294,2026-03-26,Cancelled,159.08
902,CUST711,2025-12-18,Cancelled,22.49
903,CUST119,2026-03-22,Delivered,126.01
904,CUST416,2026-02-24,Delivered,64.35
905,CUST261,2025-10-09,Cancelled,194.65
906,CUST863,2026-03-31,Delivered,162.81
907,CUST410,2025-08-28,Delivered,63.28
908,CUST638,2025-07-20,Returned,126.79
909,CUST664,2026-01-29,Cancelled,44.86
910,CUST820,2026-01-27,Delivered,116.09
911,CUST50,2026-05-07,Cancelled,74.49
912,CUST561,2026-02-25,Delivered,171.6
913,CUST31,2026-04-29,Cancelled,116.96
914,CUST552,2025-07-01,Cancelled,91.81
915,CUST799,2026-01-23,Delivered,151.41
916,CUST473,2025-06-12,Returned,191.66
917,CUST387,2025-10-05,Cancelled,85.02
918,CUST226,2026-04-17,Returned,84.04
919,CUST564,2025-06-19,Returned,152.01
920,CUST903,2025-06-04,Returned,67.63
921,CUST936,2025-06-28,Returned,37.84
922,CUST71,2026-01-13,Returned,72.75
923,CUST266,2026-01-17,Returned,150.5
924,CUST279,2025-06-27,Returned,132.96
925,CUST645,2026-04-12,Cancelled,82.53
926,CUST184,2025-12-05,Cancelled,193.45
927,CUST371,2025-09-25,Cancelled,43.61
928,CUST926,2026-02-25,Cancelled,119.24
929,CUST591,2025-05-22,Cancelled,23.81
930,CUST128,2026-03-23,Returned,78.82
931,CUST201,2025-10-12,Returned,174.56
932,CUST813,2025-10-14,Cancelled,59.22
933,CUST500,2025-09-28,Delivered,163.05
934,CUST578,2025-08-23,Cancelled,182.04
935,CUST882,2026-04-11,Cancelled,188.04
936,CUST893,2026-03-04,Cancelled,64.12
937,CUST411,2025-06-21,Returned,161.17
938,CUST341,2025-10-18,Returned,174.9
939,CUST506,2025-06-02,Delivered,65.63
940,CUST881,2026-02-23,Cancelled,136.34
941,CUST751,2025-10-28,Returned,123.44
942,CUST734,2025-11-17,Cancelled,167.07
943,CUST258,2026-02-07,Returned,37.5
944,CUST811,2025-12-14,Delivered,128.15
945,CUST890,2026-03-30,Delivered,138.3
946,CUST432,2025-06-01,Returned,61.78
947,CUST947,2026-03-31,Cancelled,133.68
948,CUST995,2025-12-26,Returned,63.06
949,CUST675,2025-12-02,Delivered,198.39
950,CUST896,2026-03-14,Cancelled,84.26
951,CUST858,2025-06-17,Cancelled,63.22
952,CUST15,2026-02-18,Returned,71.88
953,CUST492,2025-06-11,Delivered,66.24
954,CUST911,2025-05-23,Delivered,59.77
955,CUST716,2026-05-05,Returned,173.73
956,CUST267,2025-06-29,Delivered,198.58
957,CUST619,2025-11-26,Returned,119.13
958,CUST924,2025-12-05,Returned,60.15
959,CUST53,2025-06-23,Cancelled,55.84
960,CUST243,2025-11-05,Cancelled,38.92
961,CUST432,2025-06-15,Cancelled,106.12
962,CUST848,2025-10-27,Cancelled,45.05
963,CUST177,2025-12-12,Cancelled,26.54
964,CUST151,2026-03-05,Delivered,33.82
965,CUST682,2026-01-07,Returned,44.78
966,CUST661,2025-10-03,Cancelled,145.79
967,CUST795,2025-07-27,Delivered,135.15
968,CUST820,2025-11-15,Cancelled,50.5
969,CUST592,2026-02-11,Returned,44.08
970,CUST328,2026-03-18,Cancelled,45.22
971,CUST816,2026-04-09,Delivered,25.52
972,CUST570,2026-04-28,Returned,79.51
973,CUST280,2025-12-03,Cancelled,25.03
974,CUST562,2025-09-02,Delivered,70.84
975,CUST702,2026-02-04,Returned,48.61
976,CUST355,2026-01-25,Returned,28.87
977,CUST314,2025-10-24,Delivered,88.9
978,CUST5,2025-08-25,Delivered,62.62
979,CUST601,2025-10-08,Returned,191.09
980,CUST814,2025-11-11,Delivered,61.19
981,CUST288,2026-05-14,Returned,30.64
982,CUST679,2026-04-24,Returned,172.49
983,CUST915,2026-02-11,Returned,83.34
984,CUST709,2026-01-23,Cancelled,115.31
985,CUST78,2025-12-25,Delivered,44.46
986,CUST161,2025-07-02,Returned,109.57
987,CUST183,2026-02-14,Delivered,78.29
988,CUST678,2025-09-18,Cancelled,23.16
989,CUST284,2025-11-04,Cancelled,196.82
990,CUST676,2025-08-05,Returned,29.29
991,CUST275,2025-06-02,Cancelled,169.69
992,CUST677,2025-05-22,Cancelled,41.99
993,CUST298,2025-05-15,Delivered,181.14
994,CUST646,2025-06-25,Delivered,174.57
995,CUST544,2025-07-25,Cancelled,190.34
996,CUST662,2026-02-26,Delivered,67.88
997,CUST829,2025-07-14,Delivered,196.19
998,CUST915,2025-10-05,Returned,29.64
999,CUST99,2026-02-04,Delivered,190.34
1000,CUST821,2025-10-22,Returned,142.96
1001,CUST141,2025-10-22,Returned,24.48
1002,CUST580,2025-11-13,Delivered,133.87
1003,CUST167,2025-07-16,Returned,128.45
1004,CUST698,2025-08-25,Returned,59.03
1005,CUST799,2026-01-26,Cancelled,129.5
1006,CUST677,2025-06-28,Returned,185.34
1007,CUST277,2026-02-24,Returned,190.2
1008,CUST349,2025-12-04,Cancelled,99.83
1009,CUST418,2025-07-12,Delivered,154.52
1010,CUST572,2026-04-20,Cancelled,120.91
1011,CUST41,2026-02-18,Returned,45.06
1012,CUST193,2025-09-23,Returned,135.13
1013,CUST882,2026-03-25,Delivered,68.61
1014,CUST813,2025-12-17,Returned,47.46
1015,CUST273,2025-10-05,Returned,107.68
1016,CUST483,2026-01-28,Cancelled,188.52
1017,CUST143,2025-05-15,Cancelled,20.7
1018,CUST661,2025-07-18,Delivered,22.56
1019,CUST127,2026-03-12,Delivered,198.15
1020,CUST696,2025-05-26,Returned,131.85
1021,CUST940,2026-01-24,Delivered,197.14
1022,CUST755,2026-02-07,Cancelled,126.11
1023,CUST736,2025-12-05,Delivered,33.48
1024,CUST513,2025-05-30,Returned,153.9
1025,CUST14,2025-09-08,Returned,161.97
1026,CUST1000,2026-03-05,Returned,151.32
1027,CUST611,2026-04-16,Delivered,174.97
1028,CUST239,2026-04-28,Delivered,40.78
1029,CUST892,2025-06-26,Cancelled,135.92
1030,CUST510,2025-11-09,Cancelled,185.03
1031,CUST841,2026-05-07,Returned,95.87
1032,CUST165,2025-10-11,Cancelled,116.95
1033,CUST740,2026-05-03,Returned,43.47
1034,CUST366,2025-12-26,Delivered,75.21
1035,CUST669,2026-01-10,Returned,29.61
1036,CUST975,2025-10-30,Returned,174.98
1037,CUST707,2025-11-06,Cancelled,84.23
1038,CUST3,2025-11-20,Returned,134.22
1039,CUST676,2026-03-07,Returned,163.92
1040,CUST525,2026-04-24,Cancelled,190.57
1041,CUST225,2026-05-04,Cancelled,136.98
1042,CUST492,2025-12-03,Delivered,31.67
1043,CUST448,2026-02-19,Returned,104.49
1044,CUST109,2026-02-05,Delivered,78.69
1045,CUST9,2026-01-11,Cancelled,61.13
1046,CUST506,2026-04-28,Delivered,93.44
1047,CUST79,2025-07-25,Returned,173.06
1048,CUST788,2025-07-05,Delivered,109.17
1049,CUST839,2025-06-25,Delivered,78.49
1050,CUST364,2026-05-07,Cancelled,77.61
1051,CUST66,2025-12-12,Delivered,35.83
1052,CUST649,2026-04-02,Cancelled,115.28
1053,CUST769,2026-02-18,Cancelled,67.39
1054,CUST768,2026-01-06,Returned,66.52
1055,CUST963,2026-02-23,Returned,187.07
1056,CUST888,2026-01-01,Delivered,64.13
1057,CUST230,2026-04-28,Delivered,45.05
1058,CUST829,2026-05-08,Delivered,65.25
1059,CUST479,2025-09-04,Cancelled,187.38
1060,CUST315,2025-09-23,Delivered,48.7
1061,CUST214,2025-12-02,Returned,93.37
1062,CUST286,2025-11-05,Delivered,103.68
1063,CUST487,2025-07-04,Cancelled,98.48
1064,CUST56,2026-05-10,Returned,33.11
1065,CUST659,2025-06-07,Delivered,105.7
1066,CUST690,2025-06-12,Delivered,65.57
1067,CUST515,2025-07-19,Returned,172.62
1068,CUST139,2025-11-30,Returned,27.68
1069,CUST608,2026-01-15,Cancelled,99.64
1070,CUST979,2025-06-24,Cancelled,52.22
1071,CUST666,2026-03-02,Returned,87.22
1072,CUST113,2026-04-21,Delivered,106.92
1073,CUST413,2025-06-16,Delivered,166.08
1074,CUST444,2026-03-04,Delivered,67.6
1075,CUST919,2025-09-19,Cancelled,67.74
1076,CUST444,2025-09-16,Returned,185.18
1077,CUST443,2026-01-27,Returned,160.36
1078,CUST606,2025-08-03,Delivered,26.23
1079,CUST857,2025-11-11,Cancelled,135.87
1080,CUST945,2025-06-21,Returned,85.02
1081,CUST733,2025-11-07,Returned,90.64
1082,CUST839,2025-11-24,Returned,142.6
1083,CUST650,2026-02-06,Returned,91.91
1084,CUST216,2025-06-28,Cancelled,191.91
1085,CUST85,2025-11-09,Delivered,21.2
1086,CUST850,2026-03-08,Delivered,152.75
1087,CUST606,2025-12-20,Delivered,125.94
1088,CUST196,2025-09-18,Cancelled,147.71
1089,CUST274,2025-09-03,Delivered,190.49
1090,CUST132,2025-11-28,Delivered,196.65
1091,CUST605,2026-01-28,Delivered,155.11
1092,CUST842,2026-02-15,Returned,85.44
1093,CUST816,2026-03-23,Returned,119.4
1094,CUST204,2026-02-07,Delivered,64.3
1095,CUST145,2026-04-15,Cancelled,156.74
1096,CUST183,2025-11-20,Cancelled,67.47
1097,CUST514,2025-07-14,Returned,122.35
1098,CUST238,2025-12-13,Cancelled,189.28
1099,CUST672,2026-01-16,Delivered,153.54
1100,CUST199,2025-10-06,Delivered,115.95
1101,CUST676,2026-03-26,Delivered,51.62
1102,CUST887,2025-07-25,Returned,79.71
1103,CUST598,2025-06-26,Cancelled,188.03
1104,CUST649,2025-12-25,Returned,156.02
1105,CUST607,2025-10-03,Returned,42.63
1106,CUST939,2026-05-10,Cancelled,196.29
1107,CUST238,2025-06-05,Returned,157.24
1108,CUST417,2026-05-07,Returned,152.19
1109,CUST602,2026-04-16,Returned,23.72
1110,CUST164,2026-03-23,Delivered,97.85
1111,CUST121,2025-06-24,Cancelled,36.14
1112,CUST50,2026-01-12,Returned,113.05
1113,CUST585,2025-06-24,Returned,23.5
1114,CUST488,2025-07-17,Returned,174.43
1115,CUST591,2026-01-23,Returned,167.78
1116,CUST919,2025-12-02,Cancelled,66.24
1117,CUST131,2025-07-31,Cancelled,107.38
1118,CUST97,2026-03-12,Cancelled,192.44
1119,CUST313,2025-11-01,Cancelled,168.66
1120,CUST732,2025-11-01,Returned,174.02
1121,CUST531,2025-10-24,Cancelled,88.86
1122,CUST408,2025-05-28,Delivered,33.28
1123,CUST995,2025-11-02,Delivered,62.19
1124,CUST505,2025-11-16,Cancelled,71.72
1125,CUST689,2025-05-15,Delivered,125.85
1126,CUST756,2025-09-12,Cancelled,144.58
1127,CUST782,2025-12-30,Returned,87.69
1128,CUST826,2025-07-03,Delivered,173.17
1129,CUST597,2025-09-06,Returned,194.2
1130,CUST988,2025-05-23,Cancelled,127.2
1131,CUST621,2026-04-30,Returned,119.11
1132,CUST931,2026-05-09,Cancelled,175.16
1133,CUST310,2026-03-01,Cancelled,156.07
1134,CUST123,2025-07-01,Returned,48.41
1135,CUST445,2026-01-14,Returned,90.74
1136,CUST505,2026-04-26,Delivered,114.65
1137,CUST925,2026-03-26,Returned,172.32
1138,CUST93,2026-03-05,Cancelled,189.62
1139,CUST897,2026-03-20,Returned,30.73
1140,CUST696,2025-09-24,Delivered,66.9
1141,CUST114,2026-04-27,Returned,35.57
1142,CUST544,2025-08-21,Returned,136.51
1143,CUST523,2025-08-03,Cancelled,78.13
1144,CUST701,2025-08-06,Cancelled,35.7
1145,CUST533,2026-05-03,Delivered,178.55
1146,CUST518,2025-11-06,Delivered,100.7
1147,CUST926,2025-10-27,Returned,173.53
1148,CUST132,2025-06-07,Cancelled,189.35
1149,CUST185,2026-01-05,Delivered,186.46
1150,CUST296,2025-06-09,Returned,56.93
1151,CUST626,2025-08-06,Cancelled,73.49
1152,CUST939,2025-08-15,Returned,181.65
1153,CUST609,2025-08-16,Delivered,51.02
1154,CUST391,2025-05-21,Returned,171.6
1155,CUST714,2026-04-16,Returned,178.88
1156,CUST756,2025-09-10,Delivered,57.04
1157,CUST941,2025-09-09,Delivered,178.07
1158,CUST523,2026-03-23,Returned,191.43
1159,CUST865,2025-12-17,Delivered,137.59
1160,CUST937,2026-05-01,Cancelled,180.59
1161,CUST699,2025-11-11,Delivered,160.77
1162,CUST488,2025-08-06,Delivered,194.86
1163,CUST378,2025-11-23,Cancelled,132.09
1164,CUST112,2026-01-20,Returned,160.03
1165,CUST94,2025-08-26,Delivered,111.77
1166,CUST171,2025-10-30,Cancelled,50.04
1167,CUST728,2026-01-18,Returned,144.22
1168,CUST828,2026-05-07,Cancelled,45.29
1169,CUST759,2025-05-17,Cancelled,154.57
1170,CUST771,2025-12-13,Delivered,176.21
1171,CUST638,2025-09-25,Cancelled,25.18
1172,CUST764,2025-05-23,Returned,193.05
1173,CUST498,2026-02-16,Cancelled,89.08
1174,CUST92,2026-05-06,Cancelled,59.85
1175,CUST135,2025-07-08,Delivered,175.9
1176,CUST570,2026-05-01,Delivered,63.25
1177,CUST839,2025-06-10,Returned,151.71
1178,CUST919,2025-06-05,Cancelled,185.95
1179,CUST452,2025-10-11,Returned,173.52
1180,CUST759,2025-10-17,Delivered,181.25
1181,CUST73,2026-04-16,Returned,53.48
1182,CUST770,2026-04-18,Delivered,106.15
1183,CUST705,2025-12-06,Cancelled,66.02
1184,CUST723,2026-01-28,Cancelled,141.86
1185,CUST141,2025-12-24,Delivered,77.33
1186,CUST847,2025-06-23,Returned,59.45
1187,CUST920,2025-10-29,Delivered,86.48
1188,CUST547,2025-11-21,Returned,21.98
1189,CUST422,2025-07-07,Cancelled,107.56
1190,CUST390,2026-03-09,Delivered,165.47
1191,CUST332,2025-09-29,Returned,30.48
1192,CUST32,2025-08-01,Returned,158.84
1193,CUST501,2025-10-15,Cancelled,56.71
1194,CUST570,2025-07-04,Cancelled,156.82
1195,CUST306,2026-03-22,Returned,172.25
1196,CUST616,2025-09-07,Delivered,192.79
1197,CUST245,2026-01-14,Cancelled,183.67
1198,CUST955,2025-10-03,Delivered,60.49
1199,CUST328,2026-02-13,Delivered,51.71
1200,CUST364,2026-02-10,Cancelled,74.65
1201,CUST893,2026-01-25,Delivered,53.88
1202,CUST380,2025-09-15,Cancelled,101.92
1203,CUST765,2025-09-07,Returned,197.57
1204,CUST26,2025-06-24,Returned,119.76
1205,CUST453,2025-07-12,Returned,154.62
1206,CUST994,2025-12-15,Returned,139.19
1207,CUST167,2026-02-12,Cancelled,96.04
1208,CUST957,2026-03-12,Returned,145.22
1209,CUST484,2026-01-26,Delivered,75.56
1210,CUST313,2025-06-26,Returned,179.32
1211,CUST309,2026-02-03,Delivered,70.61
1212,CUST707,2025-08-03,Returned,27.42
1213,CUST894,2025-06-22,Cancelled,104.02
1214,CUST149,2025-05-16,Delivered,186.48
1215,CUST66,2025-05-27,Returned,88.49
1216,CUST753,2025-07-24,Cancelled,103.33
1217,CUST501,2025-12-09,Cancelled,130.8
1218,CUST949,2025-10-12,Returned,147.49
1219,CUST820,2026-03-01,Returned,74.68
1220,CUST538,2026-04-02,Returned,125.81
1221,CUST533,2025-07-28,Cancelled,99.83
1222,CUST248,2026-03-17,Returned,131.4
1223,CUST900,2025-11-29,Returned,77.64
1224,CUST685,2025-06-01,Cancelled,184.1
1225,CUST29,2025-08-20,Returned,127.63
1226,CUST730,2026-04-27,Returned,41.14
1227,CUST139,2025-11-05,Delivered,101.06
1228,CUST771,2026-01-26,Cancelled,85.89
1229,CUST958,2026-04-10,Returned,126.69
1230,CUST574,2025-07-02,Returned,117.39
1231,CUST600,2026-04-17,Delivered,164.32
1232,CUST121,2025-12-29,Cancelled,194.18
1233,CUST494,2026-03-17,Cancelled,51.58
1234,CUST624,2025-05-21,Returned,78.05
1235,CUST174,2025-06-07,Delivered,150.55
1236,CUST367,2025-07-02,Cancelled,98.06
1237,CUST851,2025-10-01,Returned,51.17
1238,CUST868,2025-06-23,Delivered,36.75
1239,CUST181,2025-06-18,Returned,117.44
1240,CUST387,2025-08-26,Returned,65.51
1241,CUST54,2025-06-04,Delivered,85.53
1242,CUST34,2025-08-05,Returned,165.21
1243,CUST662,2026-02-24,Returned,96.08
1244,CUST705,2026-02-20,Delivered,188.25
1245,CUST869,2025-08-27,Delivered,121.99
1246,CUST803,2025-12-30,Delivered,80.46
1247,CUST247,2025-09-21,Delivered,97.44
1248,CUST96,2026-04-03,Delivered,145.56
1249,CUST822,2026-03-20,Delivered,186.58
1250,CUST855,2026-03-06,Returned,184.89
1251,CUST70,2025-07-25,Returned,28.43
1252,CUST303,2025-12-21,Delivered,97.19
1253,CUST916,2026-01-29,Cancelled,145.84
1254,CUST115,2025-11-14,Cancelled,149.78
1255,CUST824,2026-04-16,Cancelled,129.44
1256,CUST649,2025-08-27,Delivered,28.12
1257,CUST446,2026-03-29,Cancelled,168.16
1258,CUST963,2025-05-19,Cancelled,60.75
1259,CUST247,2025-07-03,Returned,144.6
1260,CUST803,2025-05-27,Returned,133.05
1261,CUST609,2025-05-25,Cancelled,46.13
1262,CUST575,2026-03-11,Delivered,102.14
1263,CUST598,2025-07-03,Cancelled,153.05
1264,CUST237,2025-09-05,Cancelled,186.73
1265,CUST581,2025-06-08,Delivered,108.7
1266,CUST75,2025-05-30,Returned,146.87
1267,CUST336,2025-10-01,Delivered,73.88
1268,CUST824,2026-04-06,Delivered,174.52
1269,CUST851,2025-08-01,Returned,123.97
1270,CUST832,2026-04-01,Delivered,27.86
1271,CUST742,2026-01-21,Returned,191.44
1272,CUST21,2025-10-06,Cancelled,69.51
1273,CUST748,2025-07-12,Cancelled,57.37
1274,CUST725,2025-10-26,Returned,52.09
1275,CUST246,2025-09-07,Returned,196.2
1276,CUST444,2026-03-23,Delivered,143.6
1277,CUST714,2025-10-07,Delivered,139.4
1278,CUST196,2025-09-13,Delivered,52.25
1279,CUST537,2026-02-25,Returned,189.78
1280,CUST762,2025-11-24,Cancelled,72.07
1281,CUST45,2025-07-19,Delivered,38.11
1282,CUST530,2025-10-03,Returned,46.11
1283,CUST546,2025-12-30,Returned,33.92
1284,CUST456,2026-03-27,Returned,35.5
1285,CUST276,2026-02-10,Delivered,193.21
1286,CUST326,2025-07-22,Delivered,36.17
1287,CUST150,2025-08-17,Cancelled,108.86
1288,CUST724,2025-10-21,Returned,176.45
1289,CUST294,2025-06-23,Delivered,86.17
1290,CUST236,2025-09-19,Cancelled,199.02
1291,CUST969,2025-05-18,Cancelled,178.12
1292,CUST622,2026-03-06,Returned,176.94
1293,CUST949,2025-08-20,Delivered,113.4
1294,CUST836,2026-01-29,Returned,197.41
1295,CUST766,2026-01-09,Delivered,172.52
1296,CUST26,2026-03-17,Cancelled,168.89
1297,CUST705,2025-08-19,Delivered,64.96
1298,CUST234,2025-07-04,Cancelled,112.04
1299,CUST116,2025-08-30,Returned,181.27
1300,CUST458,2025-11-04,Returned,100.64
1301,CUST747,2026-01-06,Returned,63.69
1302,CUST225,2026-03-15,Delivered,162.51
1303,CUST513,2025-06-16,Cancelled,119.54
1304,CUST777,2025-08-14,Returned,20.91
1305,CUST124,2026-01-30,Cancelled,85.6
1306,CUST971,2025-10-29,Delivered,52.58
1307,CUST752,2025-06-18,Returned,85.89
1308,CUST690,2026-02-22,Delivered,191.15
1309,CUST718,2025-05-17,Delivered,135.38
1310,CUST410,2026-05-07,Delivered,183.87
1311,CUST353,2026-05-02,Delivered,97.18
1312,CUST23,2025-09-26,Returned,128.18
1313,CUST546,2026-04-28,Cancelled,80.51
1314,CUST189,2026-03-30,Cancelled,166.12
1315,CUST937,2026-01-20,Returned,146.17
1316,CUST905,2025-12-01,Delivered,159.05
1317,CUST20,2026-03-25,Delivered,71.66
1318,CUST207,2026-04-19,Delivered,196.34
1319,CUST880,2025-11-29,Delivered,24.42
1320,CUST756,2025-08-07,Delivered,176.05
1321,CUST482,2025-06-10,Returned,136.06
1322,CUST627,2025-10-06,Cancelled,147.14
1323,CUST733,2026-02-03,Delivered,145.84
1324,CUST550,2025-07-30,Delivered,148.78
1325,CUST209,2026-02-11,Cancelled,36.2
1326,CUST2,2025-05-18,Delivered,179.5
1327,CUST408,2025-08-05,Returned,163.22
1328,CUST120,2025-11-08,Cancelled,135.08
1329,CUST973,2025-10-03,Delivered,148.18
1330,CUST824,2025-09-12,Delivered,171.64
1331,CUST773,2026-01-19,Cancelled,88.47
1332,CUST899,2025-05-27,Cancelled,160.52
1333,CUST205,2026-04-23,Delivered,64.46
1334,CUST28,2025-06-22,Cancelled,110.06
1335,CUST417,2025-10-19,Returned,95.02
1336,CUST676,2025-09-24,Returned,78.03
1337,CUST214,2025-06-09,Returned,35.49
1338,CUST431,2025-10-12,Delivered,53.47
1339,CUST755,2025-05-20,Delivered,93.17
1340,CUST526,2025-08-18,Cancelled,162.39
1341,CUST972,2025-08-24,Returned,138.04
1342,CUST476,2026-02-25,Cancelled,106.34
1343,CUST26,2025-11-29,Returned,92.48
1344,CUST383,2026-05-14,Delivered,80.17
1345,CUST44,2026-02-21,Delivered,101.3
1346,CUST179,2025-07-17,Cancelled,155.55
1347,CUST422,2025-11-12,Delivered,80.95
1348,CUST737,2025-08-03,Delivered,97.7
1349,CUST487,2026-03-11,Returned,76.59
1350,CUST148,2026-04-08,Cancelled,60.96
1351,CUST446,2026-03-12,Delivered,73.0
1352,CUST20,2026-01-13,Returned,85.33
1353,CUST520,2026-02-25,Returned,20.28
1354,CUST140,2025-07-01,Cancelled,128.55
1355,CUST76,2026-01-02,Delivered,31.61
1356,CUST175,2026-03-27,Delivered,91.45
1357,CUST112,2026-04-25,Returned,105.13
1358,CUST452,2026-03-24,Delivered,170.34
1359,CUST860,2025-09-07,Cancelled,85.14
1360,CUST356,2025-10-08,Returned,143.04
1361,CUST810,2025-09-22,Cancelled,44.26
1362,CUST697,2025-12-03,Returned,32.85
1363,CUST500,2025-12-23,Delivered,171.54
1364,CUST296,2026-03-23,Returned,136.18
1365,CUST658,2025-09-28,Delivered,136.02
1366,CUST577,2025-07-21,Returned,171.3
1367,CUST141,2026-03-14,Delivered,117.13
1368,CUST90,2026-03-08,Delivered,93.23
1369,CUST964,2025-07-26,Cancelled,55.09
1370,CUST284,2026-03-19,Returned,39.63
1371,CUST955,2025-11-20,Returned,58.15
1372,CUST595,2025-12-12,Delivered,176.44
1373,CUST483,2025-09-02,Returned,56.62
1374,CUST364,2025-06-13,Returned,142.46
1375,CUST802,2026-05-08,Delivered,137.04
1376,CUST269,2025-08-08,Delivered,47.78
1377,CUST619,2025-06-27,Delivered,22.54
1378,CUST975,2026-01-26,Returned,35.45
1379,CUST901,2025-08-04,Cancelled,74.99
1380,CUST892,2025-10-17,Returned,197.73
1381,CUST353,2026-04-23,Returned,114.33
1382,CUST455,2025-12-10,Delivered,105.32
1383,CUST825,2025-08-29,Cancelled,125.31
1384,CUST192,2025-11-07,Cancelled,50.19
1385,CUST207,2025-10-22,Delivered,70.88
1386,CUST96,2025-06-28,Returned,96.07
1387,CUST591,2025-09-23,Cancelled,174.34
1388,CUST655,2026-01-02,Delivered,181.7
1389,CUST233,2025-05-20,Returned,120.25
1390,CUST306,2025-09-03,Returned,26.02
1391,CUST372,2026-05-15,Returned,103.79
1392,CUST246,2025-06-12,Returned,186.8
1393,CUST684,2026-02-09,Cancelled,97.7
1394,CUST727,2025-10-23,Delivered,36.65
1395,CUST112,2025-08-13,Cancelled,73.09
1396,CUST728,2025-10-22,Delivered,32.88
1397,CUST679,2026-02-13,Delivered,67.8
1398,CUST800,2026-04-17,Returned,162.0
1399,CUST92,2025-11-02,Cancelled,133.08
1400,CUST308,2026-03-15,Returned,68.28
1401,CUST283,2025-08-07,Returned,156.12
1402,CUST489,2025-12-31,Returned,104.4
1403,CUST791,2025-09-24,Cancelled,104.41
1404,CUST262,2026-04-26,Cancelled,170.71
1405,CUST369,2026-05-13,Returned,68.33
1406,CUST526,2026-05-10,Delivered,36.18
1407,CUST312,2025-09-08,Cancelled,80.66
1408,CUST642,2026-01-10,Returned,145.53
1409,CUST28,2025-12-27,Delivered,170.8
1410,CUST43,2025-11-19,Delivered,178.47
1411,CUST345,2026-03-11,Delivered,133.39
1412,CUST849,2025-12-09,Returned,133.97
1413,CUST356,2026-03-01,Delivered,193.16
1414,CUST434,2026-02-04,Returned,52.33
1415,CUST398,2026-02-11,Delivered,42.06
1416,CUST841,2025-09-24,Delivered,103.12
1417,CUST589,2026-03-17,Returned,199.24
1418,CUST703,2025-07-27,Returned,155.3
1419,CUST931,2026-04-10,Delivered,81.77
1420,CUST299,2025-08-11,Returned,185.85
1421,CUST937,2026-02-04,Returned,85.84
1422,CUST868,2025-09-05,Delivered,150.62
1423,CUST257,2025-12-23,Delivered,56.61
1424,CUST718,2025-12-29,Cancelled,33.25
1425,CUST262,2026-01-07,Delivered,29.97
1426,CUST111,2025-10-18,Cancelled,157.59
1427,CUST466,2026-01-31,Returned,148.06
1428,CUST852,2025-09-20,Delivered,77.18
1429,CUST288,2025-11-09,Returned,175.29
1430,CUST890,2025-07-19,Returned,155.87
1431,CUST285,2026-05-09,Returned,91.34
1432,CUST32,2025-08-06,Returned,65.48
1433,CUST243,2026-04-30,Returned,135.63
1434,CUST53,2025-12-07,Returned,32.04
1435,CUST952,2025-11-25,Delivered,97.75
1436,CUST687,2025-11-05,Returned,43.26
1437,CUST862,2025-06-15,Cancelled,98.57
1438,CUST174,2025-09-02,Returned,58.44
1439,CUST113,2025-09-17,Delivered,86.76
1440,CUST443,2026-03-31,Returned,172.04
1441,CUST17,2025-09-27,Returned,63.72
1442,CUST671,2025-11-18,Returned,85.93
1443,CUST307,2025-11-07,Returned,145.62
1444,CUST589,2025-06-01,Cancelled,167.77
1445,CUST379,2025-06-13,Returned,29.52
1446,CUST874,2026-04-30,Returned,80.06
1447,CUST354,2025-05-30,Delivered,108.63
1448,CUST151,2025-09-14,Delivered,124.63
1449,CUST349,2026-02-22,Delivered,26.64
1450,CUST536,2025-07-18,Cancelled,147.08
1451,CUST546,2026-02-11,Delivered,121.33
1452,CUST907,2025-12-11,Cancelled,79.86
1453,CUST412,2025-10-30,Returned,52.4
1454,CUST712,2025-06-22,Delivered,190.27
1455,CUST804,2025-07-06,Delivered,72.98
1456,CUST260,2025-07-05,Returned,114.41
1457,CUST845,2026-02-06,Delivered,40.32
1458,CUST513,2025-05-27,Returned,74.65
1459,CUST784,2025-07-20,Delivered,66.85
1460,CUST515,2026-05-11,Returned,111.29
1461,CUST353,2025-06-20,Returned,137.55
1462,CUST996,2026-01-17,Delivered,94.88
1463,CUST736,2025-06-14,Returned,147.05
1464,CUST371,2025-09-30,Returned,163.59
1465,CUST801,2025-10-27,Delivered,160.23
1466,CUST630,2025-11-01,Delivered,69.98
1467,CUST315,2025-05-23,Returned,141.67
1468,CUST759,2025-10-17,Returned,117.43
1469,CUST439,2026-01-22,Returned,140.17
1470,CUST556,2025-11-12,Delivered,53.08
1471,CUST92,2026-02-15,Cancelled,41.86
1472,CUST442,2026-05-09,Delivered,52.69
1473,CUST648,2025-09-17,Delivered,140.55
1474,CUST426,2025-12-22,Delivered,101.93
1475,CUST266,2025-09-06,Delivered,21.8
1476,CUST743,2026-01-23,Cancelled,21.02
1477,CUST969,2025-06-24,Delivered,127.77
1478,CUST41,2025-07-10,Returned,80.3
1479,CUST167,2025-10-26,Cancelled,176.05
1480,CUST915,2025-10-06,Returned,171.57
1481,CUST773,2026-03-26,Cancelled,84.18
1482,CUST910,2026-03-19,Cancelled,156.54
1483,CUST884,2025-08-05,Cancelled,58.24
1484,CUST292,2026-05-04,Delivered,44.05
1485,CUST275,2025-12-14,Cancelled,118.2
1486,CUST139,2025-09-02,Delivered,112.81
1487,CUST974,2026-01-15,Delivered,25.7
1488,CUST129,2025-09-26,Returned,30.33
1489,CUST781,2025-11-19,Cancelled,173.9
1490,CUST636,2025-08-02,Delivered,142.14
1491,CUST611,2025-06-02,Cancelled,58.49
1492,CUST742,2025-10-27,Returned,57.65
1493,CUST920,2026-01-28,Returned,102.99
1494,CUST599,2025-07-06,Returned,41.31
1495,CUST591,2026-02-04,Cancelled,196.47
1496,CUST852,2025-06-03,Delivered,74.69
1497,CUST289,2025-07-19,Returned,98.9
1498,CUST567,2025-05-25,Returned,43.63
1499,CUST760,2025-10-08,Cancelled,74.59
1500,CUST301,2026-03-30,Cancelled,118.87
1501,CUST955,2025-11-17,Cancelled,23.3
1502,CUST42,2025-06-02,Returned,116.49
1503,CUST751,2025-10-03,Delivered,142.84
1504,CUST464,2025-07-04,Returned,57.83
1505,CUST566,2025-06-10,Cancelled,64.22
1506,CUST851,2025-09-07,Delivered,158.48
1507,CUST452,2025-12-06,Returned,79.05
1508,CUST299,2026-03-14,Returned,155.83
1509,CUST235,2025-10-19,Delivered,122.1
1510,CUST677,2026-02-03,Cancelled,37.55
1511,CUST58,2025-05-30,Cancelled,67.95
1512,CUST949,2026-04-10,Cancelled,199.85
1513,CUST617,2026-05-04,Returned,132.06
1514,CUST354,2025-08-12,Delivered,148.47
1515,CUST224,2025-10-20,Returned,159.99
1516,CUST205,2025-12-30,Returned,171.29
1517,CUST291,2026-03-01,Delivered,191.13
1518,CUST45,2025-12-09,Cancelled,181.63
1519,CUST551,2025-09-06,Returned,103.16
1520,CUST810,2025-11-13,Cancelled,158.49
1521,CUST226,2025-12-31,Returned,44.04
1522,CUST400,2025-06-14,Cancelled,196.5
1523,CUST789,2025-10-01,Delivered,113.56
1524,CUST311,2025-08-18,Cancelled,172.72
1525,CUST766,2026-02-09,Returned,152.51
1526,CUST566,2025-10-16,Delivered,167.36
1527,CUST678,2025-06-05,Returned,23.42
1528,CUST971,2026-01-08,Delivered,192.63
1529,CUST274,2025-10-05,Delivered,29.7
1530,CUST585,2025-10-24,Delivered,88.43
1531,CUST89,2026-05-15,Cancelled,166.64
1532,CUST86,2026-01-29,Cancelled,151.9
1533,CUST386,2026-02-20,Returned,68.28
1534,CUST446,2025-11-22,Cancelled,101.78
1535,CUST62,2026-04-04,Delivered,145.79
1536,CUST881,2026-04-08,Cancelled,190.32
1537,CUST671,2025-09-11,Returned,72.11
1538,CUST515,2026-05-13,Returned,178.83
1539,CUST875,2026-01-19,Cancelled,166.5
1540,CUST642,2025-08-23,Cancelled,50.54
1541,CUST528,2026-01-22,Delivered,107.98
1542,CUST453,2026-03-06,Delivered,158.79
1543,CUST916,2025-11-08,Cancelled,158.73
1544,CUST825,2025-10-10,Returned,79.88
1545,CUST600,2025-11-08,Returned,65.52
1546,CUST798,2025-06-25,Cancelled,189.43
1547,CUST466,2026-05-15,Delivered,173.89
1548,CUST797,2025-05-19,Cancelled,85.87
1549,CUST940,2025-08-22,Cancelled,124.63
1550,CUST181,2025-09-27,Cancelled,73.32
1551,CUST963,2026-04-30,Cancelled,122.77
1552,CUST978,2025-07-16,Returned,150.07
1553,CUST75,2026-05-07,Cancelled,22.79
1554,CUST55,2025-11-07,Cancelled,170.2
1555,CUST24,2026-03-29,Cancelled,196.6
1556,CUST569,2026-05-10,Delivered,85.39
1557,CUST153,2025-07-21,Cancelled,76.86
1558,CUST111,2025-11-26,Cancelled,139.3
1559,CUST536,2026-03-30,Cancelled,174.94
1560,CUST240,2025-08-09,Delivered,119.11
1561,CUST408,2025-05-16,Cancelled,133.73
1562,CUST883,2025-10-09,Delivered,61.48
1563,CUST758,2025-05-20,Delivered,49.74
1564,CUST738,2025-11-21,Delivered,50.74
1565,CUST961,2025-08-28,Cancelled,21.69
1566,CUST665,2026-04-28,Returned,133.1
1567,CUST696,2026-03-22,Cancelled,94.65
1568,CUST906,2025-07-06,Delivered,116.46
1569,CUST781,2025-10-13,Cancelled,147.74
1570,CUST624,2025-11-13,Returned,133.49
1571,CUST163,2026-02-01,Returned,102.72
1572,CUST964,2026-01-06,Returned,58.63
1573,CUST81,2026-04-17,Returned,167.6
1574,CUST548,2025-10-12,Cancelled,170.93
1575,CUST935,2025-07-30,Delivered,92.4
1576,CUST806,2025-09-11,Cancelled,128.41
1577,CUST981,2026-01-26,Cancelled,67.66
1578,CUST818,2026-03-22,Returned,76.72
1579,CUST74,2025-06-07,Returned,63.64
1580,CUST740,2025-10-15,Returned,32.41
1581,CUST324,2025-11-04,Returned,27.01
1582,CUST890,2025-06-01,Cancelled,92.31
1583,CUST359,2026-01-04,Delivered,73.83
1584,CUST613,2025-06-24,Returned,72.75
1585,CUST811,2026-02-16,Returned,196.28
1586,CUST191,2025-09-29,Cancelled,46.24
1587,CUST795,2025-07-10,Returned,109.19
1588,CUST801,2025-08-05,Cancelled,157.37
1589,CUST536,2026-01-17,Returned,107.64
1590,CUST803,2026-03-29,Delivered,65.95
1591,CUST346,2025-09-29,Cancelled,35.32
1592,CUST735,2025-10-21,Returned,159.63
1593,CUST404,2025-06-03,Delivered,142.05
1594,CUST485,2026-04-16,Delivered,34.93
1595,CUST655,2025-07-20,Cancelled,49.91
1596,CUST278,2026-01-19,Cancelled,54.21
1597,CUST541,2026-03-21,Cancelled,122.1
1598,CUST39,2026-01-22,Returned,140.34
1599,CUST650,2026-03-25,Returned,65.74
1600,CUST953,2025-12-20,Returned,24.43
1601,CUST149,2025-08-09,Cancelled,29.75
1602,CUST439,2025-06-17,Delivered,168.66
1603,CUST884,2025-11-28,Delivered,195.3
1604,CUST983,2026-04-11,Delivered,137.41
1605,CUST635,2025-09-12,Delivered,69.28
1606,CUST492,2026-04-05,Returned,151.66
1607,CUST852,2025-12-21,Delivered,127.41
1608,CUST496,2026-04-15,Delivered,106.69
1609,CUST273,2025-11-20,Cancelled,116.61
1610,CUST774,2025-07-14,Delivered,69.93
1611,CUST597,2025-12-15,Delivered,122.31
1612,CUST349,2026-03-02,Delivered,198.34
1613,CUST111,2025-08-10,Delivered,42.7
1614,CUST486,2025-11-27,Delivered,130.85
1615,CUST282,2025-11-30,Delivered,192.33
1616,CUST140,2025-12-04,Delivered,134.04
1617,CUST72,2025-07-09,Delivered,52.85
1618,CUST159,2025-09-15,Delivered,153.43
1619,CUST928,2026-01-13,Cancelled,57.66
1620,CUST496,2025-08-01,Returned,77.87
1621,CUST778,2025-10-18,Delivered,192.8
1622,CUST658,2026-02-25,Delivered,112.83
1623,CUST262,2026-02-14,Returned,197.21
1624,CUST96,2026-03-29,Cancelled,68.78
1625,CUST471,2025-11-20,Returned,163.44
1626,CUST620,2026-05-08,Delivered,66.02
1627,CUST268,2025-08-09,Cancelled,105.91
1628,CUST389,2025-10-19,Returned,132.82
1629,CUST111,2026-05-05,Cancelled,105.23
1630,CUST302,2025-09-09,Cancelled,47.27
1631,CUST478,2026-05-10,Returned,94.0
1632,CUST290,2025-07-08,Returned,177.94
1633,CUST619,2025-06-14,Cancelled,82.83
1634,CUST36,2026-04-13,Cancelled,71.19
1635,CUST998,2026-04-29,Cancelled,63.51
1636,CUST388,2025-07-10,Delivered,73.3
1637,CUST305,2025-11-22,Returned,148.66
1638,CUST635,2025-07-10,Cancelled,43.82
1639,CUST973,2026-02-06,Returned,146.23
1640,CUST651,2026-05-15,Cancelled,65.71
1641,CUST77,2025-12-22,Returned,164.3
1642,CUST729,2026-02-18,Cancelled,187.63
1643,CUST950,2025-08-26,Returned,59.18
1644,CUST946,2026-01-03,Delivered,109.82
1645,CUST516,2025-11-11,Cancelled,163.66
1646,CUST650,2025-11-21,Returned,46.89
1647,CUST857,2025-09-29,Delivered,90.14
1648,CUST743,2025-08-01,Delivered,30.04
1649,CUST522,2025-11-30,Delivered,191.06
1650,CUST851,2025-06-03,Cancelled,152.75
1651,CUST563,2025-11-22,Cancelled,119.96
1652,CUST234,2025-06-30,Cancelled,121.72
1653,CUST337,2025-10-05,Delivered,136.0
1654,CUST216,2026-01-09,Returned,137.03
1655,CUST626,2025-08-20,Returned,89.48
1656,CUST722,2026-03-31,Cancelled,90.82
1657,CUST868,2026-04-04,Delivered,190.67
1658,CUST412,2025-08-18,Returned,115.06
1659,CUST594,2025-11-27,Returned,138.19
1660,CUST221,2025-12-21,Returned,34.76
1661,CUST436,2025-09-26,Cancelled,89.44
1662,CUST604,2025-07-18,Cancelled,183.08
1663,CUST113,2026-05-04,Cancelled,139.94
1664,CUST763,2025-11-03,Returned,188.64
1665,CUST724,2025-07-21,Delivered,116.9
1666,CUST775,2026-02-12,Cancelled,187.01
1667,CUST651,2025-08-25,Returned,179.09
1668,CUST700,2025-07-28,Delivered,176.31
1669,CUST689,2025-10-08,Delivered,94.33
1670,CUST452,2025-07-22,Cancelled,146.83
1671,CUST253,2025-05-28,Returned,117.04
1672,CUST886,2025-10-13,Cancelled,45.98
1673,CUST501,2025-06-28,Returned,56.17
1674,CUST587,2025-10-03,Returned,22.71
1675,CUST115,2026-05-04,Delivered,87.87
1676,CUST232,2025-11-08,Returned,120.18
1677,CUST803,2025-10-15,Delivered,98.83
1678,CUST636,2025-09-11,Returned,73.61
1679,CUST698,2025-10-25,Delivered,106.23
1680,CUST850,2026-04-02,Cancelled,100.58
1681,CUST870,2025-10-24,Returned,46.55
1682,CUST559,2026-03-25,Returned,134.07
1683,CUST371,2025-12-08,Delivered,139.92
1684,CUST801,2026-05-08,Delivered,117.73
1685,CUST404,2025-07-17,Cancelled,83.12
1686,CUST805,2025-12-02,Returned,102.06
1687,CUST177,2025-10-09,Cancelled,173.74
1688,CUST633,2025-12-19,Returned,160.63
1689,CUST654,2026-03-22,Cancelled,102.22
1690,CUST545,2025-11-12,Cancelled,52.94
1691,CUST327,2026-01-19,Delivered,62.85
1692,CUST329,2025-08-26,Cancelled,169.8
1693,CUST726,2026-02-05,Delivered,104.62
1694,CUST711,2025-06-16,Returned,91.6
1695,CUST341,2026-03-03,Delivered,171.86
1696,CUST841,2025-05-22,Delivered,53.9
1697,CUST770,2025-08-14,Returned,179.49
1698,CUST973,2026-04-27,Delivered,89.65
1699,CUST265,2025-06-03,Returned,164.5
1700,CUST492,2025-05-19,Delivered,78.21
1701,CUST42,2025-10-04,Delivered,186.69
1702,CUST182,2026-01-05,Delivered,108.61
1703,CUST920,2025-08-15,Cancelled,87.1
1704,CUST738,2026-03-22,Delivered,62.36
1705,CUST497,2025-08-31,Cancelled,64.12
1706,CUST855,2026-02-07,Delivered,184.24
1707,CUST718,2026-02-21,Delivered,123.74
1708,CUST569,2026-04-19,Cancelled,169.67
1709,CUST185,2026-01-27,Delivered,49.68
1710,CUST409,2025-05-29,Delivered,141.02
1711,CUST224,2025-07-11,Returned,81.81
1712,CUST41,2025-07-01,Cancelled,92.88
1713,CUST84,2025-05-17,Returned,21.17
1714,CUST184,2025-10-27,Delivered,124.08
1715,CUST457,2025-09-20,Cancelled,22.14
1716,CUST575,2026-01-25,Returned,64.32
1717,CUST429,2026-01-30,Delivered,113.41
1718,CUST185,2026-01-20,Returned,153.18
1719,CUST988,2025-10-06,Delivered,187.23
1720,CUST76,2026-05-13,Cancelled,170.12
1721,CUST256,2025-11-08,Cancelled,97.64
1722,CUST597,2025-05-26,Cancelled,29.61
1723,CUST301,2026-02-09,Returned,66.72
1724,CUST503,2025-10-01,Delivered,175.11
1725,CUST685,2026-04-08,Cancelled,68.95
1726,CUST917,2025-06-21,Cancelled,192.03
1727,CUST951,2025-11-04,Delivered,111.59
1728,CUST367,2025-09-30,Cancelled,69.35
1729,CUST763,2026-02-21,Cancelled,42.17
1730,CUST159,2025-11-29,Returned,82.57
1731,CUST114,2025-08-11,Returned,128.21
1732,CUST892,2025-11-20,Delivered,176.58
1733,CUST949,2025-05-29,Cancelled,40.0
1734,CUST743,2025-05-21,Returned,133.2
1735,CUST168,2026-04-07,Cancelled,188.27
1736,CUST498,2025-06-13,Delivered,168.51
1737,CUST275,2026-05-13,Delivered,45.96
1738,CUST328,2026-05-02,Delivered,46.27
1739,CUST143,2026-05-09,Delivered,198.51
1740,CUST631,2026-02-04,Cancelled,193.86
1741,CUST321,2025-12-02,Delivered,96.26
1742,CUST823,2026-02-05,Cancelled,70.62
1743,CUST247,2025-06-25,Delivered,27.08
1744,CUST311,2025-07-07,Cancelled,103.85
1745,CUST637,2025-07-06,Delivered,87.02
1746,CUST714,2025-12-26,Delivered,33.68
1747,CUST949,2025-08-31,Cancelled,149.1
1748,CUST885,2025-07-31,Delivered,176.34
1749,CUST931,2026-01-09,Returned,102.99
1750,CUST221,2025-08-09,Returned,137.67
1751,CUST1000,2025-11-22,Cancelled,81.82
1752,CUST495,2025-07-28,Delivered,56.03
1753,CUST793,2026-04-20,Cancelled,190.76
1754,CUST313,2026-03-24,Delivered,166.86
1755,CUST654,2026-05-04,Returned,175.64
1756,CUST427,2025-07-17,Cancelled,115.52
1757,CUST357,2025-09-12,Delivered,129.31
1758,CUST852,2025-10-21,Cancelled,21.28
1759,CUST284,2026-04-19,Cancelled,83.33
1760,CUST713,2025-11-05,Cancelled,92.79
1761,CUST592,2025-11-03,Cancelled,30.38
1762,CUST562,2026-01-23,Cancelled,174.85
1763,CUST831,2026-04-06,Delivered,147.44
1764,CUST443,2025-07-16,Cancelled,183.78
1765,CUST143,2026-01-08,Cancelled,32.11
1766,CUST915,2025-11-04,Returned,113.43
1767,CUST947,2026-04-19,Cancelled,199.94
1768,CUST282,2025-10-04,Delivered,31.56
1769,CUST145,2025-12-20,Delivered,145.32
1770,CUST608,2026-02-21,Cancelled,199.47
1771,CUST578,2025-11-04,Cancelled,153.96
1772,CUST839,2025-06-17,Delivered,102.28
1773,CUST264,2025-08-10,Returned,157.75
1774,CUST24,2025-11-08,Delivered,62.95
1775,CUST117,2025-08-09,Returned,69.79
1776,CUST455,2025-11-29,Cancelled,143.22
1777,CUST93,2025-07-01,Delivered,103.0
1778,CUST677,2026-04-23,Returned,188.79
1779,CUST259,2025-09-20,Delivered,176.27
1780,CUST959,2025-08-06,Cancelled,34.09
1781,CUST755,2026-03-28,Delivered,86.76
1782,CUST308,2025-09-16,Cancelled,170.91
1783,CUST953,2026-04-29,Cancelled,28.8
1784,CUST462,2026-03-18,Returned,159.28
1785,CUST179,2026-03-15,Cancelled,194.44
1786,CUST827,2025-08-26,Cancelled,193.41
1787,CUST740,2025-06-14,Returned,87.22
1788,CUST446,2025-07-31,Delivered,81.49
1789,CUST365,2025-06-13,Delivered,196.85
1790,CUST920,2026-01-23,Cancelled,21.95
1791,CUST551,2025-11-19,Cancelled,84.7
1792,CUST57,2026-01-22,Cancelled,116.17
1793,CUST123,2026-05-03,Delivered,106.78
1794,CUST278,2026-03-24,Returned,170.64
1795,CUST744,2025-05-18,Delivered,74.22
1796,CUST268,2025-11-07,Cancelled,85.68
1797,CUST98,2025-09-06,Returned,150.29
1798,CUST373,2026-04-28,Cancelled,159.34
1799,CUST414,2026-02-02,Cancelled,161.78
1800,CUST560,2026-01-17,Delivered,81.16
1801,CUST489,2026-01-17,Returned,149.42
1802,CUST21,2025-05-15,Delivered,123.09
1803,CUST955,2025-07-02,Cancelled,73.6
1804,CUST80,2025-06-03,Delivered,184.28
1805,CUST339,2026-03-17,Delivered,180.72
1806,CUST766,2025-09-04,Returned,61.46
1807,CUST265,2025-06-12,Cancelled,153.86
1808,CUST316,2025-09-05,Cancelled,41.25
1809,CUST647,2025-08-02,Delivered,176.7
1810,CUST256,2025-08-28,Delivered,93.01
1811,CUST963,2026-01-27,Delivered,31.42
1812,CUST151,2025-08-20,Delivered,45.48
1813,CUST991,2025-09-23,Delivered,36.32
1814,CUST300,2026-03-17,Cancelled,129.34
1815,CUST896,2026-02-18,Delivered,149.56
1816,CUST456,2025-12-12,Returned,94.24
1817,CUST85,2025-05-29,Cancelled,107.04
1818,CUST336,2026-04-02,Delivered,107.94
1819,CUST584,2025-08-25,Delivered,92.9
1820,CUST563,2025-11-01,Delivered,95.95
1821,CUST668,2025-08-25,Delivered,106.18
1822,CUST230,2025-12-21,Returned,120.1
1823,CUST831,2025-06-17,Returned,43.6
1824,CUST482,2025-12-21,Returned,20.12
1825,CUST546,2025-12-21,Delivered,66.35
1826,CUST426,2025-07-26,Delivered,22.89
1827,CUST174,2025-06-13,Returned,91.2
1828,CUST990,2025-11-01,Returned,146.17
1829,CUST447,2025-12-22,Delivered,20.95
1830,CUST964,2025-07-14,Delivered,87.8
1831,CUST740,2026-01-19,Delivered,94.58
1832,CUST9,2025-08-13,Delivered,174.53
1833,CUST535,2025-12-20,Returned,187.63
1834,CUST543,2026-02-02,Cancelled,181.45
1835,CUST528,2026-01-03,Cancelled,160.98
1836,CUST163,2026-04-08,Delivered,103.87
1837,CUST558,2026-05-05,Delivered,159.22
1838,CUST395,2025-06-01,Cancelled,71.81
1839,CUST574,2025-08-12,Returned,149.03
1840,CUST693,2026-05-08,Cancelled,191.31
1841,CUST421,2026-03-20,Cancelled,178.05
1842,CUST857,2025-06-13,Cancelled,91.8
1843,CUST48,2025-12-16,Cancelled,136.87
1844,CUST709,2026-04-15,Delivered,74.62
1845,CUST385,2025-11-19,Cancelled,190.94
1846,CUST111,2025-06-06,Cancelled,122.25
1847,CUST149,2025-06-11,Returned,127.76
1848,CUST881,2025-11-20,Delivered,191.39
1849,CUST581,2026-02-24,Cancelled,87.68
1850,CUST276,2025-12-08,Cancelled,157.67
1851,CUST665,2025-08-12,Delivered,128.92
1852,CUST262,2025-10-27,Returned,154.58
1853,CUST259,2025-12-01,Delivered,67.0
1854,CUST693,2026-03-09,Delivered,145.85
1855,CUST189,2025-11-08,Delivered,79.69
1856,CUST371,2025-05-18,Delivered,173.55
1857,CUST647,2025-10-29,Cancelled,198.76
1858,CUST736,2026-03-27,Returned,124.85
1859,CUST952,2026-04-14,Delivered,123.96
1860,CUST685,2026-02-15,Returned,97.1
1861,CUST588,2025-12-27,Returned,70.65
1862,CUST865,2026-04-10,Delivered,31.11
1863,CUST49,2025-08-23,Delivered,76.91
1864,CUST315,2025-06-06,Cancelled,99.95
1865,CUST475,2025-10-14,Delivered,194.33
1866,CUST67,2025-07-01,Cancelled,49.66
1867,CUST574,2026-03-11,Delivered,36.32
1868,CUST147,2026-04-27,Delivered,156.01
1869,CUST504,2025-09-17,Delivered,115.19
1870,CUST344,2026-01-30,Delivered,124.15
1871,CUST638,2025-12-15,Returned,167.71
1872,CUST615,2025-08-20,Returned,183.16
1873,CUST244,2025-12-12,Delivered,168.97
1874,CUST445,2026-05-06,Cancelled,45.84
1875,CUST128,2026-05-01,Returned,52.92
1876,CUST813,2025-07-24,Cancelled,125.7
1877,CUST852,2026-03-02,Delivered,33.2
1878,CUST493,2026-05-12,Cancelled,115.41
1879,CUST769,2026-04-19,Delivered,20.46
1880,CUST754,2026-04-01,Cancelled,38.47
1881,CUST96,2025-07-06,Cancelled,92.28
1882,CUST747,2026-02-27,Returned,85.56
1883,CUST248,2025-10-05,Returned,54.72
1884,CUST462,2026-03-15,Returned,55.08
1885,CUST665,2026-01-24,Cancelled,57.47
1886,CUST625,2025-10-17,Returned,32.45
1887,CUST864,2025-08-31,Delivered,172.82
1888,CUST308,2026-02-24,Returned,145.03
1889,CUST617,2025-09-14,Cancelled,171.5
1890,CUST379,2025-11-15,Delivered,178.5
1891,CUST439,2025-12-03,Returned,31.26
1892,CUST3,2026-01-10,Cancelled,34.95
1893,CUST925,2026-04-27,Cancelled,138.84
1894,CUST553,2026-05-03,Delivered,129.08
1895,CUST894,2025-09-15,Cancelled,103.88
1896,CUST347,2025-06-29,Cancelled,146.89
1897,CUST124,2025-05-28,Cancelled,190.49
1898,CUST576,2026-05-01,Delivered,152.36
1899,CUST34,2026-01-22,Cancelled,85.04
1900,CUST76,2026-05-01,Delivered,52.53
1901,CUST256,2025-06-07,Cancelled,121.96
1902,CUST691,2026-03-05,Delivered,175.06
1903,CUST622,2025-09-01,Returned,122.25
1904,CUST918,2026-03-01,Cancelled,117.06
1905,CUST354,2026-04-13,Delivered,118.81
1906,CUST9,2025-11-21,Cancelled,67.69
1907,CUST781,2025-06-16,Delivered,186.3
1908,CUST543,2026-01-07,Cancelled,66.8
1909,CUST50,2026-01-29,Returned,99.7
1910,CUST122,2025-11-02,Cancelled,93.28
1911,CUST541,2025-11-18,Returned,177.41
1912,CUST732,2026-01-28,Returned,191.73
1913,CUST820,2026-03-29,Returned,109.71
1914,CUST755,2026-05-08,Delivered,131.86
1915,CUST634,2025-07-30,Returned,104.93
1916,CUST733,2025-07-18,Cancelled,139.16
1917,CUST639,2026-02-19,Cancelled,72.21
1918,CUST844,2025-12-22,Cancelled,55.61
1919,CUST815,2025-07-06,Returned,163.79
1920,CUST892,2026-02-24,Cancelled,113.04
1921,CUST907,2025-12-29,Delivered,80.11
1922,CUST37,2026-05-11,Cancelled,92.36
1923,CUST781,2026-02-24,Delivered,41.68
1924,CUST432,2025-07-15,Returned,109.96
1925,CUST822,2026-04-09,Delivered,141.8
1926,CUST627,2026-01-09,Cancelled,135.12
1927,CUST101,2026-04-04,Cancelled,177.86
1928,CUST705,2025-06-19,Delivered,161.82
1929,CUST366,2026-04-23,Cancelled,68.71
1930,CUST244,2025-09-04,Delivered,177.35
1931,CUST575,2025-08-05,Returned,169.11
1932,CUST325,2025-10-05,Returned,129.12
1933,CUST191,2025-08-29,Returned,194.48
1934,CUST431,2025-12-30,Returned,65.78
1935,CUST850,2025-12-25,Returned,25.35
1936,CUST29,2025-10-03,Returned,49.24
1937,CUST33,2026-02-08,Cancelled,163.92
1938,CUST471,2025-10-07,Cancelled,111.12
1939,CUST787,2025-06-01,Delivered,73.25
1940,CUST429,2025-11-05,Cancelled,167.93
1941,CUST472,2026-01-24,Returned,181.16
1942,CUST604,2025-11-26,Delivered,140.91
1943,CUST106,2025-12-29,Returned,61.09
1944,CUST601,2025-07-06,Returned,43.14
1945,CUST143,2025-12-26,Returned,98.97
1946,CUST291,2025-06-25,Returned,144.35
1947,CUST751,2026-01-14,Delivered,53.69
1948,CUST732,2025-07-06,Cancelled,50.17
1949,CUST986,2025-09-22,Delivered,25.46
1950,CUST344,2025-06-10,Cancelled,99.07
1951,CUST106,2026-03-10,Cancelled,39.53
1952,CUST897,2026-02-25,Returned,35.74
1953,CUST676,2025-10-19,Delivered,174.32
1954,CUST229,2026-03-24,Cancelled,72.84
1955,CUST964,2025-10-28,Delivered,119.9
1956,CUST749,2025-06-14,Cancelled,33.74
1957,CUST910,2026-01-19,Cancelled,182.52
1958,CUST789,2026-04-16,Delivered,101.75
1959,CUST229,2026-01-25,Returned,43.79
1960,CUST578,2026-01-22,Cancelled,163.58
1961,CUST751,2025-09-12,Delivered,86.53
1962,CUST805,2026-02-14,Cancelled,101.46
1963,CUST460,2025-10-18,Returned,199.42
1964,CUST731,2025-09-11,Cancelled,39.61
1965,CUST924,2025-10-10,Returned,72.26
1966,CUST239,2025-12-22,Returned,176.5
1967,CUST894,2025-10-03,Cancelled,175.18
1968,CUST849,2025-10-29,Delivered,60.91
1969,CUST312,2025-07-01,Delivered,23.57
1970,CUST668,2025-06-22,Returned,103.79
1971,CUST477,2025-06-01,Delivered,21.79
1972,CUST27,2025-11-19,Delivered,167.4
1973,CUST725,2026-03-07,Delivered,50.12
1974,CUST160,2026-04-27,Delivered,142.71
1975,CUST755,2026-05-10,Cancelled,81.47
1976,CUST749,2025-07-13,Delivered,107.34
1977,CUST666,2025-10-20,Returned,167.2
1978,CUST609,2025-11-13,Delivered,23.72
1979,CUST391,2025-05-19,Cancelled,31.97
1980,CUST374,2025-09-27,Delivered,34.8
1981,CUST86,2025-11-28,Returned,158.42
1982,CUST479,2025-07-15,Returned,154.63
1983,CUST446,2025-07-03,Returned,170.04
1984,CUST599,2025-12-04,Delivered,131.93
1985,CUST666,2026-04-13,Delivered,164.79
1986,CUST112,2026-02-04,Delivered,163.93
1987,CUST147,2025-09-24,Returned,121.77
1988,CUST204,2026-02-20,Delivered,49.06
1989,CUST510,2025-09-29,Delivered,138.3
1990,CUST978,2025-12-21,Delivered,165.47
1991,CUST238,2025-09-11,Cancelled,27.07
1992,CUST32,2025-05-31,Returned,48.79
1993,CUST732,2026-01-19,Delivered,176.98
1994,CUST36,2025-06-02,Cancelled,100.52
1995,CUST290,2025-08-19,Cancelled,71.73
1996,CUST712,2026-05-03,Returned,157.5
1997,CUST263,2025-12-02,Delivered,160.58
1998,CUST509,2025-10-07,Returned,59.45
1999,CUST416,2026-03-01,Delivered,35.62
2000,CUST881,2026-03-07,Cancelled,180.8
2001,CUST789,2026-03-11,Delivered,81.56
2002,CUST695,2026-03-20,Cancelled,42.87
2003,CUST376,2025-07-31,Delivered,126.46
2004,CUST200,2025-07-09,Cancelled,57.62
2005,CUST374,2026-02-20,Cancelled,155.74
2006,CUST631,2026-01-21,Returned,110.13
2007,CUST222,2025-07-20,Delivered,120.24
2008,CUST216,2026-03-05,Delivered,61.13
2009,CUST449,2026-03-24,Cancelled,35.45
2010,CUST913,2025-10-17,Returned,22.78
2011,CUST668,2026-04-05,Delivered,103.51
2012,CUST971,2026-04-05,Cancelled,192.65
2013,CUST898,2026-05-11,Cancelled,30.98
2014,CUST922,2025-11-02,Returned,64.25
2015,CUST281,2025-09-07,Returned,195.77
2016,CUST747,2025-07-12,Returned,47.51
2017,CUST131,2025-08-26,Delivered,78.02
2018,CUST50,2026-04-06,Returned,91.17
2019,CUST158,2026-03-11,Delivered,173.32
2020,CUST705,2026-01-11,Delivered,186.49
2021,CUST88,2025-05-16,Cancelled,33.77
2022,CUST102,2025-10-28,Delivered,82.09
2023,CUST552,2025-11-06,Delivered,167.11
2024,CUST236,2025-09-26,Cancelled,68.84
2025,CUST347,2026-04-25,Returned,152.11
2026,CUST475,2026-04-19,Cancelled,190.71
2027,CUST909,2026-04-15,Cancelled,94.18
2028,CUST187,2025-06-07,Delivered,88.98
2029,CUST868,2026-04-29,Delivered,96.64
2030,CUST460,2025-06-02,Cancelled,29.2
2031,CUST315,2026-01-22,Returned,70.19
2032,CUST899,2025-09-04,Cancelled,133.87
2033,CUST483,2025-08-11,Cancelled,70.81
2034,CUST663,2026-04-22,Cancelled,34.02
2035,CUST551,2025-12-29,Returned,99.5
2036,CUST587,2025-08-18,Cancelled,75.48
2037,CUST397,2025-07-23,Delivered,31.04
2038,CUST497,2025-08-31,Returned,56.18
2039,CUST263,2026-04-23,Cancelled,129.39
2040,CUST127,2026-03-14,Returned,41.59
2041,CUST281,2025-12-17,Returned,195.25
2042,CUST373,2026-04-22,Cancelled,36.43
2043,CUST341,2025-11-23,Cancelled,51.94
2044,CUST648,2025-09-14,Returned,141.82
2045,CUST932,2026-01-01,Cancelled,121.47
2046,CUST95,2025-05-16,Cancelled,132.65
2047,CUST121,2026-04-13,Returned,107.56
2048,CUST628,2025-06-10,Returned,194.46
2049,CUST900,2025-08-18,Cancelled,164.2
2050,CUST872,2025-08-27,Delivered,126.06
2051,CUST447,2026-03-20,Returned,21.09
2052,CUST714,2025-08-04,Delivered,142.75
2053,CUST230,2025-09-23,Returned,46.16
2054,CUST700,2025-10-07,Cancelled,87.99
2055,CUST347,2025-09-13,Delivered,144.34
2056,CUST711,2026-01-17,Returned,30.43
2057,CUST368,2025-08-06,Delivered,24.14
2058,CUST717,2026-04-13,Returned,76.83
2059,CUST137,2026-03-01,Delivered,22.15
2060,CUST634,2026-03-17,Cancelled,112.77
2061,CUST58,2026-04-22,Returned,32.42
2062,CUST534,2025-11-13,Delivered,77.7
2063,CUST970,2025-10-05,Delivered,195.23
2064,CUST148,2025-11-13,Cancelled,105.49
2065,CUST10,2026-05-04,Returned,179.75
2066,CUST821,2026-01-26,Returned,49.19
2067,CUST705,2025-05-25,Cancelled,168.39
2068,CUST589,2026-03-17,Delivered,94.53
2069,CUST77,2026-02-17,Delivered,165.66
2070,CUST303,2025-08-19,Cancelled,95.21
2071,CUST211,2026-04-22,Delivered,76.47
2072,CUST418,2025-08-23,Returned,142.64
2073,CUST368,2025-08-18,Cancelled,104.76
2074,CUST181,2025-11-19,Returned,145.48
2075,CUST998,2025-05-15,Delivered,178.76
2076,CUST1000,2025-10-09,Cancelled,134.77
2077,CUST453,2026-04-02,Delivered,94.03
2078,CUST529,2025-07-20,Cancelled,81.91
2079,CUST430,2026-01-12,Delivered,146.82
2080,CUST639,2026-02-07,Cancelled,122.39
2081,CUST132,2026-01-07,Returned,134.05
2082,CUST834,2026-05-05,Returned,21.17
2083,CUST939,2025-09-30,Cancelled,72.57
2084,CUST620,2025-10-16,Returned,107.9
2085,CUST402,2025-09-16,Cancelled,77.48
2086,CUST132,2025-08-11,Cancelled,68.9
2087,CUST176,2026-03-31,Returned,29.58
2088,CUST88,2026-04-22,Delivered,156.22
2089,CUST357,2025-10-11,Cancelled,21.03
2090,CUST874,2025-08-29,Cancelled,191.15
2091,CUST570,2026-03-18,Cancelled,151.44
2092,CUST938,2025-11-10,Cancelled,161.66
2093,CUST550,2025-07-15,Returned,107.08
2094,CUST589,2025-08-22,Delivered,114.54
2095,CUST180,2025-11-10,Delivered,48.76
2096,CUST988,2025-12-22,Delivered,125.4
2097,CUST621,2026-04-07,Cancelled,133.69
2098,CUST871,2026-04-28,Returned,71.71
2099,CUST167,2025-12-26,Delivered,33.26
2100,CUST171,2025-07-24,Delivered,199.18
2101,CUST628,2026-05-06,Returned,190.96
2102,CUST462,2026-03-01,Delivered,150.92
2103,CUST298,2025-11-12,Cancelled,109.85
2104,CUST701,2025-08-14,Cancelled,192.98
2105,CUST288,2026-03-08,Delivered,125.07
2106,CUST138,2025-10-26,Delivered,103.46
2107,CUST626,2025-07-02,Returned,133.65
2108,CUST111,2026-01-01,Cancelled,87.85
2109,CUST734,2025-05-27,Cancelled,73.94
2110,CUST777,2025-07-29,Returned,177.03
2111,CUST191,2025-09-12,Delivered,191.84
2112,CUST426,2025-09-24,Delivered,97.6
2113,CUST963,2025-09-01,Returned,187.4
2114,CUST950,2025-12-29,Cancelled,50.25
2115,CUST717,2025-10-09,Delivered,150.22
2116,CUST214,2025-10-17,Cancelled,130.62
2117,CUST61,2025-11-16,Returned,48.9
2118,CUST881,2025-12-26,Delivered,95.08
2119,CUST806,2025-08-13,Cancelled,135.17
2120,CUST579,2026-03-12,Cancelled,90.59
2121,CUST386,2025-10-07,Delivered,78.75
2122,CUST564,2025-06-22,Delivered,69.61
2123,CUST993,2025-07-24,Cancelled,109.93
2124,CUST784,2026-04-21,Returned,142.21
2125,CUST503,2025-08-15,Returned,53.38
2126,CUST300,2025-12-23,Returned,98.7
2127,CUST40,2025-08-04,Delivered,182.2
2128,CUST475,2025-07-16,Delivered,179.95
2129,CUST276,2025-08-27,Delivered,95.88
2130,CUST289,2026-02-08,Delivered,74.28
2131,CUST969,2025-11-28,Delivered,58.39
2132,CUST572,2025-09-20,Delivered,168.09
2133,CUST447,2026-02-04,Returned,100.13
2134,CUST739,2025-10-05,Delivered,158.06
2135,CUST705,2025-10-13,Returned,147.28
2136,CUST909,2025-09-11,Delivered,104.56
2137,CUST111,2026-01-28,Cancelled,165.29
2138,CUST49,2026-03-26,Cancelled,134.99
2139,CUST51,2026-05-06,Cancelled,43.53
2140,CUST940,2025-10-29,Delivered,76.39
2141,CUST158,2025-08-10,Cancelled,66.19
2142,CUST139,2025-08-15,Delivered,51.1
2143,CUST371,2025-05-28,Delivered,184.87
2144,CUST271,2026-05-15,Cancelled,39.21
2145,CUST57,2026-03-12,Returned,141.82
2146,CUST277,2025-12-18,Returned,66.86
2147,CUST809,2025-12-13,Returned,113.83
2148,CUST351,2025-09-22,Returned,142.33
2149,CUST50,2025-12-05,Delivered,84.68
2150,CUST963,2025-09-07,Returned,68.19
2151,CUST87,2025-10-14,Returned,29.16
2152,CUST79,2025-07-26,Delivered,62.17
2153,CUST266,2026-04-01,Returned,196.27
2154,CUST298,2025-11-12,Returned,80.05
2155,CUST451,2025-12-20,Delivered,116.07
2156,CUST658,2025-12-11,Cancelled,94.17
2157,CUST391,2026-05-15,Returned,109.54
2158,CUST608,2025-10-22,Delivered,172.46
2159,CUST710,2025-12-02,Cancelled,113.23
2160,CUST691,2026-03-25,Delivered,26.72
2161,CUST432,2026-04-01,Delivered,72.63
2162,CUST877,2026-01-03,Cancelled,62.72
2163,CUST549,2025-06-13,Returned,179.84
2164,CUST966,2025-11-26,Cancelled,181.59
2165,CUST173,2025-12-19,Returned,61.96
2166,CUST790,2025-08-15,Delivered,102.02
2167,CUST157,2025-08-08,Delivered,98.85
2168,CUST373,2025-09-15,Returned,198.19
2169,CUST68,2025-07-30,Cancelled,148.83
2170,CUST281,2025-06-28,Delivered,86.29
2171,CUST233,2025-06-30,Delivered,150.66
2172,CUST558,2026-01-08,Cancelled,25.3
2173,CUST723,2025-10-22,Returned,89.13
2174,CUST360,2025-11-23,Returned,55.06
2175,CUST502,2025-05-25,Delivered,98.45
2176,CUST795,2026-04-29,Cancelled,170.33
2177,CUST468,2025-12-05,Delivered,31.95
2178,CUST648,2025-12-06,Cancelled,52.08
2179,CUST678,2025-07-13,Returned,58.27
2180,CUST723,2025-05-28,Returned,99.05
2181,CUST767,2026-04-16,Returned,146.6
2182,CUST694,2026-02-07,Cancelled,82.99
2183,CUST389,2025-06-21,Delivered,151.12
2184,CUST49,2025-09-22,Delivered,125.2
2185,CUST136,2026-01-18,Returned,121.2
2186,CUST407,2025-06-21,Returned,189.84
2187,CUST145,2025-07-21,Returned,81.97
2188,CUST556,2025-11-26,Returned,159.42
2189,CUST638,2025-08-16,Returned,89.45
2190,CUST206,2025-12-29,Cancelled,145.96
2191,CUST101,2025-08-17,Returned,43.51
2192,CUST266,2025-07-07,Returned,125.08
2193,CUST232,2026-03-18,Returned,94.29
2194,CUST710,2025-11-19,Cancelled,34.84
2195,CUST187,2025-12-29,Delivered,69.49
2196,CUST469,2025-05-24,Returned,87.66
2197,CUST512,2026-01-17,Returned,109.45
2198,CUST56,2026-02-13,Returned,27.85
2199,CUST756,2025-08-08,Delivered,116.28
2200,CUST323,2025-06-08,Cancelled,192.74
2201,CUST246,2025-09-19,Delivered,78.01
2202,CUST786,2025-08-05,Delivered,36.75
2203,CUST680,2026-04-11,Cancelled,104.06
2204,CUST598,2025-10-12,Returned,138.11
2205,CUST46,2026-01-23,Delivered,89.58
2206,CUST556,2026-03-22,Delivered,187.04
2207,CUST325,2025-10-19,Returned,22.13
2208,CUST480,2025-06-18,Returned,53.48
2209,CUST688,2025-06-17,Cancelled,111.9
2210,CUST756,2025-09-18,Delivered,48.42
2211,CUST684,2025-05-15,Delivered,188.0
2212,CUST559,2025-10-06,Delivered,30.89
2213,CUST443,2025-05-25,Returned,157.74
2214,CUST293,2025-12-28,Delivered,44.85
2215,CUST231,2026-02-01,Cancelled,189.37
2216,CUST128,2026-05-11,Delivered,199.39
2217,CUST638,2025-06-22,Returned,74.42
2218,CUST583,2026-01-31,Cancelled,112.13
2219,CUST476,2025-08-21,Cancelled,51.5
2220,CUST344,2025-12-12,Cancelled,76.11
2221,CUST967,2026-05-05,Cancelled,145.64
2222,CUST203,2025-09-01,Cancelled,50.05
2223,CUST477,2026-01-16,Delivered,173.19
2224,CUST645,2025-09-15,Returned,192.23
2225,CUST52,2025-06-03,Returned,130.37
2226,CUST183,2025-05-19,Returned,163.24
2227,CUST319,2026-04-09,Delivered,73.91
2228,CUST698,2026-01-16,Cancelled,40.18
2229,CUST284,2025-11-03,Delivered,74.71
2230,CUST176,2026-03-15,Delivered,152.6
2231,CUST587,2025-05-20,Returned,157.8
2232,CUST822,2026-04-25,Cancelled,60.05
2233,CUST518,2025-08-07,Delivered,43.88
2234,CUST23,2026-04-30,Cancelled,81.68
2235,CUST833,2025-09-02,Delivered,52.88
2236,CUST619,2025-05-24,Cancelled,36.46
2237,CUST44,2025-08-12,Cancelled,140.87
2238,CUST517,2026-02-15,Returned,177.84
2239,CUST424,2026-03-11,Delivered,105.89
2240,CUST3,2026-01-06,Cancelled,146.56
2241,CUST863,2025-06-18,Delivered,190.29
2242,CUST314,2025-12-08,Delivered,64.92
2243,CUST741,2025-06-28,Delivered,52.3
2244,CUST375,2025-10-28,Cancelled,112.61
2245,CUST32,2026-03-31,Returned,77.09
2246,CUST863,2025-10-29,Delivered,167.23
2247,CUST344,2026-02-13,Delivered,194.82
2248,CUST519,2025-08-09,Cancelled,156.13
2249,CUST281,2026-03-05,Cancelled,161.8
2250,CUST898,2025-06-11,Cancelled,153.75
2251,CUST944,2026-03-01,Cancelled,31.22
2252,CUST468,2026-02-22,Returned,47.0
2253,CUST180,2026-03-03,Delivered,43.1
2254,CUST595,2025-09-10,Returned,40.0
2255,CUST222,2026-04-17,Delivered,175.98
2256,CUST967,2025-11-02,Delivered,160.18
2257,CUST67,2025-11-23,Delivered,105.06
2258,CUST653,2026-03-24,Returned,167.28
2259,CUST897,2025-08-29,Delivered,66.73
2260,CUST667,2025-11-28,Returned,86.86
2261,CUST123,2025-09-16,Cancelled,117.95
2262,CUST53,2026-04-29,Delivered,40.63
2263,CUST909,2025-06-24,Cancelled,148.82
2264,CUST852,2026-02-12,Delivered,85.73
2265,CUST601,2025-08-02,Delivered,178.13
2266,CUST735,2026-01-10,Cancelled,101.88
2267,CUST275,2025-07-15,Returned,149.27
2268,CUST631,2025-09-09,Cancelled,192.19
2269,CUST544,2025-09-08,Delivered,146.22
2270,CUST194,2025-06-21,Delivered,51.96
2271,CUST993,2025-09-27,Returned,188.91
2272,CUST853,2026-03-06,Cancelled,40.88
2273,CUST309,2025-05-30,Returned,32.68
2274,CUST154,2026-03-05,Returned,46.0
2275,CUST908,2026-04-20,Returned,100.35
2276,CUST259,2025-11-22,Returned,80.64
2277,CUST415,2025-09-14,Returned,71.22
2278,CUST572,2025-11-30,Cancelled,143.68
2279,CUST117,2026-01-28,Returned,106.26
2280,CUST446,2026-03-20,Cancelled,117.9
2281,CUST299,2026-02-06,Delivered,158.39
2282,CUST520,2026-05-05,Delivered,126.73
2283,CUST735,2025-10-18,Returned,95.84
2284,CUST743,2025-10-28,Cancelled,168.18
2285,CUST461,2025-08-14,Returned,106.39
2286,CUST225,2026-04-16,Returned,147.6
2287,CUST918,2026-05-11,Returned,57.53
2288,CUST379,2025-11-18,Cancelled,153.91
2289,CUST113,2026-02-19,Returned,132.03
2290,CUST951,2025-09-10,Cancelled,164.52
2291,CUST358,2025-07-04,Delivered,172.47
2292,CUST952,2026-05-07,Cancelled,146.33
2293,CUST749,2025-12-29,Delivered,54.48
2294,CUST827,2025-08-16,Delivered,185.37
2295,CUST557,2026-01-18,Returned,166.08
2296,CUST181,2026-03-06,Returned,191.76
2297,CUST941,2025-10-19,Returned,47.69
2298,CUST61,2026-01-07,Cancelled,157.32
2299,CUST220,2025-05-17,Cancelled,178.79
2300,CUST228,2025-08-07,Cancelled,147.29
2301,CUST799,2025-05-26,Delivered,114.82
2302,CUST782,2025-09-30,Returned,110.66
2303,CUST87,2026-01-10,Returned,114.52
2304,CUST100,2025-12-05,Cancelled,78.93
2305,CUST353,2026-02-15,Delivered,112.58
2306,CUST733,2025-06-15,Cancelled,66.35
2307,CUST739,2026-01-01,Cancelled,39.1
2308,CUST167,2025-07-24,Cancelled,173.22
2309,CUST912,2025-06-07,Returned,61.35
2310,CUST677,2026-04-19,Cancelled,66.98
2311,CUST80,2025-09-20,Returned,183.16
2312,CUST439,2026-01-12,Cancelled,112.98
2313,CUST390,2025-08-08,Delivered,99.97
2314,CUST30,2025-05-17,Cancelled,159.26
2315,CUST49,2025-10-21,Returned,98.52
2316,CUST78,2026-02-09,Cancelled,87.38
2317,CUST920,2026-04-02,Returned,36.39
2318,CUST148,2025-12-31,Delivered,90.83
2319,CUST41,2025-12-06,Cancelled,189.7
2320,CUST165,2025-06-07,Returned,31.1
2321,CUST292,2025-10-05,Delivered,113.01
2322,CUST39,2025-06-20,Returned,64.92
2323,CUST108,2026-04-18,Returned,69.16
2324,CUST196,2026-02-07,Cancelled,118.33
2325,CUST614,2025-12-09,Returned,163.05
2326,CUST919,2026-05-05,Delivered,42.43
2327,CUST405,2025-12-26,Cancelled,156.21
2328,CUST601,2026-04-17,Cancelled,60.63
2329,CUST407,2026-01-30,Cancelled,183.17
2330,CUST55,2025-08-30,Returned,162.22
2331,CUST517,2025-07-08,Returned,59.95
2332,CUST466,2025-08-28,Cancelled,66.17
2333,CUST414,2026-03-10,Returned,79.59
2334,CUST416,2025-11-27,Delivered,33.4
2335,CUST74,2025-11-03,Delivered,164.59
2336,CUST492,2025-06-13,Cancelled,166.06
2337,CUST532,2026-02-20,Returned,162.97
2338,CUST395,2025-05-22,Returned,154.79
2339,CUST60,2025-12-25,Delivered,27.92
2340,CUST96,2026-01-15,Cancelled,46.63
2341,CUST792,2026-01-20,Cancelled,178.92
2342,CUST490,2025-10-27,Cancelled,57.49
2343,CUST447,2026-02-21,Delivered,189.38
2344,CUST156,2025-08-30,Returned,86.28
2345,CUST18,2025-11-13,Delivered,62.99
2346,CUST465,2026-02-25,Returned,34.19
2347,CUST216,2025-12-23,Cancelled,160.69
2348,CUST341,2025-08-17,Delivered,138.44
2349,CUST600,2026-02-08,Cancelled,97.63
2350,CUST45,2025-07-08,Cancelled,161.62
2351,CUST339,2025-09-25,Delivered,128.05
2352,CUST664,2026-03-24,Cancelled,86.08
2353,CUST390,2026-04-15,Cancelled,133.88
2354,CUST456,2026-02-12,Cancelled,85.2
2355,CUST501,2025-08-13,Cancelled,43.71
2356,CUST818,2025-12-09,Returned,182.93
2357,CUST359,2025-12-25,Cancelled,166.95
2358,CUST115,2025-08-24,Delivered,73.84
2359,CUST625,2025-07-30,Delivered,99.63
2360,CUST892,2026-05-15,Returned,187.66
2361,CUST826,2026-04-08,Cancelled,144.13
2362,CUST411,2026-05-11,Returned,120.76
2363,CUST399,2026-01-20,Delivered,118.67
2364,CUST172,2025-07-25,Cancelled,142.48
2365,CUST21,2025-10-24,Cancelled,110.13
2366,CUST632,2025-12-06,Delivered,161.71
2367,CUST315,2025-07-22,Delivered,75.26
2368,CUST632,2026-05-13,Delivered,143.58
2369,CUST155,2025-10-28,Cancelled,134.18
2370,CUST229,2025-08-15,Delivered,157.25
2371,CUST11,2025-09-09,Delivered,142.92
2372,CUST168,2025-05-27,Returned,118.96
2373,CUST282,2025-09-08,Cancelled,46.8
2374,CUST317,2025-07-04,Cancelled,172.95
2375,CUST461,2026-01-03,Cancelled,85.69
2376,CUST828,2026-03-23,Cancelled,66.72
2377,CUST504,2025-07-27,Delivered,186.6
2378,CUST103,2026-01-31,Returned,65.05
2379,CUST263,2025-08-07,Delivered,26.84
2380,CUST330,2025-10-15,Returned,149.78
2381,CUST680,2025-08-06,Delivered,50.74
2382,CUST489,2025-08-22,Returned,66.9
2383,CUST579,2026-01-10,Cancelled,98.07
2384,CUST234,2026-02-22,Cancelled,189.04
2385,CUST868,2026-02-16,Delivered,79.61
2386,CUST888,2025-08-25,Cancelled,50.12
2387,CUST233,2025-11-02,Returned,33.14
2388,CUST180,2025-07-10,Returned,197.68
2389,CUST111,2026-02-28,Delivered,40.76
2390,CUST780,2025-09-16,Cancelled,84.67
2391,CUST441,2025-07-26,Cancelled,164.5
2392,CUST786,2026-04-23,Returned,171.03
2393,CUST432,2025-11-29,Cancelled,151.25
2394,CUST904,2025-09-13,Returned,168.69
2395,CUST720,2025-07-31,Delivered,199.78
2396,CUST381,2026-01-10,Delivered,184.3
2397,CUST446,2025-12-04,Cancelled,55.89
2398,CUST427,2026-02-01,Delivered,26.05
2399,CUST909,2026-05-02,Returned,162.87
2400,CUST14,2026-01-13,Cancelled,165.87
2401,CUST286,2026-03-07,Returned,54.38
2402,CUST59,2026-04-08,Cancelled,53.03
2403,CUST644,2026-01-05,Delivered,189.55
2404,CUST499,2025-09-22,Cancelled,175.94
2405,CUST407,2026-04-22,Cancelled,50.91
2406,CUST857,2026-01-21,Returned,142.77
2407,CUST750,2025-12-03,Returned,81.96
2408,CUST830,2025-12-13,Cancelled,167.73
2409,CUST770,2025-09-01,Delivered,45.71
2410,CUST16,2025-09-10,Delivered,158.54
2411,CUST771,2025-08-05,Cancelled,113.31
2412,CUST534,2025-12-23,Returned,34.09
2413,CUST742,2026-03-18,Cancelled,22.92
2414,CUST99,2025-06-01,Returned,50.71
2415,CUST832,2025-10-06,Returned,169.97
2416,CUST565,2025-05-23,Cancelled,192.93
2417,CUST516,2026-01-02,Returned,107.23
2418,CUST859,2025-10-23,Returned,28.46
2419,CUST901,2025-09-15,Returned,149.73
2420,CUST348,2025-06-13,Cancelled,150.14
2421,CUST676,2025-10-19,Returned,53.24
2422,CUST828,2025-07-03,Cancelled,31.81
2423,CUST75,2025-11-17,Returned,45.92
2424,CUST564,2025-08-07,Cancelled,86.49
2425,CUST120,2025-08-13,Delivered,39.96
2426,CUST925,2025-06-17,Delivered,21.16
2427,CUST746,2026-03-25,Delivered,63.29
2428,CUST280,2025-11-08,Returned,52.15
2429,CUST432,2025-09-04,Returned,132.04
2430,CUST904,2025-10-30,Delivered,38.99
2431,CUST885,2025-11-06,Returned,117.92
2432,CUST325,2025-05-21,Returned,67.44
2433,CUST478,2026-01-17,Returned,182.73
2434,CUST588,2026-04-02,Returned,38.01
2435,CUST808,2026-01-30,Delivered,78.35
2436,CUST402,2025-08-01,Delivered,79.72
2437,CUST478,2025-11-23,Cancelled,29.51
2438,CUST171,2025-05-16,Cancelled,122.76
2439,CUST135,2025-12-26,Delivered,106.44
2440,CUST797,2025-09-29,Cancelled,164.24
2441,CUST262,2026-05-03,Cancelled,153.65
2442,CUST604,2025-11-17,Cancelled,55.06
2443,CUST240,2025-05-21,Returned,184.09
2444,CUST633,2025-05-29,Cancelled,121.25
2445,CUST871,2025-09-28,Returned,38.25
2446,CUST29,2026-01-15,Returned,77.17
2447,CUST54,2025-10-25,Delivered,87.42
2448,CUST29,2025-09-28,Delivered,145.99
2449,CUST859,2025-08-28,Returned,93.88
2450,CUST780,2026-03-14,Cancelled,91.69
2451,CUST774,2025-10-03,Delivered,100.1
2452,CUST163,2025-11-27,Cancelled,82.28
2453,CUST957,2025-09-06,Delivered,81.15
2454,CUST149,2025-07-14,Returned,194.33
2455,CUST231,2025-09-26,Cancelled,107.27
2456,CUST935,2025-11-07,Delivered,38.1
2457,CUST964,2025-10-04,Cancelled,68.83
2458,CUST543,2025-12-07,Delivered,140.45
2459,CUST813,2025-10-18,Cancelled,23.3
2460,CUST504,2025-09-15,Delivered,115.44
2461,CUST155,2025-05-19,Delivered,168.15
2462,CUST174,2026-01-23,Delivered,167.69
2463,CUST323,2025-08-29,Delivered,96.23
2464,CUST877,2025-05-16,Returned,88.3
2465,CUST406,2025-09-16,Returned,110.72
2466,CUST281,2025-10-22,Delivered,166.23
2467,CUST165,2025-05-28,Delivered,123.23
2468,CUST328,2025-09-07,Cancelled,153.6
2469,CUST652,2025-09-28,Cancelled,29.58
2470,CUST959,2026-04-09,Delivered,33.3
2471,CUST575,2025-07-17,Cancelled,93.8
2472,CUST72,2025-05-25,Delivered,42.06
2473,CUST665,2026-02-06,Cancelled,181.23
2474,CUST891,2025-06-01,Delivered,21.12
2475,CUST466,2025-07-30,Delivered,154.8
2476,CUST709,2025-05-24,Returned,43.87
2477,CUST146,2025-07-28,Delivered,121.51
2478,CUST53,2025-05-29,Delivered,84.93
2479,CUST720,2025-05-30,Cancelled,53.2
2480,CUST13,2025-08-18,Cancelled,80.21
2481,CUST724,2025-09-23,Delivered,88.56
2482,CUST670,2025-10-22,Delivered,72.43
2483,CUST350,2025-11-05,Returned,125.58
2484,CUST74,2026-04-21,Delivered,175.46
2485,CUST347,2025-06-12,Delivered,119.5
2486,CUST825,2026-03-15,Cancelled,110.23
2487,CUST800,2025-10-06,Cancelled,40.51
2488,CUST968,2026-02-24,Returned,128.19
2489,CUST108,2025-08-18,Delivered,179.52
2490,CUST597,2026-03-05,Delivered,135.82
2491,CUST361,2026-02-01,Cancelled,179.53
2492,CUST538,2026-03-22,Delivered,146.05
2493,CUST381,2026-03-17,Returned,59.5
2494,CUST335,2025-08-07,Cancelled,116.55
2495,CUST47,2025-10-02,Returned,166.31
2496,CUST20,2025-07-19,Delivered,115.37
2497,CUST640,2025-10-03,Returned,84.79
2498,CUST120,2026-05-09,Returned,75.34
2499,CUST780,2026-04-07,Delivered,120.6
2500,CUST365,2026-02-22,Delivered,153.64
2501,CUST312,2025-07-08,Delivered,129.28
2502,CUST12,2026-02-08,Delivered,45.69
2503,CUST322,2026-04-07,Cancelled,34.68
2504,CUST894,2026-03-15,Delivered,53.9
2505,CUST70,2025-11-13,Returned,56.09
2506,CUST616,2025-06-06,Returned,156.27
2507,CUST57,2025-12-20,Cancelled,149.09
2508,CUST715,2026-02-17,Cancelled,178.4
2509,CUST67,2025-11-18,Returned,42.02
2510,CUST749,2025-06-17,Returned,77.93
2511,CUST347,2025-06-03,Delivered,65.99
2512,CUST458,2026-04-17,Delivered,144.49
2513,CUST493,2025-08-18,Delivered,126.36
2514,CUST642,2026-04-02,Cancelled,194.41
2515,CUST353,2026-01-19,Cancelled,54.3
2516,CUST35,2026-03-27,Returned,27.16
2517,CUST429,2025-08-31,Delivered,150.01
2518,CUST40,2025-08-05,Delivered,79.99
2519,CUST988,2025-08-16,Returned,97.63
2520,CUST880,2026-02-01,Cancelled,147.78
2521,CUST586,2026-03-16,Delivered,115.61
2522,CUST976,2026-02-09,Cancelled,48.48
2523,CUST219,2025-10-09,Delivered,103.38
2524,CUST246,2025-08-04,Cancelled,129.93
2525,CUST149,2026-05-07,Returned,171.79
2526,CUST630,2025-06-01,Cancelled,125.89
2527,CUST624,2026-02-20,Returned,192.53
2528,CUST383,2025-11-28,Cancelled,102.33
2529,CUST503,2025-12-11,Returned,28.62
2530,CUST254,2026-01-24,Returned,106.35
2531,CUST32,2026-01-14,Delivered,139.16
2532,CUST887,2025-10-24,Delivered,165.84
2533,CUST461,2025-09-24,Returned,159.48
2534,CUST430,2025-09-14,Cancelled,103.19
2535,CUST705,2026-02-18,Cancelled,146.06
2536,CUST197,2025-09-05,Delivered,65.47
2537,CUST441,2026-01-06,Delivered,107.45
2538,CUST484,2025-06-18,Cancelled,76.06
2539,CUST864,2026-02-27,Returned,158.81
2540,CUST580,2025-08-31,Returned,26.6
2541,CUST443,2025-07-02,Returned,128.75
2542,CUST256,2025-12-20,Delivered,198.9
2543,CUST250,2026-03-23,Cancelled,168.93
2544,CUST375,2025-06-15,Returned,126.23
2545,CUST130,2025-10-13,Cancelled,152.17
2546,CUST620,2025-10-08,Cancelled,26.15
2547,CUST941,2025-07-13,Delivered,109.61
2548,CUST585,2025-07-05,Cancelled,117.23
2549,CUST793,2026-04-30,Returned,194.63
2550,CUST519,2026-01-20,Cancelled,46.98
2551,CUST757,2025-08-24,Cancelled,112.75
2552,CUST714,2026-04-18,Cancelled,132.86
2553,CUST930,2025-07-13,Delivered,184.75
2554,CUST936,2025-12-03,Cancelled,92.74
2555,CUST935,2026-01-09,Delivered,80.18
2556,CUST67,2026-02-15,Returned,77.67
2557,CUST546,2026-05-01,Delivered,185.94
2558,CUST850,2025-11-09,Returned,28.66
2559,CUST396,2025-08-19,Cancelled,189.51
2560,CUST313,2025-06-25,Returned,84.95
2561,CUST570,2025-07-21,Returned,160.86
2562,CUST912,2025-11-23,Delivered,93.13
2563,CUST873,2025-06-19,Returned,54.45
2564,CUST251,2025-09-28,Returned,49.04
2565,CUST355,2026-03-01,Cancelled,120.21
2566,CUST839,2025-07-06,Cancelled,21.0
2567,CUST115,2025-09-04,Delivered,150.97
2568,CUST497,2025-06-07,Returned,124.39
2569,CUST465,2025-09-19,Returned,150.58
2570,CUST59,2025-06-20,Delivered,180.37
2571,CUST359,2026-03-05,Returned,129.38
2572,CUST30,2025-12-28,Returned,75.74
2573,CUST851,2025-09-17,Returned,90.46
2574,CUST200,2026-04-02,Returned,24.5
2575,CUST988,2025-06-24,Cancelled,120.15
2576,CUST710,2025-07-23,Delivered,76.33
2577,CUST593,2025-12-11,Cancelled,60.45
2578,CUST540,2025-07-08,Returned,21.55
2579,CUST464,2026-01-02,Cancelled,116.02
2580,CUST781,2025-08-09,Cancelled,186.27
2581,CUST906,2026-05-03,Cancelled,94.99
2582,CUST242,2026-04-27,Cancelled,190.16
2583,CUST391,2026-01-10,Cancelled,133.0
2584,CUST760,2025-06-20,Cancelled,119.53
2585,CUST443,2025-12-12,Returned,191.28
2586,CUST702,2025-07-26,Cancelled,155.2
2587,CUST974,2026-02-17,Delivered,152.6
2588,CUST643,2025-11-07,Cancelled,154.64
2589,CUST313,2025-10-21,Returned,160.6
2590,CUST739,2026-01-04,Returned,91.49
2591,CUST602,2025-09-03,Cancelled,39.29
2592,CUST143,2025-07-01,Delivered,76.54
2593,CUST211,2025-06-14,Cancelled,73.77
2594,CUST245,2026-04-07,Delivered,160.37
2595,CUST684,2025-12-19,Cancelled,189.78
2596,CUST787,2026-02-19,Delivered,191.0
2597,CUST489,2026-05-03,Returned,70.76
2598,CUST544,2025-09-26,Returned,60.06
2599,CUST750,2025-09-12,Delivered,73.97
2600,CUST665,2025-06-13,Returned,160.42
2601,CUST695,2025-11-26,Cancelled,174.72
2602,CUST826,2025-09-17,Returned,132.18
2603,CUST769,2025-08-06,Cancelled,118.65
2604,CUST730,2025-11-21,Returned,196.91
2605,CUST708,2025-07-08,Returned,62.77
2606,CUST512,2025-12-13,Returned,63.06
2607,CUST302,2025-09-07,Delivered,125.82
2608,CUST855,2025-08-18,Cancelled,115.97
2609,CUST190,2026-04-02,Returned,131.74
2610,CUST151,2026-02-22,Cancelled,131.93
2611,CUST149,2025-11-12,Delivered,132.85
2612,CUST674,2026-03-14,Returned,134.57
2613,CUST550,2025-08-22,Delivered,88.23
2614,CUST53,2026-04-06,Delivered,143.19
2615,CUST219,2026-01-22,Delivered,178.64
2616,CUST539,2026-02-07,Cancelled,131.56
2617,CUST190,2025-06-28,Delivered,109.86
2618,CUST650,2026-02-20,Delivered,107.92
2619,CUST510,2025-08-01,Returned,162.47
2620,CUST111,2025-06-30,Cancelled,191.61
2621,CUST179,2025-10-10,Returned,89.72
2622,CUST856,2025-05-29,Delivered,50.32
2623,CUST393,2025-05-18,Returned,22.41
2624,CUST826,2025-10-21,Cancelled,108.76
2625,CUST96,2025-07-31,Delivered,74.51
2626,CUST896,2025-06-30,Delivered,142.7
2627,CUST561,2025-11-09,Returned,90.62
2628,CUST128,2025-05-31,Cancelled,35.51
2629,CUST104,2025-10-24,Cancelled,127.2
2630,CUST736,2026-05-06,Cancelled,159.23
2631,CUST904,2025-06-20,Returned,66.85
2632,CUST898,2025-12-11,Delivered,55.17
2633,CUST779,2026-01-12,Delivered,82.93
2634,CUST627,2026-04-02,Returned,70.62
2635,CUST91,2025-05-27,Cancelled,65.48
2636,CUST454,2025-05-29,Delivered,50.8
2637,CUST732,2026-01-24,Cancelled,24.89
2638,CUST851,2025-05-26,Cancelled,80.25
2639,CUST917,2025-06-03,Cancelled,91.0
2640,CUST346,2026-03-20,Delivered,121.25
2641,CUST371,2025-12-27,Returned,66.79
2642,CUST838,2025-09-10,Returned,147.27
2643,CUST418,2025-05-21,Returned,126.73
2644,CUST814,2025-11-24,Delivered,113.08
2645,CUST24,2026-04-20,Delivered,37.34
2646,CUST440,2025-08-03,Returned,72.14
2647,CUST533,2025-12-31,Returned,58.68
2648,CUST988,2026-02-13,Returned,179.19
2649,CUST657,2026-03-21,Delivered,43.81
2650,CUST880,2025-08-14,Returned,137.69
2651,CUST422,2026-02-07,Cancelled,140.67
2652,CUST558,2026-01-21,Delivered,44.55
2653,CUST448,2025-07-16,Returned,129.91
2654,CUST514,2026-03-07,Delivered,20.68
2655,CUST560,2025-09-29,Cancelled,69.56
2656,CUST90,2025-08-23,Cancelled,24.41
2657,CUST91,2025-10-23,Delivered,175.59
2658,CUST352,2025-07-22,Cancelled,187.83
2659,CUST545,2026-03-02,Delivered,110.43
2660,CUST359,2025-05-17,Delivered,100.83
2661,CUST423,2025-09-13,Cancelled,105.79
2662,CUST498,2026-01-23,Cancelled,127.97
2663,CUST778,2026-01-25,Cancelled,41.11
2664,CUST209,2026-05-07,Returned,28.84
2665,CUST593,2026-04-07,Returned,50.73
2666,CUST759,2025-07-18,Cancelled,45.42
2667,CUST180,2026-04-28,Cancelled,110.89
2668,CUST297,2026-03-21,Returned,80.56
2669,CUST790,2025-06-12,Delivered,197.51
2670,CUST335,2026-03-15,Cancelled,47.15
2671,CUST779,2026-01-12,Cancelled,81.99
2672,CUST25,2025-06-17,Cancelled,92.18
2673,CUST860,2025-12-09,Cancelled,23.17
2674,CUST823,2026-04-19,Cancelled,147.4
2675,CUST533,2026-04-02,Delivered,129.76
2676,CUST175,2025-05-23,Delivered,104.4
2677,CUST538,2025-10-30,Cancelled,98.87
2678,CUST722,2025-06-15,Cancelled,20.4
2679,CUST522,2025-07-07,Cancelled,140.28
2680,CUST347,2025-10-29,Returned,51.13
2681,CUST159,2025-10-16,Cancelled,88.85
2682,CUST174,2025-10-12,Cancelled,155.35
2683,CUST134,2025-06-14,Delivered,67.37
2684,CUST546,2026-01-31,Delivered,61.6
2685,CUST96,2025-09-12,Delivered,164.42
2686,CUST171,2025-07-22,Cancelled,21.94
2687,CUST603,2025-11-03,Returned,136.13
2688,CUST540,2025-10-01,Delivered,64.55
2689,CUST810,2026-01-27,Delivered,97.88
2690,CUST890,2026-01-14,Returned,63.87
2691,CUST537,2026-03-17,Returned,62.93
2692,CUST300,2025-07-11,Cancelled,37.04
2693,CUST590,2025-08-17,Cancelled,178.19
2694,CUST434,2025-11-29,Cancelled,63.28
2695,CUST335,2025-09-25,Returned,145.38
2696,CUST987,2025-10-06,Cancelled,34.88
2697,CUST352,2026-04-03,Cancelled,116.72
2698,CUST615,2025-08-19,Cancelled,28.09
2699,CUST911,2026-04-04,Cancelled,51.73
2700,CUST232,2025-07-16,Returned,121.48
2701,CUST149,2025-09-20,Returned,145.57
2702,CUST291,2026-03-26,Delivered,93.03
2703,CUST23,2026-04-14,Returned,193.84
2704,CUST515,2025-10-16,Delivered,149.64
2705,CUST712,2025-08-10,Delivered,22.68
2706,CUST952,2025-11-14,Returned,23.79
2707,CUST673,2025-06-10,Delivered,91.16
2708,CUST629,2026-03-26,Cancelled,124.36
2709,CUST157,2026-05-12,Cancelled,95.65
2710,CUST931,2025-06-16,Returned,182.79
2711,CUST261,2025-08-22,Delivered,21.5
2712,CUST48,2026-04-18,Delivered,129.34
2713,CUST833,2026-01-18,Returned,33.47
2714,CUST693,2026-02-15,Cancelled,80.12
2715,CUST299,2026-04-03,Returned,74.23
2716,CUST261,2025-10-12,Returned,55.6
2717,CUST621,2026-03-26,Delivered,62.75
2718,CUST476,2025-10-13,Cancelled,103.56
2719,CUST817,2025-12-31,Cancelled,57.47
2720,CUST682,2025-12-23,Delivered,33.39
2721,CUST212,2026-05-12,Delivered,155.87
2722,CUST212,2026-02-20,Returned,143.8
2723,CUST497,2025-06-07,Cancelled,147.7
2724,CUST357,2025-07-26,Delivered,144.65
2725,CUST208,2026-01-07,Returned,142.03
2726,CUST827,2025-08-30,Cancelled,30.05
2727,CUST883,2025-12-31,Returned,177.98
2728,CUST170,2026-03-08,Returned,164.17
2729,CUST2,2025-10-13,Delivered,111.93
2730,CUST865,2025-10-28,Delivered,55.7
2731,CUST749,2025-12-01,Delivered,24.76
2732,CUST586,2025-07-23,Cancelled,79.83
2733,CUST88,2025-10-09,Cancelled,81.95
2734,CUST134,2025-10-20,Returned,54.92
2735,CUST759,2026-02-22,Delivered,145.3
2736,CUST185,2026-03-25,Cancelled,187.35
2737,CUST81,2025-08-13,Delivered,72.57
2738,CUST857,2025-12-16,Cancelled,81.13
2739,CUST937,2025-12-17,Delivered,130.65
2740,CUST182,2025-11-30,Returned,86.21
2741,CUST221,2026-04-03,Returned,76.21
2742,CUST312,2025-08-07,Delivered,144.24
2743,CUST154,2025-11-10,Cancelled,183.18
2744,CUST84,2025-06-29,Cancelled,80.72
2745,CUST328,2025-06-09,Delivered,97.02
2746,CUST988,2025-08-14,Delivered,142.16
2747,CUST523,2026-03-28,Returned,85.54
2748,CUST604,2026-03-22,Cancelled,107.88
2749,CUST477,2025-08-11,Returned,21.18
2750,CUST552,2025-07-09,Cancelled,147.65
2751,CUST95,2026-04-20,Returned,99.07
2752,CUST414,2025-09-29,Returned,84.0
2753,CUST906,2025-06-27,Returned,154.83
2754,CUST577,2026-04-22,Cancelled,172.09
2755,CUST477,2025-05-30,Cancelled,166.02
2756,CUST207,2025-05-27,Cancelled,51.43
2757,CUST172,2026-02-23,Delivered,80.26
2758,CUST591,2026-04-21,Delivered,42.18
2759,CUST589,2026-05-10,Delivered,151.74
2760,CUST260,2025-11-14,Cancelled,191.12
2761,CUST284,2025-12-02,Delivered,76.15
2762,CUST883,2025-11-18,Delivered,35.18
2763,CUST492,2025-09-01,Cancelled,167.75
2764,CUST749,2026-03-19,Returned,44.16
2765,CUST133,2026-05-02,Returned,60.52
2766,CUST956,2025-08-11,Delivered,68.48
2767,CUST350,2026-05-05,Delivered,195.27
2768,CUST774,2026-02-22,Returned,37.28
2769,CUST919,2025-10-02,Returned,188.9
2770,CUST853,2025-08-21,Returned,52.84
2771,CUST318,2025-08-23,Delivered,44.47
2772,CUST537,2026-02-15,Delivered,54.98
2773,CUST930,2025-12-23,Delivered,184.57
2774,CUST26,2025-10-01,Cancelled,151.18
2775,CUST829,2025-06-12,Cancelled,163.16
2776,CUST685,2026-05-14,Returned,174.8
2777,CUST924,2026-01-24,Cancelled,173.83
2778,CUST454,2026-05-04,Delivered,100.27
2779,CUST530,2025-05-27,Delivered,90.31
2780,CUST215,2026-04-01,Returned,98.72
2781,CUST416,2025-08-25,Delivered,46.85
2782,CUST174,2025-08-30,Delivered,190.84
2783,CUST892,2025-11-10,Delivered,139.52
2784,CUST343,2025-08-17,Delivered,81.34
2785,CUST445,2025-09-22,Delivered,152.03
2786,CUST987,2025-08-05,Delivered,26.49
2787,CUST19,2025-07-16,Returned,110.77
2788,CUST876,2025-09-26,Cancelled,33.16
2789,CUST633,2025-06-06,Returned,168.56
2790,CUST461,2026-03-31,Cancelled,106.25
2791,CUST683,2025-10-04,Cancelled,107.88
2792,CUST180,2025-12-06,Returned,36.44
2793,CUST778,2025-08-21,Delivered,171.72
2794,CUST412,2025-05-16,Delivered,184.42
2795,CUST582,2026-03-29,Returned,103.48
2796,CUST319,2025-07-06,Returned,45.38
2797,CUST601,2025-07-18,Delivered,116.84
2798,CUST163,2026-03-05,Delivered,65.78
2799,CUST241,2025-10-16,Returned,119.35
2800,CUST998,2025-09-08,Returned,101.81
2801,CUST718,2026-02-04,Delivered,68.85
2802,CUST640,2026-03-23,Delivered,72.22
2803,CUST759,2025-06-02,Cancelled,155.71
2804,CUST432,2025-12-06,Delivered,190.62
2805,CUST397,2025-06-14,Returned,127.68
2806,CUST315,2026-01-22,Cancelled,30.91
2807,CUST217,2026-03-29,Delivered,62.27
2808,CUST160,2025-11-28,Returned,116.95
2809,CUST65,2025-12-29,Cancelled,75.37
2810,CUST583,2025-12-13,Delivered,99.78
2811,CUST698,2026-02-14,Delivered,99.87
2812,CUST156,2026-01-19,Cancelled,63.74
2813,CUST499,2026-05-07,Cancelled,179.78
2814,CUST861,2026-01-27,Cancelled,29.53
2815,CUST344,2025-10-31,Returned,61.2
2816,CUST418,2026-04-17,Delivered,150.22
2817,CUST568,2025-05-19,Returned,189.57
2818,CUST640,2025-09-29,Cancelled,182.92
2819,CUST604,2025-09-28,Delivered,181.95
2820,CUST247,2026-04-19,Delivered,109.75
2821,CUST387,2026-04-29,Delivered,144.38
2822,CUST931,2026-04-08,Cancelled,59.85
2823,CUST593,2025-08-04,Delivered,194.55
2824,CUST741,2025-11-20,Returned,126.04
2825,CUST348,2025-06-30,Cancelled,71.2
2826,CUST756,2025-07-29,Cancelled,136.55
2827,CUST936,2025-08-03,Returned,116.84
2828,CUST556,2025-12-18,Delivered,184.87
2829,CUST185,2025-10-13,Cancelled,83.28
2830,CUST217,2026-05-06,Delivered,133.17
2831,CUST232,2025-09-25,Returned,77.47
2832,CUST962,2025-08-02,Delivered,95.76
2833,CUST497,2026-03-19,Cancelled,153.17
2834,CUST518,2025-07-17,Delivered,43.17
2835,CUST151,2025-06-01,Returned,92.78
2836,CUST420,2026-02-10,Returned,142.65
2837,CUST654,2025-07-29,Delivered,138.63
2838,CUST235,2026-05-10,Delivered,34.0
2839,CUST672,2025-07-26,Returned,73.58
2840,CUST467,2026-04-08,Delivered,190.89
2841,CUST238,2025-05-25,Returned,194.46
2842,CUST155,2026-02-24,Returned,171.01
2843,CUST28,2026-02-01,Returned,95.53
2844,CUST10,2026-03-01,Cancelled,134.79
2845,CUST497,2025-11-09,Cancelled,163.92
2846,CUST254,2025-10-20,Cancelled,192.9
2847,CUST262,2025-07-08,Delivered,31.05
2848,CUST535,2025-06-08,Returned,72.27
2849,CUST386,2026-02-18,Returned,73.43
2850,CUST76,2026-01-30,Delivered,79.72
2851,CUST638,2026-04-18,Delivered,47.96
2852,CUST25,2025-07-01,Cancelled,119.68
2853,CUST340,2026-01-05,Cancelled,64.55
2854,CUST822,2026-02-19,Cancelled,47.47
2855,CUST410,2025-09-06,Cancelled,26.87
2856,CUST863,2025-09-02,Cancelled,112.34
2857,CUST879,2026-05-04,Delivered,31.24
2858,CUST192,2025-12-03,Returned,181.51
2859,CUST693,2025-11-06,Delivered,78.48
2860,CUST35,2026-02-10,Cancelled,76.41
2861,CUST992,2026-04-30,Delivered,171.73
2862,CUST591,2026-03-29,Delivered,96.07
2863,CUST194,2026-02-21,Cancelled,137.96
2864,CUST295,2025-07-30,Cancelled,172.57
2865,CUST133,2025-10-23,Returned,56.21
2866,CUST955,2025-07-13,Returned,90.31
2867,CUST688,2025-07-31,Returned,39.92
2868,CUST846,2025-07-15,Returned,104.96
2869,CUST710,2025-08-13,Returned,156.78
2870,CUST514,2025-12-31,Returned,117.24
2871,CUST127,2025-06-03,Returned,49.41
2872,CUST485,2026-05-14,Returned,85.5
2873,CUST945,2026-01-03,Delivered,48.04
2874,CUST175,2025-10-31,Delivered,191.77
2875,CUST88,2025-09-06,Returned,59.19
2876,CUST708,2025-09-14,Cancelled,33.66
2877,CUST76,2025-05-28,Delivered,80.22
2878,CUST180,2026-01-04,Cancelled,190.42
2879,CUST371,2026-02-03,Cancelled,185.32
2880,CUST835,2026-02-21,Delivered,141.93
2881,CUST83,2025-05-31,Returned,163.18
2882,CUST434,2025-11-07,Returned,136.8
2883,CUST165,2026-01-19,Delivered,135.44
2884,CUST836,2025-09-14,Returned,43.44
2885,CUST585,2026-03-22,Delivered,104.63
2886,CUST179,2026-03-13,Cancelled,51.55
2887,CUST778,2026-03-07,Returned,35.09
2888,CUST916,2026-05-10,Returned,99.46
2889,CUST457,2025-07-14,Delivered,21.71
2890,CUST882,2025-12-09,Delivered,105.13
2891,CUST538,2025-07-22,Cancelled,130.59
2892,CUST164,2025-06-13,Returned,192.69
2893,CUST189,2026-02-07,Returned,182.86
2894,CUST773,2025-05-16,Delivered,20.16
2895,CUST332,2025-10-04,Cancelled,117.81
2896,CUST882,2026-02-23,Returned,30.07
2897,CUST764,2026-01-14,Delivered,187.39
2898,CUST449,2026-04-20,Delivered,182.87
2899,CUST76,2026-02-06,Returned,139.7
2900,CUST711,2026-03-30,Returned,97.59
2901,CUST223,2025-10-15,Returned,197.43
2902,CUST911,2025-07-12,Returned,138.75
2903,CUST492,2025-06-13,Returned,23.93
2904,CUST914,2025-11-15,Cancelled,63.31
2905,CUST323,2025-12-15,Cancelled,26.46
2906,CUST930,2026-01-18,Delivered,132.55
2907,CUST153,2025-12-13,Returned,179.23
2908,CUST280,2025-11-17,Returned,179.22
2909,CUST686,2025-08-16,Delivered,188.97
2910,CUST439,2025-10-15,Returned,55.85
2911,CUST548,2026-02-01,Returned,23.98
2912,CUST267,2025-11-20,Returned,104.83
2913,CUST256,2025-05-21,Cancelled,101.59
2914,CUST960,2026-03-13,Delivered,163.59
2915,CUST848,2025-12-03,Delivered,154.67
2916,CUST355,2026-03-09,Returned,176.85
2917,CUST53,2026-04-26,Returned,182.88
2918,CUST819,2026-01-08,Delivered,37.69
2919,CUST360,2026-02-14,Delivered,24.35
2920,CUST967,2025-10-16,Cancelled,35.31
2921,CUST946,2025-09-30,Returned,170.35
2922,CUST196,2025-05-30,Returned,45.63
2923,CUST696,2025-11-30,Delivered,28.65
2924,CUST600,2025-08-01,Cancelled,122.36
2925,CUST976,2025-08-05,Delivered,107.12
2926,CUST11,2025-08-21,Cancelled,32.91
2927,CUST843,2026-02-21,Returned,145.33
2928,CUST169,2025-08-08,Delivered,180.63
2929,CUST23,2026-01-12,Cancelled,73.1
2930,CUST533,2025-10-19,Delivered,194.41
2931,CUST872,2026-03-10,Delivered,190.69
2932,CUST968,2025-10-31,Delivered,121.67
2933,CUST915,2025-05-25,Delivered,28.25
2934,CUST473,2026-02-16,Returned,144.4
2935,CUST965,2025-07-23,Returned,120.71
2936,CUST192,2025-10-22,Delivered,173.65
2937,CUST624,2025-11-10,Cancelled,112.03
2938,CUST772,2025-09-16,Cancelled,20.14
2939,CUST303,2026-01-28,Delivered,69.82
2940,CUST421,2025-08-28,Delivered,128.42
2941,CUST331,2026-01-29,Delivered,74.0
2942,CUST230,2025-05-28,Delivered,174.81
2943,CUST666,2025-06-11,Cancelled,126.82
2944,CUST21,2025-07-19,Cancelled,127.45
2945,CUST937,2025-08-19,Returned,168.92
2946,CUST690,2026-02-20,Cancelled,34.51
2947,CUST367,2025-06-20,Cancelled,150.4
2948,CUST197,2025-10-11,Delivered,125.45
2949,CUST619,2026-02-17,Delivered,135.38
2950,CUST933,2026-04-11,Cancelled,46.5
2951,CUST279,2026-04-10,Returned,78.24
2952,CUST124,2025-11-13,Returned,107.87
2953,CUST783,2025-09-06,Delivered,25.0
2954,CUST890,2026-04-07,Returned,94.22
2955,CUST124,2026-03-21,Returned,46.0
2956,CUST522,2026-01-10,Delivered,180.83
2957,CUST8,2026-04-13,Delivered,187.05
2958,CUST733,2025-12-06,Cancelled,84.75
2959,CUST649,2025-09-29,Returned,196.87
2960,CUST561,2026-04-25,Delivered,151.38
2961,CUST428,2025-10-14,Cancelled,184.47
2962,CUST719,2025-11-17,Cancelled,185.42
2963,CUST355,2025-08-10,Returned,151.56
2964,CUST533,2025-09-22,Cancelled,104.22
2965,CUST344,2026-01-14,Returned,31.38
2966,CUST130,2026-04-19,Returned,67.53
2967,CUST555,2026-03-18,Delivered,22.95
2968,CUST489,2026-04-02,Returned,40.85
2969,CUST170,2026-02-05,Returned,118.92
2970,CUST969,2025-12-26,Delivered,91.84
2971,CUST411,2025-10-27,Delivered,185.81
2972,CUST355,2025-08-17,Delivered,148.43
2973,CUST439,2025-07-17,Delivered,44.02
2974,CUST23,2025-08-12,Cancelled,60.07
2975,CUST127,2026-03-04,Returned,110.74
2976,CUST786,2025-12-09,Cancelled,132.33
2977,CUST473,2025-09-01,Cancelled,113.73
2978,CUST422,2025-06-18,Delivered,156.07
2979,CUST204,2025-09-23,Returned,135.49
2980,CUST139,2025-07-18,Returned,70.9
2981,CUST17,2025-06-23,Cancelled,135.82
2982,CUST176,2026-04-22,Delivered,124.7
2983,CUST918,2025-06-01,Returned,188.23
2984,CUST671,2026-03-11,Returned,61.27
2985,CUST335,2025-07-21,Delivered,44.22
2986,CUST307,2026-01-04,Cancelled,96.9
2987,CUST94,2025-07-28,Cancelled,165.17
2988,CUST270,2026-05-07,Delivered,53.65
2989,CUST797,2025-12-10,Returned,166.49
2990,CUST905,2025-10-12,Delivered,134.1
2991,CUST618,2026-04-20,Cancelled,52.96
2992,CUST876,2025-09-25,Cancelled,67.22
2993,CUST438,2025-06-07,Delivered,56.46
2994,CUST18,2026-01-12,Delivered,169.6
2995,CUST510,2026-02-19,Cancelled,73.84
2996,CUST737,2026-02-09,Delivered,187.07
2997,CUST672,2025-07-11,Returned,79.72
2998,CUST47,2026-04-26,Returned,101.74
2999,CUST841,2025-12-03,Delivered,125.03
3000,CUST863,2025-09-10,Returned,136.02
3001,CUST160,2026-02-04,Delivered,79.24
3002,CUST132,2026-02-17,Cancelled,124.26
3003,CUST977,2026-02-15,Cancelled,47.96
3004,CUST262,2025-09-30,Delivered,99.05
3005,CUST109,2026-03-26,Delivered,123.93
3006,CUST330,2026-04-23,Delivered,121.61
3007,CUST734,2025-11-09,Returned,157.17
3008,CUST481,2026-04-30,Cancelled,61.69
3009,CUST781,2025-09-24,Delivered,78.45
3010,CUST955,2026-03-19,Returned,21.32
3011,CUST978,2026-02-14,Cancelled,192.89
3012,CUST629,2025-07-27,Cancelled,75.84
3013,CUST601,2026-02-22,Delivered,63.57
3014,CUST887,2026-03-10,Delivered,42.66
3015,CUST529,2025-07-13,Returned,23.83
3016,CUST364,2026-04-24,Delivered,72.49
3017,CUST198,2025-10-15,Cancelled,85.77
3018,CUST704,2026-02-05,Delivered,57.35
3019,CUST210,2025-08-27,Delivered,107.48
3020,CUST852,2025-12-08,Returned,164.85
3021,CUST444,2025-06-21,Delivered,190.78
3022,CUST882,2025-09-21,Cancelled,54.95
3023,CUST270,2025-08-06,Returned,48.59
3024,CUST960,2026-03-07,Delivered,140.77
3025,CUST818,2025-12-15,Delivered,179.02
3026,CUST113,2025-08-16,Returned,160.03
3027,CUST846,2025-06-26,Returned,171.25
3028,CUST356,2025-09-02,Delivered,113.21
3029,CUST739,2026-01-12,Cancelled,42.78
3030,CUST276,2025-07-29,Delivered,184.75
3031,CUST957,2026-01-30,Returned,197.79
3032,CUST304,2026-01-10,Delivered,134.61
3033,CUST645,2025-06-10,Delivered,159.35
3034,CUST948,2026-05-02,Cancelled,33.45
3035,CUST500,2026-04-20,Returned,109.93
3036,CUST964,2026-01-29,Cancelled,75.5
3037,CUST475,2026-03-30,Cancelled,111.77
3038,CUST177,2026-02-04,Cancelled,83.2
3039,CUST871,2025-09-15,Cancelled,141.86
3040,CUST284,2026-02-02,Returned,146.06
3041,CUST153,2026-01-19,Returned,31.73
3042,CUST339,2025-07-18,Returned,107.1
3043,CUST626,2025-08-19,Delivered,154.39
3044,CUST328,2026-03-07,Delivered,112.95
3045,CUST808,2026-03-13,Returned,92.84
3046,CUST69,2025-07-30,Returned,102.64
3047,CUST132,2025-07-20,Returned,28.39
3048,CUST32,2026-01-06,Delivered,117.63
3049,CUST530,2025-07-21,Cancelled,107.91
3050,CUST464,2025-12-14,Delivered,167.54
3051,CUST818,2026-01-09,Returned,124.3
3052,CUST487,2025-12-25,Delivered,163.5
3053,CUST704,2025-10-24,Delivered,97.33
3054,CUST1000,2026-01-27,Cancelled,180.62
3055,CUST534,2025-08-02,Cancelled,170.33
3056,CUST825,2025-12-07,Delivered,170.88
3057,CUST409,2025-11-21,Delivered,78.15
3058,CUST673,2025-06-12,Cancelled,44.68
3059,CUST697,2025-10-23,Cancelled,179.53
3060,CUST37,2025-10-17,Returned,110.68
3061,CUST197,2026-02-01,Cancelled,191.99
3062,CUST567,2025-06-28,Cancelled,125.11
3063,CUST908,2026-01-06,Cancelled,91.85
3064,CUST624,2025-11-17,Delivered,98.82
3065,CUST398,2026-03-21,Delivered,139.11
3066,CUST541,2026-02-09,Returned,87.16
3067,CUST432,2026-01-11,Cancelled,141.26
3068,CUST928,2025-12-14,Delivered,94.79
3069,CUST54,2026-04-27,Delivered,106.62
3070,CUST715,2025-11-28,Delivered,22.52
3071,CUST32,2025-07-05,Delivered,149.92
3072,CUST753,2025-05-31,Cancelled,70.27
3073,CUST623,2025-12-30,Cancelled,154.67
3074,CUST58,2026-02-17,Delivered,186.39
3075,CUST164,2025-10-19,Cancelled,77.59
3076,CUST370,2025-09-24,Cancelled,79.26
3077,CUST302,2026-01-03,Returned,72.5
3078,CUST60,2026-04-13,Returned,178.16
3079,CUST1,2026-03-19,Delivered,156.72
3080,CUST139,2025-09-03,Cancelled,154.89
3081,CUST891,2026-04-08,Cancelled,162.81
3082,CUST89,2026-03-14,Delivered,97.88
3083,CUST345,2026-04-10,Returned,180.46
3084,CUST308,2026-02-14,Returned,171.44
3085,CUST792,2026-02-14,Cancelled,69.53
3086,CUST644,2026-03-25,Returned,177.91
3087,CUST625,2026-02-05,Cancelled,52.76
3088,CUST529,2025-12-14,Delivered,107.07
3089,CUST908,2025-07-29,Returned,47.39
3090,CUST725,2025-07-16,Returned,58.54
3091,CUST38,2026-02-07,Delivered,192.59
3092,CUST756,2025-10-25,Returned,60.52
3093,CUST776,2025-10-06,Returned,82.75
3094,CUST790,2025-12-20,Returned,32.36
3095,CUST946,2025-12-08,Returned,143.44
3096,CUST14,2025-07-25,Returned,153.17
3097,CUST24,2025-11-13,Delivered,53.49
3098,CUST553,2025-11-29,Returned,125.29
3099,CUST831,2026-04-01,Cancelled,40.82
3100,CUST730,2026-04-02,Delivered,88.31
3101,CUST488,2026-04-11,Delivered,193.08
3102,CUST344,2025-07-27,Returned,37.92
3103,CUST675,2026-01-31,Delivered,143.53
3104,CUST963,2025-11-27,Returned,49.57
3105,CUST787,2026-05-13,Returned,48.07
3106,CUST75,2026-02-23,Cancelled,131.53
3107,CUST833,2025-11-14,Returned,37.25
3108,CUST917,2025-09-27,Cancelled,59.47
3109,CUST422,2025-12-13,Returned,77.56
3110,CUST653,2025-12-23,Returned,60.58
3111,CUST65,2026-02-28,Returned,60.52
3112,CUST902,2025-12-26,Cancelled,185.68
3113,CUST92,2026-01-12,Cancelled,155.52
3114,CUST238,2025-10-15,Cancelled,96.37
3115,CUST593,2025-12-28,Cancelled,160.07
3116,CUST154,2026-01-04,Delivered,167.65
3117,CUST365,2025-08-10,Returned,137.99
3118,CUST652,2026-02-06,Cancelled,64.76
3119,CUST51,2025-09-03,Returned,99.96
3120,CUST464,2026-03-28,Returned,32.62
3121,CUST776,2026-03-24,Returned,134.43
3122,CUST101,2026-05-10,Delivered,177.81
3123,CUST691,2026-01-16,Returned,40.33
3124,CUST631,2025-11-04,Cancelled,192.01
3125,CUST706,2026-05-05,Delivered,181.45
3126,CUST109,2025-08-27,Returned,189.12
3127,CUST523,2025-07-06,Cancelled,47.5
3128,CUST241,2025-06-16,Returned,41.65
3129,CUST947,2025-11-21,Returned,74.18
3130,CUST944,2025-12-08,Returned,39.21
3131,CUST106,2025-06-30,Returned,115.0
3132,CUST56,2025-11-06,Returned,58.29
3133,CUST594,2025-06-05,Delivered,110.44
3134,CUST750,2026-02-11,Returned,190.31
3135,CUST705,2026-02-06,Returned,152.52
3136,CUST371,2026-01-14,Delivered,91.61
3137,CUST450,2026-04-24,Returned,96.25
3138,CUST581,2026-05-11,Delivered,83.66
3139,CUST143,2026-04-30,Returned,57.84
3140,CUST199,2025-09-16,Returned,132.55
3141,CUST4,2025-10-31,Cancelled,121.25
3142,CUST702,2026-04-29,Delivered,199.26
3143,CUST958,2026-04-16,Delivered,167.55
3144,CUST975,2025-12-01,Cancelled,40.11
3145,CUST803,2026-03-02,Delivered,162.45
3146,CUST905,2026-04-01,Delivered,154.18
3147,CUST119,2026-03-15,Cancelled,197.79
3148,CUST951,2026-04-10,Delivered,81.23
3149,CUST201,2025-11-10,Cancelled,196.93
3150,CUST538,2025-10-26,Delivered,41.08
3151,CUST324,2026-05-09,Returned,69.15
3152,CUST408,2026-02-09,Returned,69.2
3153,CUST698,2025-08-15,Returned,31.55
3154,CUST121,2026-01-19,Delivered,107.77
3155,CUST492,2025-06-16,Returned,72.31
3156,CUST951,2026-02-14,Cancelled,149.75
3157,CUST327,2025-11-11,Returned,54.83
3158,CUST839,2026-02-17,Delivered,165.41
3159,CUST514,2026-02-04,Returned,164.96
3160,CUST131,2026-02-28,Returned,143.32
3161,CUST85,2026-01-01,Cancelled,37.37
3162,CUST734,2025-11-22,Returned,176.59
3163,CUST852,2026-01-11,Returned,96.14
3164,CUST410,2025-08-06,Delivered,72.44
3165,CUST205,2025-12-26,Delivered,84.68
3166,CUST745,2025-08-24,Delivered,85.39
3167,CUST797,2025-10-01,Delivered,199.61
3168,CUST800,2026-04-28,Delivered,115.95
3169,CUST933,2026-03-02,Delivered,41.02
3170,CUST583,2026-01-03,Cancelled,80.78
3171,CUST479,2025-11-28,Returned,64.24
3172,CUST715,2026-04-27,Cancelled,163.3
3173,CUST36,2026-04-28,Delivered,125.87
3174,CUST966,2026-01-10,Returned,174.51
3175,CUST52,2025-09-23,Cancelled,166.37
3176,CUST975,2026-01-26,Returned,180.69
3177,CUST918,2026-01-01,Delivered,118.22
3178,CUST963,2026-03-24,Returned,179.41
3179,CUST943,2026-05-08,Delivered,147.82
3180,CUST694,2025-06-10,Cancelled,124.1
3181,CUST377,2025-06-20,Cancelled,30.33
3182,CUST910,2025-06-25,Returned,174.05
3183,CUST747,2026-04-11,Cancelled,157.26
3184,CUST498,2025-08-31,Returned,106.79
3185,CUST582,2026-03-27,Returned,126.0
3186,CUST486,2025-11-26,Delivered,124.07
3187,CUST650,2025-10-04,Returned,113.04
3188,CUST192,2025-08-13,Cancelled,128.91
3189,CUST832,2025-11-30,Returned,20.43
3190,CUST962,2025-08-26,Cancelled,168.17
3191,CUST638,2026-05-10,Delivered,54.85
3192,CUST389,2025-08-22,Delivered,74.97
3193,CUST611,2026-04-01,Cancelled,196.74
3194,CUST610,2025-07-24,Returned,130.77
3195,CUST235,2025-09-04,Delivered,106.58
3196,CUST782,2025-07-17,Delivered,95.82
3197,CUST719,2026-04-09,Cancelled,197.61
3198,CUST913,2025-09-30,Returned,49.62
3199,CUST346,2025-12-24,Returned,181.46
3200,CUST792,2025-11-09,Delivered,67.98
3201,CUST498,2025-07-09,Delivered,195.5
3202,CUST869,2025-09-10,Returned,54.37
3203,CUST266,2025-09-15,Returned,148.53
3204,CUST376,2026-03-09,Cancelled,104.28
3205,CUST779,2025-11-09,Cancelled,78.87
3206,CUST852,2025-10-20,Delivered,96.64
3207,CUST90,2025-07-22,Cancelled,173.2
3208,CUST184,2025-11-15,Cancelled,182.81
3209,CUST786,2026-03-19,Returned,144.9
3210,CUST993,2025-10-21,Delivered,92.34
3211,CUST679,2026-05-15,Cancelled,146.27
3212,CUST126,2025-06-18,Returned,130.22
3213,CUST987,2025-10-04,Delivered,77.36
3214,CUST823,2025-12-07,Cancelled,106.39
3215,CUST541,2025-07-03,Returned,36.93
3216,CUST126,2026-02-08,Returned,72.93
3217,CUST606,2026-04-05,Delivered,95.83
3218,CUST967,2026-02-26,Cancelled,160.8
3219,CUST249,2026-05-01,Delivered,136.72
3220,CUST155,2026-01-17,Cancelled,143.24
3221,CUST609,2025-08-01,Delivered,117.4
3222,CUST821,2025-11-20,Cancelled,79.01
3223,CUST605,2025-06-25,Returned,30.25
3224,CUST584,2025-09-21,Returned,173.43
3225,CUST497,2025-08-12,Cancelled,76.72
3226,CUST39,2025-11-18,Delivered,71.5
3227,CUST185,2025-06-12,Returned,104.26
3228,CUST146,2025-08-19,Returned,29.43
3229,CUST462,2025-10-18,Returned,55.41
3230,CUST809,2026-04-29,Cancelled,124.08
3231,CUST868,2025-05-22,Cancelled,186.1
3232,CUST177,2025-10-01,Returned,165.97
3233,CUST249,2025-12-27,Cancelled,37.65
3234,CUST911,2025-12-04,Cancelled,58.86
3235,CUST566,2026-05-12,Cancelled,180.67
3236,CUST707,2026-05-04,Cancelled,131.9
3237,CUST59,2026-04-15,Delivered,180.29
3238,CUST917,2025-05-18,Delivered,88.08
3239,CUST861,2025-06-20,Delivered,65.52
3240,CUST481,2026-01-08,Delivered,32.28
3241,CUST941,2026-04-06,Delivered,72.9
3242,CUST532,2025-11-15,Returned,162.51
3243,CUST57,2025-12-25,Returned,162.36
3244,CUST230,2025-06-28,Delivered,117.97
3245,CUST970,2025-07-11,Returned,107.1
3246,CUST780,2025-12-31,Returned,34.05
3247,CUST462,2025-09-26,Delivered,29.66
3248,CUST314,2026-01-08,Cancelled,68.25
3249,CUST347,2025-09-12,Returned,182.1
3250,CUST152,2026-04-04,Delivered,90.77
3251,CUST605,2025-10-23,Cancelled,198.9
3252,CUST875,2025-11-21,Delivered,132.22
3253,CUST773,2026-01-28,Cancelled,111.54
3254,CUST143,2025-10-06,Returned,192.79
3255,CUST632,2026-03-29,Cancelled,60.46
3256,CUST250,2025-06-13,Cancelled,147.46
3257,CUST302,2025-08-11,Delivered,178.24
3258,CUST848,2026-04-04,Returned,40.81
3259,CUST629,2025-11-30,Delivered,66.19
3260,CUST655,2026-02-10,Returned,20.5
3261,CUST175,2026-02-07,Delivered,35.39
3262,CUST884,2025-08-17,Delivered,26.55
3263,CUST386,2025-12-05,Returned,38.39
3264,CUST703,2026-03-03,Returned,171.37
3265,CUST588,2025-12-03,Delivered,181.37
3266,CUST586,2025-07-13,Delivered,174.98
3267,CUST157,2025-05-24,Returned,101.85
3268,CUST911,2026-02-08,Returned,24.88
3269,CUST645,2025-09-08,Delivered,22.02
3270,CUST159,2026-04-18,Returned,124.77
3271,CUST515,2025-12-05,Returned,27.08
3272,CUST947,2025-07-02,Delivered,105.85
3273,CUST801,2025-10-04,Delivered,163.97
3274,CUST68,2025-08-18,Returned,120.01
3275,CUST977,2026-01-08,Delivered,127.78
3276,CUST897,2025-06-08,Delivered,141.77
3277,CUST195,2025-06-27,Cancelled,156.75
3278,CUST576,2025-11-30,Cancelled,83.13
3279,CUST483,2026-03-05,Returned,86.32
3280,CUST888,2026-03-07,Returned,135.7
3281,CUST60,2026-02-04,Returned,121.31
3282,CUST630,2025-08-07,Delivered,62.33
3283,CUST551,2026-03-15,Delivered,94.35
3284,CUST665,2025-08-26,Cancelled,31.79
3285,CUST978,2026-04-03,Returned,162.03
3286,CUST185,2026-03-05,Cancelled,124.77
3287,CUST255,2025-05-19,Delivered,124.28
3288,CUST29,2026-04-28,Delivered,89.12
3289,CUST415,2025-08-12,Cancelled,98.72
3290,CUST674,2025-09-07,Cancelled,127.5
3291,CUST182,2026-03-24,Cancelled,62.65
3292,CUST431,2025-11-23,Delivered,85.72
3293,CUST897,2026-03-05,Returned,196.01
3294,CUST111,2025-10-07,Returned,52.94
3295,CUST787,2025-07-23,Cancelled,53.26
3296,CUST522,2025-08-16,Delivered,180.95
3297,CUST309,2026-04-12,Returned,102.66
3298,CUST28,2026-04-01,Returned,187.63
3299,CUST871,2025-06-19,Returned,123.82
3300,CUST248,2025-06-04,Returned,48.81
3301,CUST359,2026-04-12,Returned,71.36
3302,CUST570,2025-06-11,Delivered,151.76
3303,CUST640,2025-11-28,Delivered,48.12
3304,CUST926,2026-04-27,Delivered,20.48
3305,CUST60,2025-12-18,Returned,164.53
3306,CUST506,2025-06-11,Delivered,162.56
3307,CUST693,2025-06-03,Cancelled,64.59
3308,CUST293,2026-05-04,Delivered,54.55
3309,CUST163,2025-07-24,Returned,81.24
3310,CUST572,2025-11-29,Cancelled,132.63
3311,CUST597,2025-12-13,Cancelled,156.76
3312,CUST900,2025-08-31,Delivered,145.79
3313,CUST323,2025-05-18,Cancelled,20.89
3314,CUST316,2026-04-25,Cancelled,153.35
3315,CUST655,2026-03-24,Cancelled,161.64
3316,CUST946,2025-10-31,Delivered,180.27
3317,CUST231,2025-09-08,Cancelled,131.3
3318,CUST445,2025-08-06,Delivered,159.06
3319,CUST246,2026-02-12,Cancelled,163.18
3320,CUST216,2026-02-23,Returned,93.36
3321,CUST952,2026-01-27,Returned,118.65
3322,CUST344,2025-12-10,Cancelled,161.46
3323,CUST521,2025-08-01,Cancelled,115.6
3324,CUST629,2025-11-07,Cancelled,147.36
3325,CUST905,2026-04-09,Cancelled,101.25
3326,CUST193,2026-01-06,Delivered,161.8
3327,CUST926,2026-02-23,Cancelled,51.12
3328,CUST337,2026-04-11,Returned,134.19
3329,CUST584,2026-01-27,Cancelled,69.86
3330,CUST179,2026-04-16,Cancelled,198.7
3331,CUST510,2025-07-13,Cancelled,93.23
3332,CUST922,2025-05-25,Delivered,124.12
3333,CUST223,2025-05-22,Returned,129.72
3334,CUST723,2026-03-20,Returned,118.79
3335,CUST989,2025-12-28,Returned,25.01
3336,CUST829,2025-08-07,Cancelled,165.37
3337,CUST452,2026-04-17,Returned,110.27
3338,CUST309,2025-06-15,Cancelled,132.1
3339,CUST9,2026-02-24,Cancelled,154.09
3340,CUST374,2026-02-24,Delivered,169.15
3341,CUST133,2025-07-13,Cancelled,56.2
3342,CUST597,2025-11-22,Delivered,25.57
3343,CUST43,2025-06-05,Cancelled,198.6
3344,CUST712,2026-04-21,Cancelled,124.37
3345,CUST91,2025-06-16,Cancelled,37.03
3346,CUST412,2025-07-21,Delivered,198.84
3347,CUST532,2025-09-23,Returned,20.46
3348,CUST642,2025-12-01,Cancelled,190.8
3349,CUST797,2025-09-26,Returned,175.9
3350,CUST976,2025-05-20,Returned,148.35
3351,CUST206,2026-04-12,Returned,96.97
3352,CUST383,2025-11-24,Cancelled,46.41
3353,CUST766,2026-04-07,Delivered,49.63
3354,CUST782,2025-11-07,Cancelled,137.15
3355,CUST140,2026-05-13,Delivered,43.08
3356,CUST742,2026-05-12,Delivered,68.39
3357,CUST906,2026-04-12,Cancelled,60.17
3358,CUST35,2025-12-23,Returned,42.47
3359,CUST206,2025-10-30,Cancelled,56.83
3360,CUST128,2026-01-17,Returned,77.18
3361,CUST419,2026-01-28,Cancelled,173.4
3362,CUST320,2026-04-18,Returned,147.1
3363,CUST251,2026-03-05,Cancelled,122.8
3364,CUST581,2025-07-25,Cancelled,97.94
3365,CUST441,2025-11-02,Cancelled,182.7
3366,CUST861,2025-09-17,Returned,95.12
3367,CUST708,2025-08-27,Delivered,23.32
3368,CUST871,2025-07-13,Returned,143.6
3369,CUST614,2025-07-17,Delivered,65.96
3370,CUST257,2025-06-27,Returned,133.43
3371,CUST309,2026-04-07,Cancelled,22.63
3372,CUST546,2025-08-31,Delivered,41.62
3373,CUST323,2026-03-25,Delivered,64.51
3374,CUST750,2025-05-19,Cancelled,102.67
3375,CUST952,2025-09-04,Returned,72.95
3376,CUST224,2025-11-12,Returned,107.17
3377,CUST54,2026-02-26,Returned,162.21
3378,CUST480,2025-06-04,Cancelled,177.87
3379,CUST210,2025-12-21,Delivered,103.08
3380,CUST822,2025-11-05,Delivered,166.35
3381,CUST776,2025-11-08,Delivered,31.06
3382,CUST65,2026-05-02,Delivered,196.11
3383,CUST414,2026-01-23,Returned,110.63
3384,CUST717,2025-12-03,Returned,115.3
3385,CUST793,2026-05-10,Delivered,186.66
3386,CUST843,2026-03-10,Returned,183.24
3387,CUST490,2025-12-13,Cancelled,90.23
3388,CUST126,2026-02-02,Cancelled,153.89
3389,CUST346,2025-06-27,Delivered,168.1
3390,CUST168,2025-11-26,Delivered,34.89
3391,CUST950,2026-01-28,Cancelled,170.78
3392,CUST652,2025-10-09,Returned,172.34
3393,CUST694,2025-09-02,Delivered,189.73
3394,CUST880,2026-01-20,Returned,49.36
3395,CUST174,2026-04-30,Returned,179.96
3396,CUST392,2026-01-25,Returned,132.24
3397,CUST534,2026-01-09,Returned,64.19
3398,CUST49,2026-01-29,Delivered,186.33
3399,CUST52,2025-11-19,Delivered,161.25
3400,CUST912,2025-05-22,Returned,126.69
3401,CUST201,2025-06-12,Returned,80.35
3402,CUST552,2025-12-15,Cancelled,126.08
3403,CUST301,2026-03-18,Returned,78.34
3404,CUST812,2025-11-26,Cancelled,107.21
3405,CUST639,2025-07-10,Delivered,169.35
3406,CUST991,2025-10-02,Cancelled,136.8
3407,CUST333,2026-02-02,Delivered,107.87
3408,CUST655,2025-09-06,Cancelled,51.32
3409,CUST36,2025-05-17,Delivered,122.24
3410,CUST703,2026-05-14,Delivered,36.76
3411,CUST645,2026-02-16,Delivered,167.93
3412,CUST408,2025-07-03,Delivered,44.41
3413,CUST7,2025-12-26,Returned,164.41
3414,CUST730,2026-02-25,Delivered,133.56
3415,CUST452,2025-05-23,Delivered,167.02
3416,CUST412,2025-10-09,Delivered,77.38
3417,CUST754,2026-01-18,Returned,135.15
3418,CUST77,2025-07-14,Delivered,48.02
3419,CUST361,2026-05-14,Delivered,60.07
3420,CUST987,2026-03-23,Returned,49.23
3421,CUST354,2026-03-04,Returned,160.6
3422,CUST613,2025-08-25,Cancelled,93.94
3423,CUST451,2026-03-26,Cancelled,182.32
3424,CUST645,2026-01-23,Cancelled,106.71
3425,CUST44,2025-09-09,Cancelled,24.59
3426,CUST739,2025-09-15,Returned,126.35
3427,CUST734,2026-03-12,Delivered,151.99
3428,CUST88,2025-09-20,Delivered,148.68
3429,CUST933,2025-06-06,Returned,72.96
3430,CUST417,2026-02-22,Returned,62.04
3431,CUST192,2025-12-14,Returned,170.69
3432,CUST489,2025-11-26,Cancelled,105.2
3433,CUST122,2025-07-15,Delivered,25.3
3434,CUST52,2025-08-14,Returned,183.8
3435,CUST57,2025-12-18,Cancelled,33.33
3436,CUST996,2025-06-22,Cancelled,143.34
3437,CUST775,2026-01-12,Returned,170.07
3438,CUST877,2026-04-25,Delivered,77.17
3439,CUST281,2026-02-15,Delivered,169.97
3440,CUST111,2026-04-04,Delivered,199.37
3441,CUST557,2025-12-03,Returned,42.73
3442,CUST480,2025-11-02,Returned,148.58
3443,CUST154,2026-02-15,Cancelled,183.37
3444,CUST768,2025-10-17,Delivered,195.02
3445,CUST274,2026-03-02,Returned,55.01
3446,CUST259,2026-01-10,Returned,123.92
3447,CUST411,2025-12-27,Cancelled,44.58
3448,CUST927,2025-12-18,Cancelled,77.1
3449,CUST97,2025-08-02,Delivered,82.24
3450,CUST16,2025-05-30,Cancelled,109.96
3451,CUST408,2026-01-20,Cancelled,43.44
3452,CUST703,2025-05-16,Returned,116.37
3453,CUST766,2025-12-08,Cancelled,84.35
3454,CUST261,2026-05-06,Cancelled,73.11
3455,CUST545,2026-04-04,Returned,154.45
3456,CUST297,2025-09-28,Cancelled,104.23
3457,CUST503,2025-11-26,Delivered,151.33
3458,CUST170,2025-08-15,Returned,192.41
3459,CUST686,2025-06-09,Delivered,58.3
3460,CUST400,2025-07-27,Cancelled,172.06
3461,CUST365,2025-07-14,Returned,138.97
3462,CUST925,2025-11-29,Returned,28.05
3463,CUST498,2025-08-15,Cancelled,132.79
3464,CUST270,2026-02-25,Returned,83.07
3465,CUST829,2026-01-15,Delivered,30.23
3466,CUST210,2026-02-21,Delivered,67.65
3467,CUST793,2026-02-18,Returned,135.09
3468,CUST727,2025-09-15,Cancelled,128.44
3469,CUST477,2026-04-09,Returned,91.83
3470,CUST582,2025-12-04,Returned,40.12
3471,CUST385,2025-12-21,Cancelled,56.33
3472,CUST275,2026-03-12,Cancelled,116.23
3473,CUST962,2026-03-18,Returned,132.27
3474,CUST2,2025-06-13,Returned,111.99
3475,CUST737,2026-04-09,Returned,161.73
3476,CUST467,2025-09-27,Returned,168.35
3477,CUST550,2025-08-02,Cancelled,39.64
3478,CUST624,2025-12-15,Cancelled,74.41
3479,CUST777,2025-05-20,Delivered,182.79
3480,CUST583,2025-08-22,Returned,167.58
3481,CUST42,2025-06-21,Cancelled,34.59
3482,CUST441,2025-07-15,Delivered,181.16
3483,CUST729,2025-12-11,Delivered,86.88
3484,CUST811,2026-03-28,Cancelled,90.14
3485,CUST798,2026-01-25,Delivered,49.27
3486,CUST499,2026-01-01,Returned,156.08
3487,CUST432,2025-09-25,Returned,64.86
3488,CUST29,2025-05-23,Returned,38.91
3489,CUST471,2025-08-29,Cancelled,83.23
3490,CUST561,2025-05-18,Cancelled,178.52
3491,CUST595,2025-12-07,Delivered,114.27
3492,CUST457,2025-12-14,Cancelled,24.78
3493,CUST647,2026-04-05,Cancelled,190.57
3494,CUST303,2025-08-13,Delivered,124.48
3495,CUST418,2025-10-05,Cancelled,120.48
3496,CUST162,2025-09-28,Returned,70.56
3497,CUST29,2026-02-28,Delivered,199.94
3498,CUST200,2026-04-02,Delivered,176.89
3499,CUST80,2025-09-25,Returned,104.45
3500,CUST633,2025-07-12,Returned,185.45
3501,CUST610,2025-05-27,Delivered,184.48
3502,CUST863,2025-07-12,Returned,42.62
3503,CUST97,2025-11-29,Returned,144.04
3504,CUST640,2026-03-30,Cancelled,142.12
3505,CUST446,2026-03-04,Cancelled,29.83
3506,CUST818,2025-07-21,Cancelled,140.61
3507,CUST386,2026-05-09,Cancelled,118.38
3508,CUST546,2025-11-15,Delivered,21.94
3509,CUST305,2025-07-23,Cancelled,146.7
3510,CUST232,2025-10-20,Returned,27.28
3511,CUST854,2026-02-07,Returned,184.98
3512,CUST943,2026-01-12,Delivered,171.06
3513,CUST949,2026-03-23,Returned,128.58
3514,CUST238,2026-03-27,Delivered,179.78
3515,CUST995,2026-02-04,Delivered,164.94
3516,CUST359,2025-07-04,Delivered,40.66
3517,CUST515,2025-12-21,Cancelled,59.28
3518,CUST867,2025-06-24,Delivered,170.19
3519,CUST853,2025-11-03,Returned,75.8
3520,CUST963,2025-09-05,Returned,181.28
3521,CUST425,2025-12-22,Cancelled,94.92
3522,CUST249,2025-11-18,Returned,101.75
3523,CUST219,2025-09-27,Cancelled,32.21
3524,CUST464,2025-10-08,Cancelled,72.94
3525,CUST329,2025-06-22,Cancelled,24.05
3526,CUST49,2025-12-11,Returned,133.74
3527,CUST946,2025-06-03,Delivered,191.82
3528,CUST973,2026-03-22,Returned,121.32
3529,CUST102,2025-09-30,Returned,187.58
3530,CUST15,2025-06-01,Cancelled,40.63
3531,CUST44,2025-10-11,Cancelled,86.83
3532,CUST454,2025-12-28,Returned,122.76
3533,CUST381,2025-08-16,Returned,101.85
3534,CUST952,2025-08-19,Cancelled,25.33
3535,CUST518,2025-07-19,Delivered,78.41
3536,CUST985,2026-03-26,Delivered,81.81
3537,CUST331,2025-09-16,Returned,123.9
3538,CUST27,2025-10-16,Cancelled,182.63
3539,CUST743,2025-12-17,Returned,44.12
3540,CUST426,2025-07-03,Returned,172.24
3541,CUST712,2025-08-24,Returned,143.92
3542,CUST752,2025-06-21,Cancelled,143.95
3543,CUST528,2025-11-13,Cancelled,99.55
3544,CUST138,2025-12-02,Cancelled,159.74
3545,CUST48,2025-12-22,Returned,146.03
3546,CUST704,2026-03-11,Delivered,30.15
3547,CUST881,2025-12-12,Returned,69.32
3548,CUST1000,2025-11-06,Delivered,103.51
3549,CUST780,2025-05-27,Returned,20.31
3550,CUST594,2025-11-03,Returned,115.89
3551,CUST904,2026-01-09,Cancelled,185.54
3552,CUST927,2025-10-17,Returned,82.28
3553,CUST784,2025-11-22,Delivered,131.59
3554,CUST481,2026-02-24,Returned,159.85
3555,CUST234,2026-02-12,Delivered,134.11
3556,CUST799,2026-03-12,Returned,43.94
3557,CUST180,2026-03-30,Delivered,70.4
3558,CUST400,2025-12-10,Cancelled,73.54
3559,CUST356,2026-03-05,Delivered,148.57
3560,CUST722,2026-05-13,Returned,29.24
3561,CUST521,2025-11-30,Returned,97.64
3562,CUST468,2026-04-23,Returned,120.05
3563,CUST166,2025-10-28,Cancelled,66.22
3564,CUST911,2025-08-21,Cancelled,25.76
3565,CUST8,2026-05-09,Returned,178.36
3566,CUST584,2025-09-08,Cancelled,196.57
3567,CUST42,2025-05-17,Returned,27.91
3568,CUST252,2025-07-30,Returned,102.34
3569,CUST746,2025-08-30,Returned,68.89
3570,CUST765,2026-04-13,Cancelled,163.22
3571,CUST686,2025-12-06,Returned,102.83
3572,CUST50,2025-06-04,Cancelled,83.85
3573,CUST53,2026-05-06,Delivered,175.06
3574,CUST63,2026-05-04,Delivered,60.85
3575,CUST732,2025-08-08,Returned,195.1
3576,CUST296,2025-05-26,Returned,66.09
3577,CUST506,2025-09-03,Cancelled,45.11
3578,CUST629,2025-10-05,Returned,57.14
3579,CUST516,2026-04-30,Delivered,151.45
3580,CUST227,2025-05-28,Delivered,35.22
3581,CUST975,2025-05-17,Delivered,103.47
3582,CUST818,2026-04-16,Cancelled,130.37
3583,CUST435,2025-07-19,Returned,40.29
3584,CUST567,2025-11-27,Delivered,144.57
3585,CUST438,2026-03-13,Cancelled,112.19
3586,CUST182,2025-08-19,Cancelled,24.65
3587,CUST884,2025-06-10,Returned,132.2
3588,CUST432,2025-06-29,Returned,96.41
3589,CUST718,2026-03-11,Returned,70.3
3590,CUST328,2026-03-28,Delivered,71.27
3591,CUST520,2025-12-22,Delivered,121.24
3592,CUST146,2026-02-09,Returned,169.72
3593,CUST89,2025-09-28,Delivered,26.08
3594,CUST946,2026-03-04,Returned,174.92
3595,CUST939,2025-12-31,Delivered,100.09
3596,CUST773,2025-07-07,Delivered,167.75
3597,CUST794,2025-12-21,Cancelled,162.18
3598,CUST287,2026-03-02,Returned,111.14
3599,CUST824,2025-11-25,Delivered,156.17
3600,CUST403,2026-01-05,Cancelled,117.86
3601,CUST653,2026-02-26,Returned,193.72
3602,CUST663,2025-11-10,Delivered,184.05
3603,CUST168,2025-11-22,Delivered,151.2
3604,CUST78,2025-06-03,Returned,171.06
3605,CUST145,2025-12-29,Cancelled,48.97
3606,CUST272,2025-10-02,Delivered,86.98
3607,CUST823,2026-01-13,Delivered,164.94
3608,CUST41,2025-10-14,Returned,132.26
3609,CUST965,2025-10-12,Cancelled,181.08
3610,CUST818,2025-12-07,Returned,173.89
3611,CUST142,2025-11-11,Returned,176.98
3612,CUST579,2026-03-26,Delivered,94.28
3613,CUST71,2026-05-12,Returned,29.13
3614,CUST973,2026-03-14,Cancelled,182.58
3615,CUST540,2026-01-12,Returned,36.31
3616,CUST5,2025-09-17,Delivered,141.24
3617,CUST843,2025-05-23,Cancelled,41.51
3618,CUST969,2026-03-05,Returned,82.73
3619,CUST918,2025-06-08,Returned,138.43
3620,CUST675,2025-06-23,Delivered,117.44
3621,CUST701,2025-11-17,Delivered,108.91
3622,CUST481,2026-02-18,Cancelled,195.46
3623,CUST211,2026-04-08,Delivered,88.46
3624,CUST146,2025-07-19,Returned,198.14
3625,CUST472,2026-01-09,Delivered,63.55
3626,CUST232,2025-12-21,Cancelled,198.38
3627,CUST272,2026-03-11,Returned,109.38
3628,CUST853,2025-10-05,Returned,176.99
3629,CUST811,2025-07-04,Delivered,139.83
3630,CUST640,2025-08-20,Delivered,124.76
3631,CUST511,2025-05-27,Cancelled,128.35
3632,CUST586,2026-02-10,Returned,132.89
3633,CUST61,2026-01-28,Returned,130.49
3634,CUST218,2026-04-29,Cancelled,20.96
3635,CUST262,2025-12-03,Cancelled,162.33
3636,CUST832,2025-06-22,Cancelled,97.03
3637,CUST147,2025-09-26,Returned,138.38
3638,CUST710,2026-02-13,Cancelled,23.96
3639,CUST114,2025-11-11,Returned,71.69
3640,CUST839,2025-08-03,Cancelled,135.03
3641,CUST175,2026-03-18,Delivered,56.52
3642,CUST674,2025-11-18,Delivered,160.13
3643,CUST744,2026-03-17,Cancelled,93.42
3644,CUST163,2025-06-29,Returned,81.06
3645,CUST487,2026-04-06,Returned,148.16
3646,CUST304,2026-01-02,Returned,90.11
3647,CUST690,2025-07-13,Cancelled,137.94
3648,CUST220,2025-08-27,Returned,37.93
3649,CUST531,2026-04-12,Returned,43.0
3650,CUST222,2026-03-16,Cancelled,158.6
3651,CUST331,2026-02-07,Cancelled,164.28
3652,CUST158,2025-08-03,Returned,121.01
3653,CUST348,2026-04-14,Delivered,125.01
3654,CUST285,2026-02-11,Returned,188.51
3655,CUST649,2025-07-02,Returned,48.84
3656,CUST265,2026-03-29,Cancelled,30.45
3657,CUST558,2025-11-11,Cancelled,123.27
3658,CUST635,2025-11-05,Delivered,96.01
3659,CUST339,2025-09-05,Delivered,140.71
3660,CUST486,2025-08-26,Delivered,191.31
3661,CUST557,2025-12-28,Cancelled,188.37
3662,CUST661,2025-06-30,Delivered,55.89
3663,CUST728,2026-04-14,Delivered,133.21
3664,CUST183,2026-02-02,Returned,143.93
3665,CUST249,2025-06-30,Delivered,61.06
3666,CUST580,2026-03-15,Cancelled,48.78
3667,CUST347,2026-04-14,Returned,21.23
3668,CUST64,2025-07-25,Delivered,61.88
3669,CUST950,2025-11-21,Cancelled,141.07
3670,CUST112,2025-07-19,Delivered,99.05
3671,CUST454,2026-01-14,Returned,144.78
3672,CUST202,2025-07-25,Returned,147.86
3673,CUST119,2025-10-16,Cancelled,43.92
3674,CUST904,2025-05-19,Delivered,172.78
3675,CUST4,2026-02-20,Cancelled,113.58
3676,CUST999,2025-12-01,Delivered,188.76
3677,CUST156,2025-08-09,Returned,68.48
3678,CUST940,2025-11-20,Cancelled,138.57
3679,CUST408,2025-06-26,Returned,95.31
3680,CUST613,2025-08-27,Returned,59.67
3681,CUST493,2025-07-14,Delivered,137.34
3682,CUST97,2025-06-12,Delivered,131.89
3683,CUST173,2026-01-03,Cancelled,163.08
3684,CUST885,2026-02-08,Cancelled,65.56
3685,CUST632,2026-01-08,Delivered,194.27
3686,CUST756,2025-05-31,Delivered,75.72
3687,CUST893,2026-05-14,Cancelled,165.51
3688,CUST126,2025-11-03,Delivered,99.16
3689,CUST702,2026-03-11,Cancelled,76.99
3690,CUST54,2025-07-20,Delivered,185.7
3691,CUST8,2026-02-10,Cancelled,43.52
3692,CUST915,2026-02-27,Delivered,20.01
3693,CUST942,2026-03-07,Cancelled,179.45
3694,CUST756,2025-09-21,Delivered,95.7
3695,CUST448,2026-02-09,Cancelled,103.44
3696,CUST628,2025-09-10,Returned,58.65
3697,CUST459,2026-04-15,Delivered,53.4
3698,CUST810,2026-03-02,Cancelled,199.28
3699,CUST700,2025-08-19,Returned,43.84
3700,CUST933,2026-02-23,Delivered,26.35
3701,CUST82,2025-12-08,Returned,190.61
3702,CUST862,2025-08-11,Cancelled,50.64
3703,CUST730,2025-06-23,Delivered,196.31
3704,CUST536,2025-10-22,Delivered,130.06
3705,CUST62,2025-07-13,Cancelled,193.8
3706,CUST168,2026-04-16,Returned,98.35
3707,CUST662,2025-11-05,Delivered,123.04
3708,CUST503,2025-09-24,Delivered,34.26
3709,CUST779,2026-01-25,Cancelled,137.69
3710,CUST846,2026-04-22,Delivered,55.03
3711,CUST130,2025-07-07,Returned,116.43
3712,CUST926,2026-01-14,Delivered,197.61
3713,CUST204,2025-09-18,Delivered,42.55
3714,CUST414,2025-08-29,Returned,91.05
3715,CUST635,2025-09-22,Delivered,175.88
3716,CUST40,2025-06-30,Cancelled,30.29
3717,CUST950,2025-12-14,Cancelled,91.25
3718,CUST614,2025-09-15,Cancelled,98.31
3719,CUST226,2025-12-09,Returned,81.51
3720,CUST392,2025-07-16,Delivered,166.46
3721,CUST431,2025-09-25,Delivered,39.01
3722,CUST165,2026-04-13,Delivered,34.9
3723,CUST653,2025-08-31,Delivered,26.72
3724,CUST297,2025-10-15,Delivered,94.69
3725,CUST973,2025-07-07,Cancelled,96.2
3726,CUST256,2026-02-20,Cancelled,37.09
3727,CUST36,2025-07-29,Returned,75.15
3728,CUST592,2025-07-01,Returned,82.84
3729,CUST766,2026-02-01,Returned,142.31
3730,CUST878,2026-01-26,Returned,127.31
3731,CUST496,2025-10-22,Delivered,40.11
3732,CUST478,2026-02-26,Delivered,136.57
3733,CUST117,2025-06-23,Returned,20.45
3734,CUST852,2026-02-08,Delivered,157.67
3735,CUST807,2025-12-09,Cancelled,143.99
3736,CUST852,2025-08-24,Cancelled,73.38
3737,CUST119,2025-05-29,Delivered,131.46
3738,CUST324,2026-04-14,Cancelled,77.97
3739,CUST474,2025-09-28,Returned,37.53
3740,CUST295,2025-11-18,Cancelled,41.0
3741,CUST317,2025-09-01,Returned,183.45
3742,CUST673,2025-06-06,Delivered,196.45
3743,CUST226,2026-01-23,Delivered,63.87
3744,CUST87,2025-07-02,Returned,137.87
3745,CUST49,2025-09-08,Returned,129.76
3746,CUST244,2026-02-10,Returned,152.07
3747,CUST31,2025-06-18,Returned,25.38
3748,CUST280,2025-10-29,Returned,76.21
3749,CUST417,2025-10-17,Cancelled,151.06
3750,CUST706,2026-05-06,Returned,114.6
3751,CUST382,2025-07-25,Delivered,28.72
3752,CUST966,2025-10-19,Delivered,43.49
3753,CUST454,2026-03-01,Returned,160.03
3754,CUST550,2025-10-10,Cancelled,179.13
3755,CUST97,2026-01-20,Returned,187.13
3756,CUST355,2025-12-23,Delivered,117.56
3757,CUST461,2026-05-01,Returned,78.23
3758,CUST642,2025-05-17,Cancelled,82.75
3759,CUST487,2026-01-17,Returned,101.39
3760,CUST954,2026-01-24,Cancelled,71.46
3761,CUST490,2025-07-04,Cancelled,58.2
3762,CUST281,2026-04-24,Delivered,51.62
3763,CUST430,2025-09-23,Cancelled,105.88
3764,CUST724,2025-08-11,Delivered,153.83
3765,CUST193,2026-01-15,Cancelled,145.03
3766,CUST764,2026-05-07,Cancelled,180.67
3767,CUST763,2026-04-25,Cancelled,129.44
3768,CUST405,2025-07-06,Returned,157.42
3769,CUST726,2025-08-27,Returned,191.19
3770,CUST612,2025-08-30,Cancelled,42.67
3771,CUST698,2025-07-29,Cancelled,193.64
3772,CUST576,2026-03-06,Delivered,111.09
3773,CUST453,2026-01-15,Cancelled,117.6
3774,CUST83,2026-03-13,Returned,68.63
3775,CUST921,2025-10-06,Delivered,71.14
3776,CUST714,2025-07-07,Returned,89.16
3777,CUST517,2025-11-03,Delivered,68.05
3778,CUST255,2025-08-18,Returned,108.69
3779,CUST652,2026-05-14,Cancelled,25.73
3780,CUST972,2026-02-28,Returned,76.2
3781,CUST637,2025-09-12,Delivered,193.52
3782,CUST479,2025-08-01,Returned,195.78
3783,CUST525,2025-12-17,Cancelled,64.95
3784,CUST25,2026-02-17,Cancelled,179.96
3785,CUST958,2025-09-19,Cancelled,26.99
3786,CUST286,2025-08-15,Cancelled,117.19
3787,CUST7,2026-02-22,Cancelled,38.76
3788,CUST709,2026-04-06,Delivered,159.48
3789,CUST430,2026-01-30,Delivered,44.3
3790,CUST410,2025-06-20,Delivered,79.68
3791,CUST111,2025-05-19,Cancelled,169.26
3792,CUST131,2026-01-15,Returned,159.37
3793,CUST402,2025-06-08,Cancelled,51.88
3794,CUST507,2025-08-17,Delivered,88.71
3795,CUST873,2025-11-13,Delivered,41.63
3796,CUST281,2025-10-23,Cancelled,180.68
3797,CUST441,2025-08-29,Returned,111.16
3798,CUST509,2026-05-05,Cancelled,73.52
3799,CUST746,2025-12-29,Cancelled,46.32
3800,CUST997,2025-06-17,Cancelled,118.63
3801,CUST186,2026-02-20,Delivered,126.67
3802,CUST560,2025-11-28,Delivered,180.44
3803,CUST526,2025-10-29,Cancelled,191.5
3804,CUST917,2026-04-04,Cancelled,49.12
3805,CUST646,2026-04-28,Cancelled,88.28
3806,CUST628,2025-12-25,Delivered,64.36
3807,CUST70,2026-03-28,Returned,65.08
3808,CUST637,2025-11-14,Cancelled,175.16
3809,CUST335,2026-01-07,Cancelled,59.7
3810,CUST831,2025-08-20,Cancelled,187.32
3811,CUST405,2025-12-23,Delivered,144.73
3812,CUST76,2026-04-05,Cancelled,74.16
3813,CUST947,2025-05-15,Delivered,195.45
3814,CUST770,2025-06-28,Returned,39.52
3815,CUST3,2025-10-11,Delivered,52.81
3816,CUST334,2026-04-23,Cancelled,191.35
3817,CUST909,2025-12-12,Delivered,83.13
3818,CUST372,2026-04-18,Delivered,42.65
3819,CUST539,2025-10-01,Returned,61.51
3820,CUST720,2025-12-11,Delivered,141.7
3821,CUST186,2026-02-17,Delivered,86.9
3822,CUST383,2025-07-21,Cancelled,87.45
3823,CUST718,2025-07-27,Returned,54.47
3824,CUST376,2025-11-02,Cancelled,189.96
3825,CUST184,2025-11-23,Delivered,105.25
3826,CUST72,2025-09-17,Delivered,174.55
3827,CUST477,2025-11-06,Delivered,148.01
3828,CUST85,2025-06-24,Cancelled,119.61
3829,CUST853,2025-07-03,Cancelled,107.65
3830,CUST191,2025-08-26,Returned,97.05
3831,CUST359,2025-07-28,Cancelled,114.61
3832,CUST703,2026-04-19,Delivered,138.14
3833,CUST615,2025-12-09,Delivered,195.05
3834,CUST75,2025-12-14,Cancelled,104.12
3835,CUST712,2025-07-17,Cancelled,29.33
3836,CUST257,2025-12-28,Cancelled,47.13
3837,CUST348,2025-07-18,Cancelled,173.59
3838,CUST559,2025-08-22,Cancelled,199.23
3839,CUST266,2025-12-03,Cancelled,113.95
3840,CUST838,2026-03-27,Returned,185.26
3841,CUST736,2025-05-25,Returned,35.37
3842,CUST785,2025-11-13,Cancelled,179.62
3843,CUST91,2025-06-17,Delivered,76.88
3844,CUST713,2025-11-29,Cancelled,54.05
3845,CUST651,2026-04-28,Delivered,167.34
3846,CUST990,2026-05-10,Returned,195.87
3847,CUST193,2025-07-27,Returned,21.88
3848,CUST445,2026-04-04,Returned,192.81
3849,CUST215,2025-06-09,Delivered,72.84
3850,CUST119,2025-08-28,Returned,156.27
3851,CUST936,2025-12-13,Cancelled,163.52
3852,CUST358,2026-05-09,Cancelled,149.59
3853,CUST290,2025-11-08,Delivered,87.46
3854,CUST117,2025-10-23,Returned,188.69
3855,CUST889,2025-12-03,Cancelled,136.36
3856,CUST400,2025-08-28,Cancelled,71.95
3857,CUST764,2025-09-28,Cancelled,191.12
3858,CUST551,2025-11-10,Returned,68.5
3859,CUST662,2026-03-06,Returned,174.24
3860,CUST354,2025-09-05,Delivered,60.05
3861,CUST35,2026-02-25,Cancelled,31.04
3862,CUST765,2025-11-21,Returned,181.33
3863,CUST56,2025-06-05,Cancelled,137.48
3864,CUST230,2025-08-29,Returned,27.26
3865,CUST318,2025-07-29,Delivered,68.9
3866,CUST721,2025-08-07,Cancelled,65.88
3867,CUST669,2025-09-17,Returned,49.37
3868,CUST439,2025-05-21,Cancelled,120.96
3869,CUST632,2026-01-23,Cancelled,115.03
3870,CUST772,2025-08-12,Delivered,142.02
3871,CUST370,2025-10-06,Cancelled,119.44
3872,CUST668,2026-02-25,Delivered,97.11
3873,CUST890,2026-05-12,Cancelled,66.67
3874,CUST759,2026-04-21,Returned,108.05
3875,CUST534,2025-11-22,Delivered,191.49
3876,CUST860,2025-05-20,Returned,40.87
3877,CUST789,2025-11-06,Returned,89.18
3878,CUST812,2026-01-06,Cancelled,100.46
3879,CUST837,2025-11-23,Returned,196.46
3880,CUST843,2026-05-03,Cancelled,110.38
3881,CUST405,2025-11-09,Returned,44.58
3882,CUST419,2026-02-05,Returned,55.65
3883,CUST43,2025-12-07,Cancelled,45.43
3884,CUST776,2025-05-25,Cancelled,107.64
3885,CUST111,2025-10-14,Returned,95.56
3886,CUST467,2026-02-27,Delivered,36.34
3887,CUST861,2025-10-22,Returned,120.53
3888,CUST744,2026-05-04,Cancelled,32.72
3889,CUST723,2026-05-05,Delivered,176.44
3890,CUST329,2026-03-06,Cancelled,185.01
3891,CUST616,2026-01-21,Delivered,82.28
3892,CUST681,2025-06-09,Cancelled,61.77
3893,CUST660,2025-05-24,Cancelled,107.39
3894,CUST870,2025-12-22,Cancelled,117.08
3895,CUST717,2026-04-21,Returned,140.45
3896,CUST302,2025-11-04,Returned,59.53
3897,CUST924,2026-02-26,Returned,112.29
3898,CUST300,2026-03-13,Returned,27.24
3899,CUST6,2025-09-27,Returned,109.53
3900,CUST805,2026-02-23,Delivered,181.47
3901,CUST911,2025-10-10,Delivered,165.67
3902,CUST242,2025-12-10,Delivered,125.44
3903,CUST821,2026-04-28,Cancelled,39.88
3904,CUST293,2026-04-27,Cancelled,52.55
3905,CUST244,2026-03-05,Returned,158.25
3906,CUST908,2025-12-11,Returned,194.1
3907,CUST713,2025-10-05,Delivered,161.72
3908,CUST948,2025-10-14,Returned,25.93
3909,CUST987,2026-01-10,Returned,38.14
3910,CUST180,2025-12-10,Delivered,42.97
3911,CUST555,2026-05-01,Cancelled,165.59
3912,CUST939,2026-02-20,Cancelled,52.87
3913,CUST986,2026-01-23,Cancelled,151.62
3914,CUST849,2026-02-26,Cancelled,102.26
3915,CUST472,2025-07-19,Delivered,129.87
3916,CUST226,2025-05-23,Delivered,122.72
3917,CUST49,2025-08-21,Delivered,198.58
3918,CUST116,2025-08-28,Delivered,161.03
3919,CUST940,2025-11-10,Delivered,90.71
3920,CUST434,2026-04-12,Delivered,135.2
3921,CUST810,2025-07-05,Cancelled,155.2
3922,CUST175,2026-02-19,Delivered,111.71
3923,CUST321,2026-03-17,Delivered,170.4
3924,CUST802,2025-08-10,Returned,21.13
3925,CUST98,2025-08-19,Cancelled,78.18
3926,CUST463,2025-09-21,Returned,181.5
3927,CUST841,2025-06-13,Cancelled,79.41
3928,CUST847,2026-03-01,Delivered,43.94
3929,CUST549,2025-11-10,Returned,71.13
3930,CUST955,2025-05-25,Delivered,166.0
3931,CUST330,2026-03-12,Cancelled,47.54
3932,CUST531,2025-06-11,Cancelled,142.3
3933,CUST728,2025-05-19,Returned,77.7
3934,CUST83,2026-03-15,Returned,153.15
3935,CUST507,2025-09-06,Returned,33.6
3936,CUST691,2025-05-20,Delivered,67.23
3937,CUST93,2026-02-27,Delivered,49.08
3938,CUST858,2025-07-31,Cancelled,95.78
3939,CUST967,2025-09-17,Delivered,39.52
3940,CUST124,2026-02-13,Returned,183.58
3941,CUST688,2026-03-10,Returned,199.38
3942,CUST862,2026-05-10,Delivered,22.03
3943,CUST484,2026-05-07,Delivered,124.45
3944,CUST629,2026-04-04,Cancelled,72.41
3945,CUST735,2025-10-27,Returned,62.62
3946,CUST442,2026-04-15,Cancelled,86.48
3947,CUST414,2026-01-22,Returned,156.74
3948,CUST68,2025-10-31,Cancelled,48.45
3949,CUST636,2026-04-18,Returned,26.45
3950,CUST54,2026-01-23,Cancelled,88.13
3951,CUST106,2026-04-22,Returned,20.14
3952,CUST118,2026-01-23,Delivered,104.93
3953,CUST747,2025-08-15,Cancelled,189.99
3954,CUST559,2025-07-02,Returned,160.35
3955,CUST675,2026-01-21,Delivered,137.7
3956,CUST812,2026-02-07,Delivered,110.55
3957,CUST182,2026-02-09,Returned,29.83
3958,CUST117,2026-04-10,Cancelled,143.18
3959,CUST995,2025-07-10,Cancelled,90.96
3960,CUST802,2025-10-01,Delivered,86.53
3961,CUST994,2025-12-03,Delivered,197.8
3962,CUST411,2025-05-23,Delivered,43.93
3963,CUST184,2025-11-05,Returned,41.1
3964,CUST804,2026-04-01,Delivered,82.1
3965,CUST594,2025-10-30,Cancelled,158.85
3966,CUST773,2026-05-04,Cancelled,110.18
3967,CUST561,2026-03-16,Returned,121.15
3968,CUST848,2025-05-23,Returned,175.65
3969,CUST474,2025-08-07,Cancelled,160.93
3970,CUST223,2025-09-24,Cancelled,135.54
3971,CUST51,2026-05-15,Delivered,159.27
3972,CUST281,2025-09-11,Cancelled,23.43
3973,CUST75,2025-07-13,Returned,123.33
3974,CUST244,2025-08-14,Returned,98.82
3975,CUST92,2026-02-27,Returned,65.7
3976,CUST602,2026-03-09,Delivered,96.36
3977,CUST135,2025-11-06,Returned,69.89
3978,CUST435,2025-06-17,Returned,79.7
3979,CUST789,2025-09-18,Returned,48.62
3980,CUST557,2026-02-07,Returned,62.93
3981,CUST69,2025-06-05,Returned,84.62
3982,CUST887,2025-08-27,Cancelled,54.17
3983,CUST103,2026-04-06,Delivered,92.08
3984,CUST96,2026-05-09,Returned,46.19
3985,CUST474,2025-12-10,Delivered,97.12
3986,CUST414,2025-12-02,Delivered,122.63
3987,CUST727,2026-05-05,Cancelled,185.93
3988,CUST346,2025-06-22,Returned,131.27
3989,CUST17,2025-05-21,Cancelled,22.34
3990,CUST838,2026-05-08,Delivered,64.69
3991,CUST359,2025-10-16,Cancelled,112.33
3992,CUST388,2025-11-24,Returned,193.55
3993,CUST849,2025-10-30,Returned,147.09
3994,CUST56,2026-05-08,Returned,24.13
3995,CUST417,2025-11-04,Cancelled,35.69
3996,CUST135,2025-08-31,Cancelled,168.92
3997,CUST612,2025-05-27,Delivered,71.11
3998,CUST513,2026-04-05,Returned,37.77
3999,CUST388,2026-02-19,Cancelled,147.34
4000,CUST496,2025-08-08,Returned,168.16
4001,CUST582,2026-02-11,Delivered,177.24
4002,CUST942,2025-10-14,Delivered,82.87
4003,CUST348,2026-02-05,Delivered,182.39
4004,CUST863,2025-10-07,Cancelled,165.75
4005,CUST636,2025-07-13,Cancelled,74.75
4006,CUST451,2026-01-24,Delivered,40.57
4007,CUST570,2026-04-05,Returned,179.94
4008,CUST461,2025-08-08,Cancelled,198.01
4009,CUST628,2026-03-30,Delivered,172.93
4010,CUST704,2025-09-16,Delivered,91.47
4011,CUST589,2026-04-02,Delivered,106.69
4012,CUST653,2025-07-30,Returned,140.34
4013,CUST262,2025-12-26,Delivered,107.85
4014,CUST730,2025-06-04,Cancelled,79.46
4015,CUST434,2026-02-19,Cancelled,146.81
4016,CUST629,2025-06-19,Returned,94.08
4017,CUST790,2025-08-02,Returned,136.79
4018,CUST31,2025-06-22,Returned,108.42
4019,CUST550,2026-05-07,Cancelled,86.83
4020,CUST299,2025-07-08,Returned,112.61
4021,CUST131,2025-11-29,Delivered,68.52
4022,CUST465,2026-03-02,Returned,166.92
4023,CUST410,2025-11-20,Returned,116.38
4024,CUST752,2025-08-08,Delivered,192.79
4025,CUST878,2025-10-21,Delivered,153.99
4026,CUST462,2026-04-16,Returned,24.07
4027,CUST22,2026-04-28,Cancelled,192.04
4028,CUST507,2025-08-23,Returned,148.64
4029,CUST60,2025-07-07,Returned,96.31
4030,CUST369,2025-06-21,Returned,152.45
4031,CUST506,2026-02-07,Delivered,101.86
4032,CUST509,2025-08-26,Cancelled,174.2
4033,CUST157,2026-05-02,Cancelled,147.8
4034,CUST821,2026-03-10,Delivered,26.0
4035,CUST491,2026-03-11,Delivered,198.42
4036,CUST806,2025-09-19,Delivered,70.02
4037,CUST74,2025-12-15,Returned,157.36
4038,CUST413,2025-09-28,Delivered,90.09
4039,CUST623,2026-03-31,Returned,186.84
4040,CUST698,2025-05-21,Delivered,93.27
4041,CUST436,2026-02-03,Delivered,181.14
4042,CUST533,2025-07-21,Cancelled,102.11
4043,CUST282,2025-07-16,Cancelled,87.38
4044,CUST880,2025-07-06,Delivered,42.17
4045,CUST550,2026-04-02,Returned,163.92
4046,CUST724,2026-04-27,Cancelled,63.94
4047,CUST541,2026-01-10,Cancelled,178.0
4048,CUST897,2025-09-12,Cancelled,23.93
4049,CUST599,2026-04-27,Cancelled,42.46
4050,CUST936,2026-01-22,Delivered,50.72
4051,CUST268,2025-08-30,Cancelled,135.08
4052,CUST603,2026-05-13,Returned,69.96
4053,CUST411,2025-08-09,Cancelled,161.84
4054,CUST41,2025-07-18,Cancelled,137.16
4055,CUST537,2025-11-05,Returned,159.94
4056,CUST460,2026-03-17,Returned,31.84
4057,CUST973,2025-11-20,Returned,61.16
4058,CUST26,2025-09-19,Cancelled,60.95
4059,CUST259,2025-11-19,Returned,152.41
4060,CUST969,2026-02-02,Cancelled,161.64
4061,CUST2,2026-01-22,Returned,195.56
4062,CUST769,2026-03-18,Delivered,83.12
4063,CUST47,2026-03-20,Delivered,172.54
4064,CUST338,2025-09-27,Cancelled,33.81
4065,CUST715,2026-04-09,Returned,69.15
4066,CUST56,2026-01-23,Returned,63.93
4067,CUST361,2025-11-01,Delivered,114.31
4068,CUST345,2025-09-17,Returned,61.39
4069,CUST272,2026-04-03,Returned,161.73
4070,CUST514,2025-06-16,Cancelled,32.82
4071,CUST572,2025-07-20,Returned,72.62
4072,CUST408,2025-11-01,Cancelled,82.28
4073,CUST550,2025-08-26,Returned,112.02
4074,CUST221,2025-06-09,Returned,148.05
4075,CUST867,2026-02-04,Delivered,32.43
4076,CUST113,2025-12-17,Cancelled,23.92
4077,CUST817,2025-07-19,Cancelled,71.04
4078,CUST237,2025-12-03,Delivered,184.89
4079,CUST166,2025-12-23,Cancelled,199.4
4080,CUST767,2025-09-12,Cancelled,129.91
4081,CUST584,2026-02-08,Delivered,196.09
4082,CUST547,2026-02-07,Cancelled,164.31
4083,CUST768,2025-11-21,Cancelled,99.44
4084,CUST917,2026-04-15,Returned,42.81
4085,CUST657,2025-07-05,Delivered,159.0
4086,CUST527,2025-08-30,Cancelled,48.16
4087,CUST85,2025-06-19,Returned,116.76
4088,CUST810,2025-06-15,Returned,54.2
4089,CUST705,2025-07-17,Cancelled,39.19
4090,CUST896,2025-09-05,Returned,68.27
4091,CUST657,2025-08-17,Returned,26.2
4092,CUST408,2025-11-09,Returned,64.31
4093,CUST402,2025-08-14,Returned,137.86
4094,CUST985,2025-05-31,Returned,190.98
4095,CUST833,2026-02-25,Delivered,41.06
4096,CUST48,2026-04-09,Cancelled,96.8
4097,CUST471,2025-12-17,Returned,144.0
4098,CUST265,2025-08-23,Returned,86.63
4099,CUST885,2025-05-20,Cancelled,107.14
4100,CUST657,2025-10-10,Delivered,26.03
4101,CUST965,2026-03-25,Delivered,117.29
4102,CUST383,2026-04-02,Cancelled,144.51
4103,CUST12,2026-05-04,Delivered,179.13
4104,CUST963,2025-06-11,Cancelled,30.46
4105,CUST525,2025-06-25,Cancelled,27.55
4106,CUST324,2026-05-09,Delivered,185.38
4107,CUST154,2026-04-26,Returned,171.66
4108,CUST653,2026-05-11,Returned,60.83
4109,CUST569,2025-05-21,Cancelled,154.69
4110,CUST595,2025-06-09,Cancelled,194.93
4111,CUST179,2026-03-31,Cancelled,82.23
4112,CUST52,2025-06-22,Returned,130.18
4113,CUST293,2025-10-01,Cancelled,164.56
4114,CUST485,2025-10-11,Returned,125.75
4115,CUST666,2025-12-10,Returned,173.73
4116,CUST444,2025-10-28,Returned,134.17
4117,CUST37,2026-04-09,Returned,31.74
4118,CUST889,2025-10-24,Returned,151.89
4119,CUST625,2026-02-05,Returned,188.18
4120,CUST959,2025-12-22,Delivered,103.34
4121,CUST713,2025-08-07,Delivered,42.52
4122,CUST150,2026-05-13,Cancelled,175.52
4123,CUST431,2025-08-24,Returned,74.88
4124,CUST813,2025-08-17,Cancelled,179.42
4125,CUST470,2025-11-10,Cancelled,156.08
4126,CUST303,2026-03-14,Cancelled,134.83
4127,CUST341,2026-03-26,Delivered,81.59
4128,CUST914,2025-08-12,Cancelled,113.25
4129,CUST282,2025-05-20,Cancelled,136.93
4130,CUST318,2025-07-28,Cancelled,142.54
4131,CUST470,2025-10-18,Delivered,76.66
4132,CUST709,2026-01-29,Delivered,88.34
4133,CUST128,2025-06-15,Delivered,157.69
4134,CUST223,2026-02-06,Cancelled,185.38
4135,CUST198,2026-03-26,Delivered,79.59
4136,CUST285,2025-10-25,Cancelled,68.39
4137,CUST507,2025-10-06,Cancelled,32.65
4138,CUST191,2026-05-03,Returned,161.54
4139,CUST487,2025-06-03,Returned,67.74
4140,CUST882,2025-10-31,Delivered,101.98
4141,CUST389,2026-03-10,Returned,163.35
4142,CUST771,2025-05-30,Cancelled,57.51
4143,CUST486,2025-08-13,Delivered,136.22
4144,CUST827,2026-01-20,Cancelled,84.71
4145,CUST114,2025-10-02,Delivered,95.0
4146,CUST285,2025-12-01,Returned,86.27
4147,CUST884,2026-03-08,Cancelled,183.75
4148,CUST514,2025-10-20,Delivered,102.88
4149,CUST828,2025-08-31,Delivered,163.55
4150,CUST23,2025-06-27,Delivered,93.94
4151,CUST950,2026-02-26,Cancelled,182.12
4152,CUST157,2025-10-31,Returned,185.11
4153,CUST672,2025-07-09,Returned,77.03
4154,CUST902,2026-02-23,Cancelled,51.33
4155,CUST158,2025-05-20,Cancelled,72.7
4156,CUST721,2025-06-16,Returned,34.94
4157,CUST686,2025-06-14,Cancelled,60.02
4158,CUST683,2025-09-16,Delivered,24.76
4159,CUST299,2025-09-27,Delivered,112.85
4160,CUST752,2025-07-22,Delivered,41.76
4161,CUST819,2025-09-01,Cancelled,88.69
4162,CUST636,2026-05-11,Delivered,100.88
4163,CUST124,2026-05-13,Returned,116.37
4164,CUST392,2025-09-21,Delivered,24.74
4165,CUST347,2025-09-02,Delivered,87.19
4166,CUST654,2025-06-20,Cancelled,170.15
4167,CUST483,2025-07-10,Returned,108.53
4168,CUST921,2026-01-09,Cancelled,126.59
4169,CUST468,2026-02-28,Delivered,149.77
4170,CUST165,2025-07-22,Delivered,113.52
4171,CUST357,2025-09-17,Returned,186.18
4172,CUST631,2026-03-19,Delivered,198.38
4173,CUST670,2025-12-03,Delivered,40.58
4174,CUST701,2025-09-27,Delivered,70.85
4175,CUST860,2026-03-07,Returned,145.8
4176,CUST213,2025-12-26,Delivered,188.7
4177,CUST984,2025-05-20,Returned,57.65
4178,CUST339,2026-05-03,Delivered,174.67
4179,CUST831,2025-06-05,Returned,110.04
4180,CUST746,2025-06-16,Delivered,95.84
4181,CUST809,2025-06-03,Returned,181.42
4182,CUST31,2025-12-12,Delivered,91.52
4183,CUST850,2025-12-14,Returned,130.27
4184,CUST599,2025-06-27,Returned,26.18
4185,CUST803,2025-07-14,Delivered,82.82
4186,CUST411,2025-10-17,Returned,175.11
4187,CUST135,2025-09-04,Cancelled,133.95
4188,CUST701,2026-03-16,Delivered,26.9
4189,CUST788,2025-11-04,Cancelled,73.53
4190,CUST60,2026-04-21,Returned,65.41
4191,CUST489,2025-08-15,Delivered,74.18
4192,CUST655,2025-12-20,Returned,67.35
4193,CUST802,2025-06-26,Cancelled,38.97
4194,CUST727,2025-09-23,Delivered,163.29
4195,CUST986,2025-07-05,Delivered,108.46
4196,CUST56,2025-09-17,Delivered,137.51
4197,CUST1000,2026-01-08,Cancelled,20.39
4198,CUST379,2025-10-23,Delivered,88.59
4199,CUST408,2025-07-12,Cancelled,110.01
4200,CUST803,2025-10-12,Cancelled,78.48
4201,CUST667,2025-11-09,Returned,156.53
4202,CUST13,2025-11-03,Returned,87.39
4203,CUST550,2026-04-17,Cancelled,140.05
4204,CUST457,2025-07-13,Returned,61.38
4205,CUST215,2026-03-09,Returned,141.09
4206,CUST608,2025-07-03,Delivered,168.65
4207,CUST573,2025-12-09,Delivered,38.78
4208,CUST315,2026-04-14,Cancelled,149.02
4209,CUST418,2026-04-13,Returned,178.81
4210,CUST663,2026-01-14,Returned,73.26
4211,CUST728,2025-12-05,Returned,154.65
4212,CUST411,2025-10-31,Delivered,40.52
4213,CUST468,2025-10-31,Delivered,194.84
4214,CUST895,2025-09-03,Cancelled,165.79
4215,CUST903,2025-08-25,Delivered,90.32
4216,CUST425,2026-05-11,Cancelled,22.95
4217,CUST255,2025-07-24,Cancelled,198.6
4218,CUST816,2025-07-16,Returned,57.28
4219,CUST928,2025-07-12,Returned,48.58
4220,CUST701,2025-06-23,Returned,127.18
4221,CUST66,2025-10-25,Delivered,60.73
4222,CUST120,2025-07-04,Cancelled,61.67
4223,CUST744,2025-10-28,Cancelled,72.61
4224,CUST213,2025-07-19,Returned,191.18
4225,CUST30,2025-06-01,Delivered,197.85
4226,CUST775,2025-07-05,Returned,29.72
4227,CUST31,2025-12-20,Delivered,24.18
4228,CUST66,2025-12-04,Cancelled,66.62
4229,CUST670,2025-10-08,Cancelled,98.8
4230,CUST99,2025-07-16,Returned,169.12
4231,CUST85,2026-04-12,Delivered,41.82
4232,CUST803,2025-11-18,Delivered,155.48
4233,CUST450,2025-11-19,Cancelled,59.17
4234,CUST280,2025-12-17,Delivered,96.31
4235,CUST285,2026-04-19,Delivered,25.12
4236,CUST248,2025-07-04,Cancelled,28.8
4237,CUST902,2025-09-05,Returned,135.65
4238,CUST272,2025-05-19,Cancelled,75.46
4239,CUST169,2025-12-22,Delivered,92.6
4240,CUST289,2026-04-05,Returned,136.58
4241,CUST624,2026-02-20,Cancelled,194.83
4242,CUST611,2025-07-03,Returned,45.18
4243,CUST111,2025-05-21,Delivered,193.44
4244,CUST74,2025-08-01,Cancelled,194.87
4245,CUST680,2025-12-25,Delivered,30.98
4246,CUST596,2025-11-23,Cancelled,159.76
4247,CUST702,2025-09-15,Delivered,71.04
4248,CUST611,2026-02-02,Returned,122.56
4249,CUST979,2025-11-24,Cancelled,193.52
4250,CUST772,2025-08-05,Delivered,82.58
4251,CUST922,2025-10-05,Delivered,67.31
4252,CUST559,2025-09-13,Delivered,72.41
4253,CUST297,2025-12-29,Returned,131.77
4254,CUST708,2026-01-19,Returned,97.22
4255,CUST690,2026-03-20,Delivered,115.47
4256,CUST5,2026-02-20,Cancelled,64.67
4257,CUST457,2025-06-27,Delivered,153.28
4258,CUST79,2025-05-26,Returned,151.9
4259,CUST924,2025-07-16,Returned,86.84
4260,CUST599,2025-11-25,Cancelled,67.62
4261,CUST948,2025-08-26,Returned,25.32
4262,CUST667,2025-11-08,Returned,21.15
4263,CUST51,2025-05-20,Cancelled,176.2
4264,CUST195,2025-09-13,Cancelled,134.56
4265,CUST362,2026-04-05,Cancelled,60.43
4266,CUST118,2025-05-16,Delivered,135.34
4267,CUST991,2025-08-19,Cancelled,44.38
4268,CUST662,2026-03-10,Returned,103.81
4269,CUST536,2026-02-17,Delivered,131.64
4270,CUST405,2025-11-02,Returned,106.14
4271,CUST694,2025-09-10,Returned,122.0
4272,CUST170,2026-01-28,Returned,161.07
4273,CUST227,2025-05-19,Returned,20.97
4274,CUST661,2025-12-26,Returned,115.66
4275,CUST710,2026-02-21,Delivered,117.49
4276,CUST154,2026-04-01,Cancelled,163.53
4277,CUST257,2025-08-03,Returned,197.44
4278,CUST107,2026-01-22,Delivered,69.56
4279,CUST375,2025-11-30,Delivered,156.53
4280,CUST759,2025-11-29,Returned,150.85
4281,CUST111,2026-03-27,Delivered,148.11
4282,CUST724,2025-07-29,Delivered,79.02
4283,CUST366,2025-10-29,Delivered,64.55
4284,CUST254,2025-09-19,Returned,174.03
4285,CUST949,2026-03-24,Cancelled,174.37
4286,CUST854,2025-12-18,Delivered,111.57
4287,CUST310,2026-02-06,Returned,190.29
4288,CUST717,2025-08-21,Cancelled,38.05
4289,CUST676,2025-08-08,Delivered,184.07
4290,CUST820,2025-07-10,Cancelled,22.57
4291,CUST677,2026-03-24,Delivered,154.34
4292,CUST278,2025-05-25,Cancelled,78.79
4293,CUST573,2025-10-23,Delivered,27.49
4294,CUST439,2026-03-28,Returned,122.28
4295,CUST457,2026-05-07,Returned,54.26
4296,CUST913,2025-10-11,Cancelled,37.41
4297,CUST665,2025-09-28,Delivered,99.97
4298,CUST703,2026-01-02,Returned,155.36
4299,CUST956,2025-09-12,Returned,50.24
4300,CUST763,2025-06-18,Delivered,25.61
4301,CUST937,2025-06-29,Delivered,160.22
4302,CUST298,2026-01-08,Delivered,31.38
4303,CUST409,2025-11-18,Cancelled,173.89
4304,CUST847,2025-09-11,Cancelled,42.27
4305,CUST205,2026-01-23,Delivered,29.61
4306,CUST28,2025-12-27,Delivered,106.22
4307,CUST562,2025-06-08,Delivered,155.87
4308,CUST677,2025-07-19,Returned,182.94
4309,CUST720,2025-06-25,Returned,178.75
4310,CUST887,2025-06-09,Returned,53.09
4311,CUST411,2025-06-29,Cancelled,101.85
4312,CUST578,2026-04-28,Cancelled,143.08
4313,CUST389,2025-06-28,Cancelled,24.6
4314,CUST914,2025-07-25,Delivered,178.28
4315,CUST476,2025-11-09,Delivered,27.89
4316,CUST168,2025-09-19,Delivered,45.69
4317,CUST258,2026-05-13,Cancelled,40.85
4318,CUST119,2026-05-07,Cancelled,125.01
4319,CUST295,2026-02-25,Delivered,123.3
4320,CUST917,2026-01-16,Cancelled,123.04
4321,CUST623,2025-10-08,Delivered,195.19
4322,CUST6,2025-08-28,Returned,158.06
4323,CUST478,2025-07-09,Returned,90.7
4324,CUST726,2026-02-24,Delivered,198.57
4325,CUST204,2025-11-01,Delivered,160.48
4326,CUST273,2025-09-27,Cancelled,99.46
4327,CUST720,2026-03-22,Cancelled,97.13
4328,CUST284,2025-11-27,Delivered,179.76
4329,CUST757,2026-02-27,Returned,119.81
4330,CUST651,2026-03-17,Cancelled,174.37
4331,CUST989,2026-04-06,Cancelled,101.86
4332,CUST582,2025-05-23,Cancelled,83.3
4333,CUST405,2025-07-10,Delivered,165.2
4334,CUST710,2026-02-12,Returned,52.35
4335,CUST445,2025-07-14,Returned,176.05
4336,CUST446,2026-02-02,Cancelled,183.06
4337,CUST920,2025-05-26,Returned,184.67
4338,CUST326,2026-05-07,Returned,155.6
4339,CUST435,2025-05-18,Delivered,42.5
4340,CUST393,2026-05-11,Cancelled,174.18
4341,CUST762,2025-05-27,Cancelled,57.42
4342,CUST488,2025-10-14,Cancelled,167.56
4343,CUST602,2025-12-28,Delivered,73.73
4344,CUST243,2025-06-20,Delivered,40.69
4345,CUST133,2026-04-03,Cancelled,135.95
4346,CUST525,2025-06-22,Returned,50.34
4347,CUST709,2025-12-02,Returned,90.81
4348,CUST331,2026-02-19,Delivered,131.63
4349,CUST9,2025-07-07,Delivered,170.77
4350,CUST1000,2026-02-05,Delivered,77.71
4351,CUST766,2025-12-12,Cancelled,125.02
4352,CUST25,2026-02-08,Returned,27.49
4353,CUST889,2025-12-02,Delivered,27.76
4354,CUST144,2026-04-26,Cancelled,49.92
4355,CUST932,2026-01-11,Returned,34.07
4356,CUST880,2026-03-06,Cancelled,85.81
4357,CUST907,2026-01-25,Cancelled,65.34
4358,CUST828,2025-06-24,Cancelled,124.77
4359,CUST476,2025-05-17,Returned,101.89
4360,CUST895,2026-04-12,Delivered,177.25
4361,CUST938,2026-02-16,Delivered,23.26
4362,CUST628,2025-12-12,Delivered,171.46
4363,CUST611,2026-03-09,Delivered,44.96
4364,CUST286,2026-01-02,Delivered,67.58
4365,CUST645,2025-11-22,Delivered,53.01
4366,CUST552,2026-04-21,Delivered,153.69
4367,CUST171,2025-10-28,Delivered,121.52
4368,CUST615,2025-07-07,Returned,172.32
4369,CUST411,2025-10-17,Cancelled,55.87
4370,CUST22,2026-04-27,Delivered,32.78
4371,CUST615,2025-07-26,Returned,181.09
4372,CUST610,2026-01-28,Returned,67.49
4373,CUST314,2026-03-23,Delivered,63.7
4374,CUST94,2026-05-14,Returned,160.43
4375,CUST354,2025-09-03,Returned,31.86
4376,CUST836,2026-04-29,Returned,167.28
4377,CUST985,2026-04-12,Returned,135.07
4378,CUST514,2026-05-06,Cancelled,140.74
4379,CUST261,2026-05-15,Cancelled,185.22
4380,CUST109,2026-02-26,Cancelled,22.53
4381,CUST548,2025-12-11,Delivered,30.15
4382,CUST569,2025-11-02,Returned,84.96
4383,CUST710,2025-05-25,Delivered,77.47
4384,CUST890,2025-06-27,Cancelled,115.7
4385,CUST287,2026-03-05,Returned,84.78
4386,CUST780,2025-10-19,Cancelled,133.17
4387,CUST398,2026-02-28,Cancelled,67.6
4388,CUST265,2025-07-13,Cancelled,92.0
4389,CUST969,2025-09-18,Returned,166.69
4390,CUST294,2026-01-28,Cancelled,77.78
4391,CUST104,2025-10-29,Cancelled,67.87
4392,CUST206,2026-02-17,Delivered,170.46
4393,CUST112,2026-04-11,Delivered,41.29
4394,CUST9,2025-08-26,Returned,142.83
4395,CUST997,2025-11-06,Returned,68.92
4396,CUST793,2026-01-31,Delivered,83.8
4397,CUST19,2026-03-09,Cancelled,33.64
4398,CUST481,2025-09-07,Returned,148.78
4399,CUST340,2026-05-02,Delivered,179.66
4400,CUST910,2025-10-18,Delivered,36.6
4401,CUST82,2026-01-04,Cancelled,36.49
4402,CUST357,2025-12-31,Delivered,27.78
4403,CUST430,2026-04-10,Cancelled,136.17
4404,CUST340,2025-11-19,Cancelled,171.04
4405,CUST902,2025-07-17,Cancelled,172.06
4406,CUST876,2025-12-13,Cancelled,83.65
4407,CUST491,2025-10-22,Returned,76.65
4408,CUST764,2026-04-19,Delivered,50.85
4409,CUST107,2026-04-11,Cancelled,60.03
4410,CUST149,2026-01-21,Delivered,162.19
4411,CUST983,2025-12-25,Cancelled,184.13
4412,CUST63,2025-11-03,Delivered,50.68
4413,CUST793,2025-09-21,Cancelled,186.18
4414,CUST978,2025-11-11,Cancelled,24.16
4415,CUST522,2025-12-20,Returned,144.16
4416,CUST220,2026-03-21,Delivered,47.35
4417,CUST792,2025-07-29,Cancelled,181.5
4418,CUST465,2026-01-31,Returned,105.02
4419,CUST451,2026-04-20,Returned,154.61
4420,CUST664,2025-08-31,Returned,34.34
4421,CUST128,2025-07-02,Returned,40.96
4422,CUST251,2025-10-12,Cancelled,192.84
4423,CUST141,2025-11-02,Delivered,112.46
4424,CUST80,2025-09-06,Cancelled,106.19
4425,CUST778,2025-09-22,Returned,184.57
4426,CUST516,2025-11-09,Returned,62.56
4427,CUST493,2026-03-03,Delivered,36.97
4428,CUST234,2025-07-06,Delivered,35.19
4429,CUST857,2025-05-26,Returned,174.25
4430,CUST622,2025-09-04,Delivered,98.75
4431,CUST217,2026-03-18,Returned,174.84
4432,CUST517,2025-10-17,Returned,22.43
4433,CUST760,2025-11-03,Returned,142.08
4434,CUST847,2026-05-13,Returned,163.73
4435,CUST7,2025-06-19,Cancelled,63.52
4436,CUST684,2026-03-06,Delivered,104.71
4437,CUST483,2025-11-12,Returned,112.2
4438,CUST825,2025-06-05,Returned,189.71
4439,CUST194,2025-12-17,Returned,135.33
4440,CUST47,2025-09-08,Returned,198.1
4441,CUST614,2026-04-07,Cancelled,190.57
4442,CUST726,2025-11-20,Cancelled,130.42
4443,CUST567,2025-07-12,Cancelled,83.27
4444,CUST127,2025-12-21,Delivered,72.41
4445,CUST515,2026-03-05,Cancelled,103.96
4446,CUST626,2025-11-04,Returned,167.16
4447,CUST607,2026-02-19,Returned,72.55
4448,CUST541,2025-07-23,Delivered,76.73
4449,CUST541,2025-06-25,Returned,98.99
4450,CUST454,2026-05-12,Cancelled,182.64
4451,CUST259,2025-11-30,Delivered,143.51
4452,CUST552,2025-08-15,Delivered,52.73
4453,CUST120,2026-01-30,Returned,79.06
4454,CUST721,2025-12-18,Cancelled,96.23
4455,CUST219,2025-11-30,Cancelled,180.92
4456,CUST429,2025-12-05,Returned,172.81
4457,CUST615,2025-08-10,Returned,84.14
4458,CUST447,2026-02-08,Cancelled,135.1
4459,CUST259,2025-07-05,Cancelled,49.53
4460,CUST472,2026-04-26,Delivered,66.63
4461,CUST530,2026-03-04,Returned,58.69
4462,CUST400,2025-07-29,Cancelled,60.85
4463,CUST937,2026-03-29,Returned,173.62
4464,CUST203,2026-04-03,Cancelled,27.41
4465,CUST470,2025-10-06,Delivered,26.39
4466,CUST498,2026-01-07,Returned,114.42
4467,CUST531,2026-01-29,Cancelled,116.35
4468,CUST903,2025-11-16,Delivered,119.59
4469,CUST11,2025-10-01,Cancelled,128.84
4470,CUST735,2025-09-21,Returned,199.2
4471,CUST34,2026-01-04,Cancelled,99.54
4472,CUST408,2026-05-09,Cancelled,158.46
4473,CUST19,2026-01-27,Cancelled,196.98
4474,CUST864,2025-07-10,Returned,100.72
4475,CUST373,2026-01-26,Cancelled,171.38
4476,CUST311,2026-01-05,Returned,189.57
4477,CUST708,2025-10-15,Returned,25.97
4478,CUST677,2025-10-14,Delivered,45.63
4479,CUST224,2026-02-26,Cancelled,111.92
4480,CUST316,2025-06-17,Returned,39.78
4481,CUST135,2025-10-01,Cancelled,188.29
4482,CUST492,2025-09-17,Cancelled,73.16
4483,CUST814,2025-06-30,Returned,158.62
4484,CUST899,2026-02-28,Returned,154.41
4485,CUST312,2026-03-24,Cancelled,30.47
4486,CUST660,2025-11-27,Returned,198.01
4487,CUST673,2026-03-20,Delivered,27.24
4488,CUST145,2025-11-28,Cancelled,69.63
4489,CUST43,2025-07-19,Returned,153.42
4490,CUST89,2026-02-06,Returned,84.24
4491,CUST698,2026-05-02,Returned,171.74
4492,CUST188,2026-02-27,Cancelled,103.33
4493,CUST657,2026-01-31,Cancelled,153.8
4494,CUST170,2025-07-09,Returned,179.19
4495,CUST831,2026-04-17,Cancelled,27.0
4496,CUST238,2025-11-23,Cancelled,82.18
4497,CUST263,2025-08-12,Delivered,93.37
4498,CUST75,2025-10-17,Returned,91.04
4499,CUST820,2025-10-05,Cancelled,167.62
4500,CUST186,2025-10-07,Returned,36.15
4501,CUST673,2025-12-01,Returned,117.63
4502,CUST906,2026-03-01,Delivered,66.42
4503,CUST353,2025-09-27,Returned,95.01
4504,CUST150,2026-05-14,Returned,139.9
4505,CUST158,2026-03-09,Delivered,196.75
4506,CUST714,2025-05-18,Delivered,173.72
4507,CUST393,2025-12-18,Returned,106.51
4508,CUST67,2025-11-20,Returned,40.56
4509,CUST966,2025-07-12,Cancelled,125.01
4510,CUST497,2025-10-30,Returned,56.92
4511,CUST325,2025-06-08,Delivered,115.69
4512,CUST517,2026-03-08,Cancelled,139.47
4513,CUST179,2025-12-28,Delivered,176.15
4514,CUST391,2025-06-05,Cancelled,154.06
4515,CUST387,2026-01-18,Delivered,92.52
4516,CUST135,2026-04-08,Cancelled,110.33
4517,CUST644,2025-07-04,Cancelled,82.84
4518,CUST820,2025-08-11,Delivered,132.59
4519,CUST472,2026-03-18,Returned,130.8
4520,CUST626,2026-02-09,Cancelled,93.68
4521,CUST749,2025-06-26,Returned,143.07
4522,CUST162,2025-07-30,Returned,78.46
4523,CUST822,2026-01-14,Returned,40.27
4524,CUST847,2026-03-27,Cancelled,41.8
4525,CUST355,2025-06-14,Delivered,95.58
4526,CUST741,2026-03-12,Cancelled,65.43
4527,CUST264,2025-10-19,Cancelled,50.21
4528,CUST144,2025-09-10,Returned,44.55
4529,CUST114,2026-05-10,Returned,64.62
4530,CUST661,2025-12-27,Delivered,85.11
4531,CUST70,2026-03-29,Delivered,42.25
4532,CUST294,2025-06-11,Delivered,166.08
4533,CUST333,2025-06-12,Cancelled,44.01
4534,CUST89,2026-05-15,Delivered,33.67
4535,CUST714,2025-06-19,Delivered,137.61
4536,CUST809,2026-02-22,Returned,65.67
4537,CUST322,2026-01-12,Returned,138.45
4538,CUST715,2025-07-28,Delivered,38.42
4539,CUST482,2026-03-08,Returned,180.8
4540,CUST57,2026-02-27,Delivered,133.81
4541,CUST712,2025-05-24,Cancelled,99.33
4542,CUST786,2026-05-12,Cancelled,48.31
4543,CUST929,2025-10-25,Cancelled,121.68
4544,CUST999,2026-01-13,Delivered,66.01
4545,CUST619,2025-08-15,Returned,43.8
4546,CUST9,2025-07-09,Delivered,111.51
4547,CUST510,2026-03-22,Cancelled,128.28
4548,CUST647,2025-06-27,Cancelled,36.83
4549,CUST228,2025-07-26,Returned,130.89
4550,CUST857,2025-12-24,Delivered,148.94
4551,CUST221,2026-05-02,Cancelled,33.06
4552,CUST376,2026-04-07,Returned,57.8
4553,CUST490,2026-05-10,Cancelled,20.21
4554,CUST866,2025-08-14,Delivered,173.13
4555,CUST319,2026-04-02,Delivered,53.19
4556,CUST318,2026-03-29,Cancelled,41.58
4557,CUST504,2025-09-28,Cancelled,144.31
4558,CUST948,2026-04-02,Cancelled,113.65
4559,CUST638,2026-02-11,Delivered,71.79
4560,CUST496,2025-08-07,Returned,37.11
4561,CUST597,2025-10-04,Delivered,122.07
4562,CUST24,2026-05-03,Returned,55.31
4563,CUST468,2025-12-04,Returned,105.53
4564,CUST807,2025-12-07,Delivered,59.36
4565,CUST760,2025-05-25,Returned,61.61
4566,CUST1,2025-11-06,Cancelled,146.13
4567,CUST623,2025-07-30,Cancelled,177.36
4568,CUST553,2025-11-14,Cancelled,129.25
4569,CUST87,2025-09-05,Delivered,109.75
4570,CUST777,2025-10-21,Delivered,195.03
4571,CUST521,2026-01-11,Cancelled,166.96
4572,CUST363,2025-09-21,Delivered,82.57
4573,CUST201,2025-08-08,Delivered,22.38
4574,CUST960,2026-02-22,Cancelled,44.6
4575,CUST908,2025-12-12,Returned,155.71
4576,CUST527,2025-06-28,Delivered,148.37
4577,CUST100,2026-05-15,Delivered,79.93
4578,CUST942,2025-08-30,Returned,112.29
4579,CUST424,2025-12-31,Cancelled,61.88
4580,CUST277,2025-09-18,Cancelled,102.77
4581,CUST823,2026-01-19,Returned,170.38
4582,CUST521,2025-06-08,Cancelled,117.95
4583,CUST71,2025-07-07,Cancelled,185.13
4584,CUST608,2026-03-04,Delivered,57.74
4585,CUST561,2025-12-30,Cancelled,188.5
4586,CUST316,2025-06-25,Cancelled,96.86
4587,CUST99,2025-07-02,Cancelled,49.57
4588,CUST79,2026-05-09,Returned,192.37
4589,CUST649,2025-07-16,Delivered,118.04
4590,CUST926,2025-10-21,Cancelled,119.79
4591,CUST139,2026-01-09,Cancelled,91.2
4592,CUST384,2025-09-15,Returned,121.27
4593,CUST958,2026-04-03,Returned,80.91
4594,CUST811,2025-10-20,Returned,91.14
4595,CUST210,2025-07-11,Delivered,84.2
4596,CUST216,2026-03-15,Returned,186.89
4597,CUST804,2025-11-15,Cancelled,112.46
4598,CUST493,2025-10-08,Returned,147.61
4599,CUST176,2025-10-02,Delivered,69.11
4600,CUST963,2025-06-01,Delivered,64.23
4601,CUST844,2026-02-19,Returned,154.59
4602,CUST102,2025-09-08,Cancelled,47.37
4603,CUST777,2026-04-19,Returned,96.52
4604,CUST347,2026-05-14,Cancelled,62.36
4605,CUST252,2025-06-09,Cancelled,60.45
4606,CUST971,2025-09-19,Returned,24.38
4607,CUST417,2026-02-16,Delivered,167.66
4608,CUST755,2025-12-01,Returned,105.39
4609,CUST218,2025-09-25,Cancelled,28.91
4610,CUST638,2026-03-15,Delivered,86.43
4611,CUST440,2025-06-12,Cancelled,52.77
4612,CUST722,2025-12-24,Delivered,78.08
4613,CUST868,2025-07-12,Delivered,99.12
4614,CUST791,2025-07-29,Cancelled,140.07
4615,CUST835,2025-12-20,Delivered,140.35
4616,CUST706,2025-09-09,Cancelled,125.12
4617,CUST191,2026-02-21,Returned,190.2
4618,CUST384,2026-01-07,Cancelled,37.51
4619,CUST20,2026-05-05,Returned,62.29
4620,CUST156,2026-01-07,Delivered,67.55
4621,CUST669,2025-09-28,Returned,157.66
4622,CUST162,2026-04-24,Delivered,69.26
4623,CUST771,2025-10-19,Cancelled,33.01
4624,CUST16,2025-08-27,Returned,192.36
4625,CUST264,2025-11-08,Cancelled,20.12
4626,CUST183,2025-06-16,Returned,49.08
4627,CUST401,2025-11-10,Cancelled,57.61
4628,CUST356,2025-10-20,Cancelled,198.53
4629,CUST729,2026-02-11,Delivered,197.08
4630,CUST227,2025-09-04,Returned,154.62
4631,CUST669,2025-08-19,Delivered,151.65
4632,CUST34,2025-06-14,Returned,84.0
4633,CUST389,2025-10-13,Returned,193.17
4634,CUST417,2025-12-12,Returned,51.16
4635,CUST264,2025-08-11,Delivered,55.46
4636,CUST675,2025-07-06,Delivered,129.13
4637,CUST300,2025-09-14,Delivered,50.46
4638,CUST789,2026-01-11,Cancelled,180.93
4639,CUST568,2025-07-07,Returned,111.67
4640,CUST720,2026-02-13,Delivered,125.78
4641,CUST713,2025-10-06,Delivered,187.02
4642,CUST246,2025-07-05,Cancelled,155.58
4643,CUST963,2025-07-02,Cancelled,60.04
4644,CUST923,2025-09-06,Returned,97.33
4645,CUST408,2025-10-11,Cancelled,75.02
4646,CUST343,2025-09-16,Cancelled,73.59
4647,CUST119,2026-04-14,Delivered,152.98
4648,CUST267,2025-07-24,Returned,34.06
4649,CUST254,2025-12-27,Delivered,79.9
4650,CUST455,2026-01-20,Cancelled,132.11
4651,CUST764,2025-12-07,Returned,71.24
4652,CUST347,2026-05-04,Returned,109.63
4653,CUST856,2025-12-30,Returned,48.61
4654,CUST699,2025-12-13,Returned,130.47
4655,CUST529,2025-09-27,Cancelled,96.49
4656,CUST375,2026-01-14,Cancelled,134.88
4657,CUST888,2026-03-25,Delivered,185.83
4658,CUST359,2025-05-17,Delivered,64.95
4659,CUST89,2026-05-01,Returned,168.78
4660,CUST877,2025-08-02,Returned,151.6
4661,CUST752,2026-02-17,Delivered,188.47
4662,CUST727,2026-04-01,Returned,160.56
4663,CUST555,2026-03-01,Delivered,120.73
4664,CUST768,2025-10-28,Cancelled,173.74
4665,CUST184,2025-05-31,Delivered,71.03
4666,CUST709,2025-06-18,Delivered,90.23
4667,CUST791,2026-02-23,Returned,80.03
4668,CUST215,2025-05-17,Delivered,138.5
4669,CUST951,2025-06-30,Cancelled,134.18
4670,CUST877,2025-09-05,Delivered,133.64
4671,CUST743,2025-12-17,Delivered,56.56
4672,CUST649,2025-11-16,Delivered,74.9
4673,CUST859,2025-05-20,Returned,120.73
4674,CUST242,2026-01-05,Delivered,147.33
4675,CUST161,2026-02-15,Cancelled,130.11
4676,CUST786,2025-06-24,Returned,164.67
4677,CUST112,2025-12-24,Returned,147.13
4678,CUST747,2026-05-12,Cancelled,117.59
4679,CUST604,2025-07-02,Delivered,136.26
4680,CUST539,2025-09-21,Delivered,132.69
4681,CUST146,2025-09-11,Cancelled,109.9
4682,CUST851,2026-03-26,Returned,136.05
4683,CUST15,2025-10-27,Cancelled,139.53
4684,CUST311,2025-11-23,Returned,79.03
4685,CUST518,2026-02-23,Delivered,53.49
4686,CUST298,2025-11-13,Returned,49.5
4687,CUST410,2026-04-22,Delivered,109.49
4688,CUST895,2025-12-30,Returned,118.51
4689,CUST740,2025-10-29,Cancelled,192.84
4690,CUST586,2025-07-25,Cancelled,111.24
4691,CUST211,2025-12-03,Cancelled,181.3
4692,CUST948,2025-08-17,Delivered,23.55
4693,CUST881,2025-08-28,Cancelled,197.71
4694,CUST313,2025-08-23,Cancelled,114.04
4695,CUST885,2025-10-29,Delivered,182.56
4696,CUST194,2026-02-03,Delivered,148.64
4697,CUST608,2026-02-20,Delivered,126.43
4698,CUST863,2025-09-08,Cancelled,121.51
4699,CUST796,2025-12-17,Delivered,77.16
4700,CUST651,2025-11-28,Delivered,127.98
4701,CUST720,2025-07-15,Delivered,28.98
4702,CUST411,2025-09-06,Delivered,97.73
4703,CUST348,2026-03-08,Cancelled,143.64
4704,CUST942,2026-02-16,Delivered,117.12
4705,CUST16,2026-02-01,Delivered,195.63
4706,CUST82,2026-03-15,Returned,139.69
4707,CUST341,2026-02-15,Delivered,22.03
4708,CUST82,2026-04-29,Returned,43.33
4709,CUST778,2026-05-15,Delivered,41.38
4710,CUST106,2026-04-22,Returned,140.76
4711,CUST899,2025-11-30,Delivered,99.72
4712,CUST931,2026-02-15,Returned,98.26
4713,CUST787,2026-04-20,Delivered,76.94
4714,CUST550,2026-05-01,Returned,66.98
4715,CUST367,2026-02-18,Delivered,125.95
4716,CUST582,2025-08-03,Cancelled,128.39
4717,CUST537,2025-06-11,Delivered,174.28
4718,CUST578,2025-08-13,Cancelled,173.24
4719,CUST34,2025-08-28,Cancelled,192.5
4720,CUST293,2026-03-03,Cancelled,25.68
4721,CUST644,2025-10-28,Cancelled,110.55
4722,CUST187,2025-10-05,Cancelled,147.18
4723,CUST377,2025-12-27,Cancelled,31.2
4724,CUST5,2025-11-01,Cancelled,39.07
4725,CUST43,2026-01-16,Cancelled,86.31
4726,CUST921,2026-01-06,Returned,113.78
4727,CUST553,2026-05-12,Delivered,47.51
4728,CUST83,2025-08-31,Returned,184.87
4729,CUST931,2026-04-26,Delivered,111.64
4730,CUST940,2026-02-22,Delivered,183.75
4731,CUST373,2026-02-07,Cancelled,185.9
4732,CUST739,2025-08-01,Returned,159.09
4733,CUST270,2025-12-01,Cancelled,55.08
4734,CUST252,2026-04-05,Cancelled,43.11
4735,CUST380,2026-01-16,Delivered,110.45
4736,CUST841,2026-03-23,Returned,64.85
4737,CUST110,2025-06-08,Delivered,151.27
4738,CUST601,2026-04-04,Returned,107.54
4739,CUST208,2026-02-01,Returned,87.37
4740,CUST171,2026-05-15,Delivered,76.04
4741,CUST26,2026-04-14,Delivered,47.09
4742,CUST606,2025-07-23,Returned,29.76
4743,CUST81,2025-07-07,Returned,112.47
4744,CUST538,2025-10-11,Returned,40.77
4745,CUST897,2025-08-02,Cancelled,142.43
4746,CUST169,2026-04-15,Returned,99.47
4747,CUST204,2025-07-14,Delivered,31.03
4748,CUST548,2026-03-14,Delivered,177.83
4749,CUST69,2025-12-26,Delivered,198.37
4750,CUST222,2025-05-26,Cancelled,129.13
4751,CUST375,2025-10-03,Delivered,116.54
4752,CUST584,2026-03-22,Returned,160.65
4753,CUST429,2026-03-21,Delivered,189.21
4754,CUST114,2026-04-20,Cancelled,160.1
4755,CUST31,2025-09-20,Returned,61.26
4756,CUST284,2025-08-03,Delivered,187.4
4757,CUST826,2025-07-11,Cancelled,192.44
4758,CUST474,2025-05-31,Delivered,150.0
4759,CUST625,2026-03-24,Cancelled,45.64
4760,CUST949,2025-11-18,Returned,31.21
4761,CUST629,2025-10-18,Delivered,150.19
4762,CUST642,2026-04-10,Cancelled,184.5
4763,CUST678,2025-11-20,Returned,108.38
4764,CUST719,2025-09-21,Cancelled,72.34
4765,CUST846,2025-06-20,Cancelled,135.99
4766,CUST266,2025-11-03,Returned,180.84
4767,CUST28,2026-04-10,Returned,88.9
4768,CUST608,2025-08-23,Cancelled,171.12
4769,CUST441,2025-05-16,Returned,22.28
4770,CUST979,2026-03-17,Returned,187.43
4771,CUST900,2025-12-23,Delivered,193.69
4772,CUST263,2025-06-29,Cancelled,22.44
4773,CUST334,2025-07-04,Cancelled,155.16
4774,CUST149,2025-07-03,Cancelled,50.79
4775,CUST570,2025-11-19,Delivered,25.67
4776,CUST893,2026-04-08,Delivered,66.78
4777,CUST578,2025-05-15,Returned,38.84
4778,CUST657,2025-09-15,Cancelled,114.73
4779,CUST341,2025-08-05,Cancelled,169.95
4780,CUST945,2026-04-12,Returned,104.66
4781,CUST344,2025-05-31,Cancelled,41.1
4782,CUST847,2026-02-16,Cancelled,149.79
4783,CUST651,2026-02-05,Delivered,153.76
4784,CUST760,2026-01-01,Returned,160.92
4785,CUST393,2025-05-17,Cancelled,126.14
4786,CUST246,2025-07-07,Delivered,199.76
4787,CUST67,2025-10-09,Cancelled,57.55
4788,CUST14,2025-11-12,Delivered,136.46
4789,CUST225,2025-09-14,Delivered,60.02
4790,CUST991,2025-07-09,Cancelled,91.39
4791,CUST542,2026-02-04,Cancelled,105.54
4792,CUST683,2025-10-28,Cancelled,83.63
4793,CUST418,2026-04-16,Delivered,172.72
4794,CUST976,2026-03-20,Returned,76.63
4795,CUST100,2026-05-09,Delivered,71.07
4796,CUST979,2025-06-06,Returned,150.29
4797,CUST687,2025-11-19,Delivered,73.35
4798,CUST818,2025-06-12,Cancelled,85.31
4799,CUST508,2025-07-23,Returned,84.97
4800,CUST431,2025-08-18,Cancelled,90.14
4801,CUST818,2025-06-07,Cancelled,100.47
4802,CUST75,2026-03-20,Cancelled,55.36
4803,CUST908,2025-06-04,Returned,84.32
4804,CUST858,2025-08-17,Cancelled,188.73
4805,CUST897,2025-07-02,Returned,134.04
4806,CUST237,2025-11-26,Cancelled,78.85
4807,CUST866,2025-09-01,Cancelled,197.48
4808,CUST928,2025-08-27,Cancelled,97.13
4809,CUST436,2026-04-21,Delivered,157.54
4810,CUST529,2025-05-28,Delivered,100.85
4811,CUST119,2026-03-03,Delivered,56.75
4812,CUST462,2025-11-08,Cancelled,176.81
4813,CUST947,2025-06-21,Delivered,138.92
4814,CUST573,2025-06-16,Returned,129.71
4815,CUST794,2025-08-10,Delivered,76.55
4816,CUST718,2025-12-06,Delivered,127.04
4817,CUST713,2026-01-31,Returned,141.38
4818,CUST807,2025-07-10,Cancelled,181.07
4819,CUST343,2025-07-24,Returned,46.71
4820,CUST16,2025-09-05,Delivered,178.49
4821,CUST356,2026-04-15,Delivered,60.36
4822,CUST279,2025-11-22,Returned,154.13
4823,CUST613,2026-04-28,Delivered,154.91
4824,CUST236,2025-11-30,Delivered,145.15
4825,CUST969,2026-01-17,Delivered,28.18
4826,CUST627,2025-12-18,Returned,92.87
4827,CUST500,2025-08-29,Returned,196.92
4828,CUST861,2025-10-10,Returned,193.34
4829,CUST685,2025-05-24,Cancelled,78.73
4830,CUST389,2025-08-07,Delivered,166.96
4831,CUST855,2026-02-13,Delivered,164.41
4832,CUST432,2025-12-28,Returned,144.72
4833,CUST907,2025-06-01,Delivered,27.92
4834,CUST973,2025-08-11,Delivered,147.25
4835,CUST25,2025-12-18,Delivered,110.63
4836,CUST215,2025-12-22,Delivered,62.78
4837,CUST956,2025-10-28,Returned,46.05
4838,CUST857,2026-02-17,Returned,83.72
4839,CUST605,2025-09-13,Returned,114.03
4840,CUST316,2026-04-01,Cancelled,80.8
4841,CUST146,2026-01-07,Cancelled,165.28
4842,CUST749,2025-05-30,Delivered,149.79
4843,CUST851,2025-09-15,Cancelled,143.71
4844,CUST701,2026-03-19,Delivered,103.1
4845,CUST318,2025-09-07,Returned,30.87
4846,CUST746,2026-02-17,Delivered,55.66
4847,CUST406,2025-11-11,Cancelled,185.73
4848,CUST334,2025-08-08,Returned,70.65
4849,CUST196,2026-05-09,Delivered,189.22
4850,CUST821,2025-10-05,Cancelled,163.6
4851,CUST891,2026-02-18,Cancelled,94.61
4852,CUST156,2025-05-17,Delivered,59.38
4853,CUST111,2025-12-11,Delivered,129.12
4854,CUST37,2025-11-25,Delivered,108.96
4855,CUST497,2025-09-26,Returned,52.11
4856,CUST830,2025-10-14,Delivered,112.2
4857,CUST527,2025-07-05,Cancelled,183.22
4858,CUST729,2026-01-24,Delivered,68.1
4859,CUST155,2025-10-06,Cancelled,43.01
4860,CUST284,2025-11-17,Cancelled,159.55
4861,CUST17,2026-04-12,Cancelled,33.72
4862,CUST827,2026-01-23,Cancelled,172.85
4863,CUST801,2026-01-06,Delivered,97.28
4864,CUST497,2026-02-24,Cancelled,62.48
4865,CUST392,2025-06-21,Delivered,47.93
4866,CUST273,2025-08-05,Returned,176.93
4867,CUST357,2026-04-23,Cancelled,179.53
4868,CUST401,2026-04-16,Cancelled,66.11
4869,CUST240,2026-04-10,Delivered,21.57
4870,CUST260,2025-10-23,Delivered,187.67
4871,CUST504,2026-03-25,Returned,132.05
4872,CUST864,2025-06-10,Cancelled,143.1
4873,CUST915,2026-03-21,Returned,108.39
4874,CUST938,2025-12-11,Returned,96.38
4875,CUST375,2025-11-10,Returned,199.54
4876,CUST704,2026-01-14,Returned,117.23
4877,CUST901,2026-02-19,Returned,20.78
4878,CUST527,2025-07-22,Cancelled,176.56
4879,CUST141,2026-04-12,Cancelled,63.34
4880,CUST724,2025-05-25,Cancelled,94.74
4881,CUST435,2025-09-25,Delivered,173.64
4882,CUST507,2025-07-01,Delivered,63.1
4883,CUST144,2026-02-01,Cancelled,86.4
4884,CUST552,2025-06-04,Cancelled,84.86
4885,CUST455,2025-09-10,Returned,186.86
4886,CUST509,2026-02-28,Delivered,184.53
4887,CUST69,2026-04-09,Returned,122.34
4888,CUST409,2025-11-05,Cancelled,95.86
4889,CUST827,2025-11-05,Cancelled,185.95
4890,CUST231,2025-08-19,Delivered,107.25
4891,CUST367,2025-07-13,Delivered,139.61
4892,CUST601,2025-07-30,Cancelled,96.88
4893,CUST972,2025-05-22,Cancelled,86.89
4894,CUST579,2026-04-23,Delivered,91.51
4895,CUST460,2025-12-26,Cancelled,155.76
4896,CUST389,2026-04-23,Returned,71.49
4897,CUST627,2026-02-26,Delivered,186.4
4898,CUST65,2026-02-04,Delivered,103.84
4899,CUST205,2026-01-06,Returned,60.33
4900,CUST472,2025-11-27,Delivered,121.55
4901,CUST841,2025-12-04,Cancelled,111.66
4902,CUST367,2025-09-01,Delivered,137.71
4903,CUST523,2025-07-24,Cancelled,55.97
4904,CUST345,2025-06-20,Delivered,73.98
4905,CUST270,2025-09-10,Delivered,33.33
4906,CUST77,2025-11-27,Cancelled,185.3
4907,CUST739,2026-05-13,Cancelled,122.6
4908,CUST251,2026-03-26,Returned,90.07
4909,CUST521,2025-07-27,Cancelled,111.98
4910,CUST887,2026-02-05,Delivered,132.18
4911,CUST314,2025-10-29,Cancelled,37.95
4912,CUST911,2026-04-07,Delivered,115.46
4913,CUST199,2025-12-15,Delivered,28.51
4914,CUST618,2025-11-12,Returned,71.38
4915,CUST662,2025-08-22,Delivered,67.91
4916,CUST188,2026-01-10,Cancelled,148.99
4917,CUST83,2026-04-24,Returned,128.52
4918,CUST131,2025-10-09,Delivered,57.17
4919,CUST650,2025-10-09,Delivered,31.45
4920,CUST39,2026-04-14,Delivered,187.1
4921,CUST148,2025-06-28,Delivered,84.52
4922,CUST518,2026-03-23,Cancelled,158.29
4923,CUST209,2025-05-22,Delivered,118.3
4924,CUST727,2026-01-23,Delivered,67.43
4925,CUST844,2025-12-05,Returned,197.93
4926,CUST347,2026-04-23,Returned,186.64
4927,CUST703,2025-11-03,Delivered,99.75
4928,CUST408,2025-06-15,Cancelled,117.85
4929,CUST852,2025-05-16,Cancelled,52.49
4930,CUST835,2025-06-26,Delivered,85.72
4931,CUST449,2025-08-08,Cancelled,71.65
4932,CUST427,2025-07-05,Delivered,58.95
4933,CUST156,2025-09-26,Delivered,74.68
4934,CUST123,2025-06-11,Delivered,63.61
4935,CUST354,2025-08-26,Cancelled,175.96
4936,CUST150,2026-02-22,Delivered,82.96
4937,CUST191,2026-02-22,Returned,76.57
4938,CUST905,2025-07-10,Cancelled,117.91
4939,CUST931,2025-08-19,Cancelled,107.26
4940,CUST654,2025-07-18,Cancelled,135.11
4941,CUST983,2025-12-19,Delivered,111.13
4942,CUST48,2025-06-21,Returned,196.91
4943,CUST185,2026-03-22,Delivered,152.3
4944,CUST800,2025-08-19,Cancelled,74.48
4945,CUST764,2025-06-08,Delivered,35.91
4946,CUST4,2026-01-23,Returned,100.88
4947,CUST766,2025-09-20,Delivered,70.07
4948,CUST406,2025-09-17,Cancelled,90.09
4949,CUST885,2025-11-25,Cancelled,160.96
4950,CUST507,2025-07-03,Cancelled,58.98
4951,CUST428,2026-02-22,Cancelled,178.26
4952,CUST465,2025-12-26,Delivered,126.74
4953,CUST433,2025-09-29,Delivered,184.84
4954,CUST419,2026-05-10,Returned,22.99
4955,CUST835,2025-10-22,Cancelled,84.29
4956,CUST454,2026-04-13,Cancelled,30.91
4957,CUST305,2025-06-05,Cancelled,92.46
4958,CUST413,2025-09-15,Delivered,37.62
4959,CUST118,2025-11-26,Cancelled,129.93
4960,CUST434,2026-03-24,Delivered,55.46
4961,CUST322,2026-03-29,Delivered,89.69
4962,CUST977,2025-11-22,Returned,58.64
4963,CUST750,2026-02-17,Cancelled,190.83
4964,CUST400,2025-11-01,Returned,178.71
4965,CUST856,2026-05-13,Cancelled,196.91
4966,CUST832,2025-09-05,Cancelled,91.38
4967,CUST852,2026-05-11,Delivered,98.62
4968,CUST861,2025-08-01,Cancelled,106.59
4969,CUST407,2025-06-02,Delivered,93.79
4970,CUST412,2025-11-25,Delivered,24.71
4971,CUST688,2025-12-26,Delivered,167.13
4972,CUST355,2026-01-30,Cancelled,54.13
4973,CUST660,2026-01-04,Delivered,105.67
4974,CUST479,2025-06-27,Cancelled,192.47
4975,CUST278,2026-04-30,Returned,28.37
4976,CUST928,2025-12-07,Returned,112.53
4977,CUST97,2026-01-10,Cancelled,178.64
4978,CUST3,2026-01-30,Returned,107.38
4979,CUST938,2025-06-18,Cancelled,111.56
4980,CUST191,2025-08-27,Delivered,72.21
4981,CUST310,2025-07-08,Delivered,78.72
4982,CUST755,2026-04-06,Cancelled,78.3
4983,CUST905,2026-03-27,Cancelled,150.75
4984,CUST860,2025-12-19,Cancelled,162.3
4985,CUST574,2025-07-13,Cancelled,74.96
4986,CUST532,2025-09-27,Delivered,90.0
4987,CUST56,2026-03-10,Cancelled,152.44
4988,CUST532,2026-03-13,Delivered,82.92
4989,CUST364,2025-08-13,Returned,197.66
4990,CUST530,2026-03-13,Delivered,186.61
4991,CUST568,2025-12-21,Delivered,162.35
4992,CUST299,2026-04-20,Returned,75.89
4993,CUST44,2026-03-15,Returned,117.54
4994,CUST197,2025-09-01,Cancelled,180.41
4995,CUST146,2025-07-19,Delivered,189.65
4996,CUST895,2026-04-05,Cancelled,173.88
4997,CUST375,2026-04-03,Returned,164.02
4998,CUST559,2025-11-18,Returned,160.88
4999,CUST930,2025-12-12,Delivered,199.85
5000,CUST125,2025-11-08,Delivered,116.74
